tree
version=v4
num_class=1
num_tree_per_iteration=1
label_index=0
max_feature_idx=14
objective=binary sigmoid:1
feature_names=Column_0 Column_1 Column_2 Column_3 Column_4 Column_5 Column_6 Column_7 Column_8 Column_9 Column_10 Column_11 Column_12 Column_13 Column_14
feature_infos=[0:120.15454354349698] [0:0.79905939102172852] [0:3] [0:1.7400000000000002] none [0:0.80000000000000004] [0:1] [0:0.69999999999999996] none [0:0.89999999999999991] [0:0.85000000000000009] [0:0.5625] [0:6.7106677242997579] [1:102] [2:2126]
tree_sizes=3328 3345 3352 3352 3353 3343 3363 3349 3369 3356 3370 3375 3377 3400 3395 3378 3367 3390 3402 3400 3410 3380 3404 3391 3380 3384 3406 3388 3401 3395 3420 3394 3389 3410 3403 3395 3394 3404 3394 3393 3410 3417 3407 3404 3401 3399 3395 3401 3395 3420 3402 3412 3414 3399 3407 3406 3391 3386 3388 3405 3403 3416 3431 3416 3405 3400 3396 3409 3403 3405 3413 3400 3405 3394 3399 3397 3406 3415 3405 3419 3415 3409 3424 3420 3428 3426 3392 3401 3397 3398 3427 3422 3422 3420 3396 3422 3427 3431 3426 3428 3407 3415 3414 3410 3424 3416 3411 3439 3441 3401 3425 3396 3401 3406 3400 3389 3403 3407 3407 3406 3419 3393 3443 3429 3432 3413 3384 3403 3409 3396 3404 3420 3409 3409 3416 3423 3425 3417 3434 3451 3453 3416 3416 3434 3425 3427 3446 3441 3436 3436 3415 3410 3405 3418 3417 3424 3417 3412 3433 3429 3415 3415 3429 3420 3438 3432 3393 3418 3420 3417 3409 3429 3426 3406 3429 3406 3423 3417 3419 3425 3424 3415 3437 3437 3424 3400 3415 3410 3424 3409 3434 3416 3425 3458 3435 3438 3422 3423 3428 3429

Tree=0
num_leaves=31
num_cat=0
split_feature=13 14 12 12 2 3 5 1 1 14 13 6 14 3 12 3 12 12 1 12 3 13 12 13 14 14 14 12 12 3
split_gain=29692.1 8830.93 5215.49 6653.35 5073.77 3710.14 3442.05 3144.81 3116.46 3377.57 3318.86 2995.54 2589.2 2279.86 2273.16 1679.78 2441.75 1549.41 1448.54 1681.25 1424.15 3281.68 2528.68 1178.87 2608.31 1295.71 1027.61 1014.43 1131.19 983.823
threshold=5.5000000000000009 50.500000000000007 0.88079119342587353 0.88609846275665027 2.2500000000000004 0.09651515151515154 1.0000000180025095e-35 0.41865955293178564 0.23934493958950046 21.500000000000004 1.5000000000000002 0.3000000000000001 39.500000000000007 0.061602564102564115 2.2653345859208631 1.0000000180025095e-35 1.6289067424297814 0.88079119342587353 0.66147994995117199 0.94417647524796544 0.28040540540540548 3.5000000000000004 3.4230000000000005 40.500000000000007 22.500000000000004 19.500000000000004 7.5000000000000009 0.94417647524796544 0.93778201029957164 0.054545454545454557
decision_type=2 2 2 2 2 2 2 2 2 2 2 2 2 2 2 2 2 2 2 2 2 2 2 2 2 2 2 2 2 2
left_child=1 2 -1 -4 6 17 8 -7 10 20 11 13 23 26 -15 16 -12 -3 19 -11 21 22 29 25 -25 -2 -5 28 -17 -10
right_child=12 5 3 4 -6 7 -8 -9 9 18 15 -13 -14 14 -16 27 -18 -19 -20 -21 -22 -23 -24 24 -26 -27 -28 -29 -30 -31
leaf_value=-3.9659536245750653 -1.9742704013402381 -3.9659536245750648 -1.6363460391869897 -2.767566521203785 -1.8780571335692171 -3.9659536245750653 -3.9659536245750653 -2.3133274311965115 -1.8167966287706321 -2.0465670982768946 -2.1695817818389629 -3.9659536245750653 -1.5270001022574262 -3.9659536245750653 -1.8570172197095798 -3.9659536245750648 -3.9659536245750653 -1.7237047352292003 -1.8945891936533323 -3.9659536245750653 -1.9927944574582934 -3.9659536245750653 -3.9659536245750653 -3.9659536245750653 -1.5724007511167795 -3.0770444088744329 -3.9659536245750653 -3.8812465085387791 -1.5941023620367223 -2.6685068398464344
leaf_weight=18.958405327051878 47.838477797806263 0.80510922521353379 7.534063719213008 4.1845319643616739 7.2053703255951396 4.6389626786112768 14.511135321110485 7.5859398208558559 8.1666495390236467 1.306326024234292 4.1873478144407263 5.0990250930190077 29.813193183392286 1.476033579558133 9.5113140977919084 0.95846336334944049 3.4504681080579758 17.891641426831484 1.2104796878993518 9.0095556154847127 8.8950816951692087 4.3705929368734351 2.2811428047716609 2.4920047447085372 2.0950818322598934 2.8206981383264056 3.1245905645191669 29.600164510309696 1.0571255497634411 5.7975662648677817
leaf_count=989 628 42 49 120 81 242 757 150 82 19 71 266 130 77 103 50 180 147 14 470 120 228 119 130 11 98 163 1495 6 155
internal_value=-2.67426 -3.03333 -3.19012 -3.07948 -3.16618 -2.26313 -3.24471 -2.94045 -3.14377 -2.80507 -3.36562 -2.89423 -1.90252 -2.59556 -2.14033 -3.64658 -2.98111 -1.82026 -3.53089 -3.7229 -2.52158 -2.74974 -2.42253 -2.10517 -2.87273 -2.03567 -3.27987 -3.80734 -2.72198 -2.1704
internal_weight=267.877 182.817 151.895 132.937 125.403 30.9217 118.198 12.2249 103.686 41.0374 62.6491 23.3955 85.0595 18.2965 10.9873 39.2536 7.63782 18.6968 11.5264 10.3159 29.511 20.616 16.2454 55.2463 4.58709 50.6592 7.30912 31.6158 2.01559 13.9642
internal_count=7192 6195 5614 4625 4576 581 4495 392 3738 1207 2531 729 997 463 180 1802 251 189 503 489 704 584 356 867 141 726 283 1551 56 237
is_linear=0
shrinkage=1


Tree=1
num_leaves=31
num_cat=0
split_feature=10 1 13 12 14 7 2 13 13 1 1 14 12 12 12 6 13 14 5 12 13 1 14 14 12 1 12 1 14 14
split_gain=289.656 297.829 266.466 566.725 394.388 262.319 219.609 463.54 182.977 502.091 1653.67 168.509 162.774 323.525 399.125 205.373 192.869 184.486 154.257 134.517 121.494 236.91 351.391 121.443 106.257 214.338 95.4427 140.2 86.2082 131.722
threshold=0.27500000000000008 0.41190794110298162 5.5000000000000009 0.88079119342587353 2.5000000000000004 1.0000000180025095e-35 1.0000000180025095e-35 6.5000000000000009 3.5000000000000004 0.091744329780340209 0.090475406497716918 86.500000000000014 1.8592399146080612 4.6853219471441836 3.4654884253890437 0.55000000000000016 4.5000000000000009 120.50000000000001 1.0000000180025095e-35 1.5126576166751728 1.5000000000000002 0.34568002820014959 57.500000000000007 10.500000000000002 1.1836087162752891 0.25384919345378881 1.7990871646976954 0.31689214706420904 110.50000000000001 30.500000000000004
decision_type=2 2 2 2 2 2 2 2 2 2 2 2 2 2 2 2 2 2 2 2 2 2 2 2 2 2 2 2 2 2
left_child=1 2 3 -1 8 12 7 -2 -5 10 -10 -3 16 14 15 18 19 -18 20 24 -14 22 -22 26 -6 -26 27 -21 29 -9
right_child=6 11 -4 4 5 -7 -8 28 9 -11 -12 -13 13 -15 -16 -17 17 -19 -20 23 21 -23 -24 -25 25 -27 -28 -29 -30 -31
leaf_value=-0.050947494634285932 -0.053568765510065376 0.32318564612387141 0.28531996199243442 -0.052795144828768285 0.2892703626481356 -0.053812764050892838 0.2917904867888047 0.2499120837723087 -0.053201029690368808 -0.055589948117100774 2.3773788714937245 0.51516909631697672 0.28485916264810368 0.34757038273068369 -0.054754589204568174 -0.054450618076146901 -0.053185306567109819 0.30151264194942962 -0.052279842632305132 0.36119535600623054 -0.052515591509274054 0.33503012578518854 0.24219454362808324 0.29112100075428549 -0.053385567083844766 0.35328336122854187 0.68380580952227021 0.70934198154906813 0.26871584585044139 -0.060519918980887259
leaf_weight=17.174818458035588 23.379132686182857 85.609894007444382 437.72880462184548 15.992699872702362 122.4799277856946 6.8446069955825797 28.632527567446232 8.0920065268874151 2.1716594249010068 5.5678618773818016 1.0325046330690386 13.190832197666166 73.193359842523932 43.37386023439467 14.68970608897507 6.5703425649553528 7.7501646261662227 6.9564820528030396 4.6252979468554249 24.072335509583361 16.995838405564427 19.165895212441683 24.98062264919281 28.731756512075663 6.8518116939812881 6.1467831954360008 3.4028045963495961 3.2865825165063134 30.431234076619148 5.9150220416486254
leaf_count=941 720 271 894 591 282 241 88 15 88 139 3 12 259 171 392 180 285 5 211 164 676 47 47 104 241 47 18 5 11 44
internal_value=0.258421 0.266413 0.257364 0.230881 0.241761 0.253191 0.175676 0.126653 0.0478611 0.231372 0.730025 0.348817 0.258275 0.226431 0.193637 0.218709 0.289196 0.114593 0.231624 0.302366 0.2414 0.189374 0.122869 0.365038 0.274845 0.13892 0.434078 0.403018 0.221468 0.11882
internal_weight=1095.04 998.587 899.787 462.058 444.883 420.118 96.4499 67.8174 24.7647 8.77203 3.20416 98.8007 413.274 203.595 160.221 145.531 209.679 14.7066 138.961 194.972 134.336 61.1424 41.9765 59.4935 135.479 12.9986 30.7617 27.3589 44.4383 14.007
internal_count=7192 6314 6031 5137 4196 3375 878 790 821 230 91 283 3134 1983 1812 1420 1151 290 1240 861 1029 770 723 291 570 288 187 169 70 59
is_linear=0
shrinkage=0.05


Tree=2
num_leaves=31
num_cat=0
split_feature=2 10 14 12 3 3 12 12 1 12 14 1 1 1 12 12 1 14 9 3 14 12 12 12 3 3 3 1 3 3
split_gain=175.7 187.034 202.438 144.07 136.785 133.028 151.217 129.653 123.38 101.683 250.963 199.621 111.764 112.321 100.974 215.112 234.879 168.793 158.826 95.7608 204.569 156.009 65.628 191.852 104.629 104.495 64.4372 259.804 60.3588 110.359
threshold=2.2500000000000004 0.27500000000000008 5.5000000000000009 4.9695392937802128 0.16015151515151518 0.28040540540540548 1.5126576166751728 1.5257085928350347 0.0043633040040731439 1.0000000180025095e-35 2.5000000000000004 0.1479025483131409 0.091744329780340209 0.090475406497716918 4.6853219471441836 2.8570268642970738 0.40255182981491094 6.5000000000000009 1.0000000180025095e-35 0.16461352657004835 110.50000000000001 1.0000000180025095e-35 1.7990871646976954 1.8592399146080612 0.13989130434782612 0.14990740740740746 1.0850000000000002 0.097205407917499556 0.38025229357798168 0.53865384615384626
decision_type=2 2 2 2 2 2 2 2 2 2 2 2 2 2 2 2 2 2 2 2 2 2 2 2 2 2 2 2 2 2
left_child=1 2 5 14 -3 6 -1 -8 -7 26 12 -12 13 -11 15 18 17 -17 -4 -6 21 -21 -9 -24 -25 -26 27 -10 -13 -30
right_child=-2 4 3 -5 19 8 7 22 9 10 11 28 -14 -15 -16 16 -18 -19 -20 20 -22 -23 23 24 25 -27 -28 -29 29 -31
leaf_value=-0.056420571086659856 0.25494261088236797 -0.054320404572351988 0.22147944547654871 -0.056200303529455958 0.26016100328184122 -0.056061397720781149 0.35252755286216997 -0.056197730218626743 -0.058640479310473059 -0.052116728724636775 -0.053308363459734623 0.28108013452536756 -0.054559785962595357 0.2578046787568003 0.29913232174778709 0.19544394601693943 0.22899064873576438 -0.055464217319728532 -0.05514252571022752 0.18587822502800588 0.19968969793319061 -0.05551724844181806 0.39463219981264197 -0.05433640467414852 0.27628700351941626 -0.054145170277028677 0.27589487408709024 0.23549404848570671 -0.056155432340703054 0.21504802187582661
leaf_weight=12.947888139635323 142.83389867469668 9.2472440078854543 719.64477412216365 4.895510045811533 15.579052858054636 5.3366486653685561 6.1053636260330668 5.4941054508090046 8.8014364279806596 4.6528322733938712 7.0051330532878628 29.470871724188328 16.876093409955502 7.8654509335756302 34.845199165865779 9.8644546903669852 26.034898716956377 20.914297698065639 5.2267334572970858 10.058287281543018 38.109985150396824 20.005548723042011 5.5616432875394848 9.8398959245532769 7.4519276060163957 3.5241059903055429 37.416810113936663 51.065797323361039 4.1835909876972428 36.284547001123428
leaf_count=309 118 301 2671 113 9 137 3 86 94 225 286 61 533 9 27 67 79 592 134 27 73 454 8 233 9 117 54 128 84 151
internal_value=0.202581 0.196212 0.202064 0.214233 0.128171 0.163602 0.0911385 0.141447 0.181261 0.187481 0.153686 0.201162 0.0294105 0.142612 0.215854 0.212142 0.118452 0.0249507 0.219485 0.14832 0.122762 0.0252451 0.101013 0.133757 0.0640564 0.170194 0.224422 0.192252 0.22665 0.187011
internal_weight=1317.14 1174.31 1081.31 821.426 93.0001 259.884 50.9249 37.977 208.959 203.623 106.339 76.9441 29.3944 12.5183 816.53 781.685 56.8137 30.7788 724.872 83.7529 68.1738 30.0638 31.8717 26.3776 20.8159 10.976 97.284 59.8672 69.939 40.4681
internal_count=7192 7074 6210 3683 864 2527 765 456 1762 1625 1349 582 767 234 3570 3543 738 659 2805 563 554 481 453 367 359 126 276 222 296 235
is_linear=0
shrinkage=0.05


Tree=3
num_leaves=31
num_cat=0
split_feature=0 13 14 14 12 12 12 12 3 9 0 3 13 14 3 12 3 1 12 9 0 12 14 12 12 0 14 6 0 13
split_gain=399.354 462.637 219.625 231.991 521.813 201.217 140.579 144.025 87.4507 124.77 172.091 80.8888 79.3164 157.41 93.6522 110.414 83.3841 106.499 77.8248 153.806 74.6991 65.9356 107.886 65.713 251.933 65.6707 103.683 49.9984 154.667 48.5593
threshold=2.0829006902752769 5.5000000000000009 2.5000000000000004 12.500000000000002 0.88609846275665027 0.88079119342587353 0.88079119342587353 3.4654884253890437 0.031384615384615393 1.0000000180025095e-35 1.0000000180025095e-35 0.38025229357798168 3.5000000000000004 7.5000000000000009 0.11972222222222224 2.0878146568448668 0.060000000000000012 0.46283394098281866 2.1304920470050184 0.55000000000000016 4.7109170462472401 1.8592399146080612 11.500000000000002 2.8186305780363132 0.94417647524796544 0.76351517337701069 87.500000000000014 1.0000000180025095e-35 23.024247179875314 6.5000000000000009
decision_type=2 2 2 2 2 2 2 2 2 2 2 2 2 2 2 2 2 2 2 2 2 2 2 2 2 2 2 2 2 2
left_child=1 2 -1 6 5 -5 -4 8 21 10 23 12 14 -14 16 20 -2 -18 27 -20 -16 -8 -23 24 -10 29 -27 28 -13 -3
right_child=11 25 3 4 -6 -7 7 -9 9 -11 -12 18 13 -15 15 -17 17 -19 19 -21 -22 22 -24 -25 -26 26 -28 -29 -30 -31
leaf_value=-0.053298434105691267 0.2086624259171114 0.23283658029974894 -0.051049901809172363 -0.05193976683454557 -0.056785051436920489 0.20283912695649242 0.21608166875381973 -0.054573491333638979 0.18401020509179319 0.22666103898661383 -0.054758732685615291 -0.057955789842084063 -0.057761503821227578 0.19035473857945001 0.24252461148113885 0.2240662655904051 -0.058208634899685044 0.19968144596383419 -0.055118891849250208 0.22528282514239462 0.38209929539869203 -0.055950617097985302 0.21290122821610399 0.19069566023169771 -0.053953640598429303 -0.0601597441393407 0.18868757024706559 0.21310639981546553 0.18855945341420485 0.17659190063934666
leaf_weight=21.268278237432241 165.59995865635574 42.368950314819813 9.0689121168106777 9.2936849482357484 54.593615675345063 46.643612936139107 72.155086770653725 8.2761189397424442 30.092668885365129 26.075835905969143 14.590640654787419 8.1221005078405124 6.5631374772638074 245.69326689653099 16.529893439263105 96.323947669938207 6.9444708544760951 9.4522404000163078 11.159064963459969 8.7058699615299702 22.820015104487538 6.3464901074767086 9.0560449883341789 29.787822064012289 17.643829138949513 7.3250870257616052 9.767085075378418 45.590873092412949 29.375312864780426 407.10512940958142
leaf_count=815 249 19 458 382 1203 9 126 221 35 42 408 140 129 536 46 178 108 7 340 6 23 144 12 151 549 63 1 105 6 681
internal_value=0.168904 0.14551 0.102487 0.112418 0.0531827 0.160509 0.141765 0.149936 0.158162 0.130105 0.102772 0.197463 0.204831 0.183899 0.221453 0.252896 0.198013 0.0904577 0.156675 0.067768 0.323468 0.196035 0.102123 0.132421 0.0960567 0.178236 0.0820406 0.177931 0.135163 0.181894
internal_weight=1494.34 821.459 354.893 333.624 110.531 55.9373 223.093 214.025 205.748 118.191 92.115 672.88 569.927 252.256 317.671 135.674 181.997 16.3967 102.953 19.8649 39.3499 87.5576 15.4025 77.5243 47.7365 466.566 17.0922 83.0883 37.4974 449.474
internal_count=7192 5319 4555 3740 1594 391 2146 1688 1467 1185 1143 1873 1276 665 611 247 364 115 597 346 69 282 156 735 584 764 64 251 146 700
is_linear=0
shrinkage=0.05


Tree=4
num_leaves=31
num_cat=0
split_feature=0 12 14 14 12 11 3 3 0 14 3 12 3 12 11 12 12 12 12 3 12 9 12 14 11 0 12 3 6 0
split_gain=264.105 279.875 296.86 247.042 128.088 79.4018 77.8888 68.3569 57.0556 91.4401 55.5998 53.8579 53.3821 200.389 150.385 165.877 137.726 43.3429 61.6183 38.6865 72.5285 125.16 48.42 41.9038 83.2451 35.3925 43.8873 90.6444 32.4352 91.088
threshold=2.0829006902752769 0.88609846275665027 18.500000000000004 2.5000000000000004 3.4654884253890437 0.22902097902097904 0.74621212121212144 0.031384615384615393 0.46060710610450101 87.500000000000014 0.029100529100529109 0.93778201029957164 0.030384615384615388 1.9638617360286046 0.027323220258002871 1.9861552041756154 0.94417647524796544 2.2374523720810706 3.3370315807935782 0.41318121453579632 1.6882929624056546 0.55000000000000016 0.72307810995979738 478.50000000000006 0.074537037037037054 20.295735126050783 2.0575662385929818 0.39125000000000004 1.0000000180025095e-35 23.024247179875314
decision_type=2 2 2 2 2 2 2 2 2 2 2 2 2 2 2 2 2 2 2 2 2 2 2 2 2 2 2 2 2 2
left_child=1 8 3 -3 6 19 11 10 -1 -10 -4 -5 17 16 15 -15 -14 -13 -19 22 28 -22 23 24 -2 -24 -27 -28 29 -21
right_child=5 2 7 4 -6 -7 -8 -9 9 -11 -12 12 13 14 -16 -17 -18 18 -20 20 21 -23 25 -25 -26 26 27 -29 -30 -31
leaf_value=0.15273985011298633 -0.061360492454230468 -0.054386288860424938 -0.059448045710147474 -0.055511919660069756 -0.054325742186825281 0.23443651177818969 -0.054293219015332767 -0.056663534144877216 -0.058601819803877665 0.16143762132022216 0.11843356304508466 0.17792542316361204 0.15985317690263634 0.21422527624449988 0.18550778775333787 -0.056401249411621224 -0.055202109988221587 -0.05736543807420378 0.15361925891662781 -0.057740998972474748 -0.054893369520509785 0.18503656642397037 0.17659896374785711 0.16413070492792911 0.1495395810192168 0.16395813847618423 -0.060693748118371617 0.16561281563126676 0.18104944946735832 0.16192101341437112
leaf_weight=526.43872353062034 7.9758918611332783 20.634054125286639 6.5679299859330067 3.6219730684533706 9.5823011174797994 42.072842441499233 5.5000615231692782 34.993396372534335 8.4096732400357723 10.765600400045514 13.265175663866103 93.351921084336936 10.920889463275669 8.9782652482390422 80.24775174073875 15.330450587905942 23.390164437703788 4.9615775709971794 11.438936548307538 6.0460838722065118 11.915675190277398 9.994643347337842 506.05526233278215 21.258818322792649 11.319022322073579 42.727093433961272 7.5896219545975336 10.610786408185959 50.995537078008056 21.508676268160343
leaf_count=1452 84 702 96 82 279 30 186 795 158 7 32 190 6 3 205 346 625 114 41 101 387 7 1050 4 11 14 95 3 82 5
internal_value=0.145855 0.12741 0.0920036 0.112307 0.125173 0.167702 0.131847 -0.0146327 0.149654 0.0649352 0.0595263 0.135906 0.138694 0.118097 0.152504 0.0435529 0.013248 0.164755 0.089791 0.163737 0.134994 0.0545534 0.168489 0.11571 0.0623603 0.172264 0.136262 0.0712423 0.157432 0.113723
internal_weight=1638.47 888.399 342.785 287.958 267.324 750.07 257.742 54.8265 545.614 19.1753 19.8331 252.242 248.62 138.868 104.556 24.3087 34.3111 109.752 16.4005 707.997 100.461 21.9103 607.536 40.5537 19.2949 566.983 60.9275 18.2004 78.5503 27.5548
internal_count=7192 5319 3702 2779 2077 1873 1798 923 1617 165 128 1612 1530 1185 554 349 631 345 155 1843 582 394 1261 99 95 1162 112 98 188 106
is_linear=0
shrinkage=0.05


Tree=5
num_leaves=31
num_cat=0
split_feature=0 13 1 11 14 13 11 0 0 10 13 0 3 14 13 11 1 1 1 14 13 3 13 14 10 3 14 14 13 0
split_gain=202.028 353.035 205.689 183.559 181.508 164.663 164.656 154.109 252.889 145.683 128.92 109.486 96.7178 154.407 88.4719 183.693 101.955 78.5685 272.861 65.6272 60.458 99.3252 63.8728 144.085 68.4221 58.2988 196.538 253.521 53.8994 52.6213
threshold=1.4133353182350894 5.5000000000000009 0.29500409960746771 0.32247899159663868 2.5000000000000004 2.5000000000000004 0.24662162162162168 0.5556772084639735 0.53722337141813037 0.57500000000000018 4.5000000000000009 1.0000000180025095e-35 0.030384615384615388 12.500000000000002 3.5000000000000004 0.041241496598639467 0.14315017312765124 0.33347858488559728 0.38880927860736852 5.5000000000000009 7.5000000000000009 0.55000000000000016 4.5000000000000009 185.00000000000003 0.27500000000000008 0.018614718614718622 27.500000000000004 15.500000000000002 2.5000000000000004 8.6264725158976123
decision_type=2 2 2 2 2 2 2 2 2 2 2 2 2 2 2 2 2 2 2 2 2 2 2 2 2 2 2 2 2 2
left_child=1 2 4 5 -1 9 -4 8 10 17 11 12 13 19 15 -14 -17 25 -19 -6 21 22 24 -24 -7 26 27 -2 -21 -27
right_child=3 -3 6 -5 7 20 -8 -9 -10 -11 -12 -13 14 -15 -16 16 -18 18 -20 28 -22 -23 23 -25 -26 29 -28 -29 -30 -31
leaf_value=-0.053008700653207411 0.54150353598379186 0.1517412104958345 -0.056400618089761413 0.30961309528469388 0.23680222908318982 0.1474638571449314 0.16437315645476003 -0.056021955622592302 0.48759883240023155 0.35416077571432569 -0.053671400408117159 -0.056308325961960705 -0.05467915716516878 -0.059176490320389886 0.13606263129035714 0.16030908086592244 -0.054795771813794115 0.4028056341487104 0.17759093259516567 -0.056410470996749784 0.1505408910823639 -0.05567468291982889 -0.057365379943981623 0.1430519564997694 -0.055562954763908427 0.1545548570904135 0.15054420640371866 0.17221612234407388 0.16251128340938148 0.066184651296328334
leaf_weight=17.695517267100513 8.4011657480150461 514.246342131868 38.719325848855078 20.028882600367069 41.50403843075037 116.95725158043206 10.801429867744444 12.942684872075914 4.6148545471951357 12.047503009438513 10.953554362058638 8.3361917529255134 22.447166951373219 6.3907444961369029 96.841428744606674 32.972582376562059 6.6136358221992841 16.095975695177913 81.780227907933295 3.2197552090510753 338.44187766499817 8.2206171071156842 14.583837172947822 23.287966538220644 4.3024811688810578 135.06672799400985 56.385910261422396 10.401986768469214 22.176479262299836 19.246135047636926
leaf_count=752 31 727 856 12 95 427 20 363 8 27 404 235 684 117 354 102 179 54 107 72 246 232 314 16 91 352 34 13 94 187
internal_value=0.142999 0.125693 0.0858532 0.160009 0.102106 0.156464 -0.00824561 0.112309 0.120817 0.183404 0.114086 0.121727 0.128119 0.175634 0.1062 0.059581 0.124372 0.17712 0.214628 0.198064 0.138385 0.113802 0.122557 0.0658744 0.14026 0.161124 0.197226 0.337212 0.134756 0.143533
internal_weight=1715.72 850.476 336.229 865.249 286.709 845.22 49.5208 269.013 256.07 339.426 251.456 240.502 232.166 73.291 158.875 62.0334 39.5862 327.378 97.8762 66.9003 505.794 167.352 159.132 37.8718 121.26 229.502 75.1891 18.8032 25.3962 154.313
internal_count=7205 5062 4335 2143 3459 2131 876 2707 2344 805 2336 1932 1697 378 1319 965 281 778 161 261 1326 1080 848 330 518 617 78 44 166 539
is_linear=0
shrinkage=0.05


Tree=6
num_leaves=31
num_cat=0
split_feature=10 0 0 13 10 14 1 11 10 7 3 14 14 14 3 3 14 1 1 1 14 14 1 3 1 13 13 3 3 13
split_gain=198.74 523.502 128.04 260.836 163.364 147.359 137.934 121.362 84.5186 127.164 79.5463 75.6353 72.1359 67.7857 74.3063 64.9399 67.6888 59.4045 56.0375 72.7022 53.3797 247.881 123.459 74.4274 53.8694 53.3445 52.5023 140.635 124.671 80.6538
threshold=0.7250000000000002 64.371183887988437 1.4133353182350894 5.5000000000000009 0.22500000000000003 2.5000000000000004 0.049253420904278762 0.32247899159663868 0.17500000000000004 0.40000000000000008 0.061602564102564115 74.500000000000014 8.5000000000000018 5.5000000000000009 0.28040540540540548 0.64207317073170755 92.500000000000014 0.24284165352582934 0.20449486374855044 0.091744329780340209 34.500000000000007 30.500000000000004 1.0000000180025095e-35 0.014039408866995078 0.11056338250637056 1.5000000000000002 1.5000000000000002 0.31527777777777782 0.14027777777777781 3.5000000000000004
decision_type=2 2 2 2 2 2 2 2 2 2 2 2 2 2 2 2 2 2 2 2 2 2 2 2 2 2 2 2 2 2
left_child=2 -2 3 4 5 -1 11 8 9 13 12 -7 -8 14 -4 20 -17 18 19 -16 21 22 -15 25 -25 -24 28 -28 -12 -29
right_child=1 -3 7 -5 -6 6 10 -9 -10 -11 26 -13 -14 15 17 16 -18 -19 -20 -21 -22 -23 23 24 -26 -27 27 29 -30 -31
leaf_value=-0.052978001562643463 -0.054588104874722349 0.96024173246738842 -0.058861650713766978 0.13419359541026457 -0.053810377530031865 0.14514475049118614 0.078870976130615347 0.2520484067161326 0.11283002592887666 0.29614480288025757 0.15877448982071074 -0.061042267922632065 -0.058714467048420572 0.24675494486345501 0.12101932899015125 -0.058155914603688588 0.13403239566674371 -0.061507034864407673 0.17508443815128127 -0.056098994349306056 0.13420777656196031 0.34440429744407131 0.1089065737981908 -0.058869710786396461 0.15374086268136833 -0.062435403190349403 -0.053167268857081798 -0.053421383018276453 -0.055622654585894972 0.11277070106753276
leaf_weight=17.599566580727696 2.6115983137860885 2.4751961231231689 6.8101235814392558 551.35804500617087 21.74586206395179 116.68641621246934 17.651123496703804 23.272488176822662 267.44370069075376 13.857308765873311 44.106136681511998 4.624017819762229 20.698128403164446 32.232539666816592 26.174354445189238 7.5182987079024324 11.728466033935547 4.4943742752075186 30.913223611190915 7.4407968763262025 227.16725359298289 18.349929016083479 13.441931769251825 3.019384939223527 224.34637473709881 6.8612751234322777 20.362061365507543 8.183676812797783 8.0123507492244226 67.635417868383229
leaf_count=761 55 1 122 727 701 567 169 12 697 21 95 52 439 34 99 146 1 42 37 221 151 17 22 45 353 101 721 285 204 307
internal_value=0.127126 0.439221 0.126256 0.112814 0.0788739 0.0877366 0.0957783 0.139314 0.136404 0.146343 0.0688011 0.137285 0.00461239 0.142998 0.0987081 0.149164 0.0589585 0.114255 0.126496 0.0818138 0.152469 0.166377 0.154706 0.142727 0.150917 0.0510032 0.0853999 0.0635001 0.125814 0.0948324
internal_weight=1828.82 5.08679 1823.73 898.663 347.305 325.559 307.959 925.072 901.799 634.356 186.649 121.31 38.3493 620.498 75.8329 544.665 19.2468 69.0227 64.5284 33.6152 525.419 298.251 279.902 247.669 227.366 20.3032 148.3 96.1812 52.1185 75.8191
internal_count=7205 56 7149 5028 4301 3600 2839 2121 2109 1412 2220 619 608 1391 521 870 147 399 357 320 723 572 555 521 398 123 1612 1313 299 592
is_linear=0
shrinkage=0.05


Tree=7
num_leaves=31
num_cat=0
split_feature=0 13 1 14 0 13 0 0 0 14 14 3 1 13 7 0 1 0 3 1 3 1 1 14 14 13 6 3 1 1
split_gain=115.532 207.809 144.037 128.133 114.048 104.176 102.431 92.7096 80.5018 60.213 90.2605 78.9055 70.5329 60.0229 99.7739 95.9307 171.752 59.9754 69.1811 190.851 58.1392 55.1732 147.951 47.5736 44.7324 127.421 132.093 398.159 102.478 69.2506
threshold=1.4133353182350894 5.5000000000000009 0.29500409960746771 2.5000000000000004 0.5556772084639735 4.5000000000000009 0.99987383733576085 0.53722337141813037 1.0000000180025095e-35 5.5000000000000009 7.5000000000000009 0.039761904761904769 0.14208731055259707 2.5000000000000004 0.40000000000000008 1.7041598196692755 0.28510612249374395 10.877848490814401 0.14990740740740746 0.10695375502109529 0.023303167420814484 0.28510612249374395 1.0000000180025095e-35 73.500000000000014 7.5000000000000009 35.500000000000007 0.80000000000000016 1.0537500000000002 0.01205264311283827 0.026255904696881775
decision_type=2 2 2 2 2 2 2 2 2 2 2 2 2 2 2 2 2 2 2 2 2 2 2 2 2 2 2 2 2 2
left_child=1 2 3 -1 5 7 -4 8 9 11 -11 -5 -13 14 -2 16 20 18 21 -20 -15 22 -17 -12 25 28 27 -27 -3 -30
right_child=13 24 6 4 -6 -7 -8 -9 -10 10 23 12 -14 15 -16 17 -18 -19 19 -21 -22 -23 -24 -25 -26 26 -28 -29 29 -31
leaf_value=-0.052738565713622725 0.13628053745214361 -0.066507686863464616 -0.055953768623451562 0.1790890742684533 -0.055841589238372152 -0.053651612445027169 0.10330333411750725 0.27960211162287785 -0.056390287035320889 -0.05679991387640454 0.10043101661369064 -0.054679915817836128 0.11381328729802115 0.15660623707413113 0.26835098105010463 0.10996058982451491 0.34561841346479216 0.12809917903990806 0.11734056562042038 -0.059825408778413247 -0.058830693014788583 0.13013213279872957 -0.059934651304210551 -0.059055993318698041 0.1302584802824702 -0.055515753702824411 0.14111741697751745 0.84353395449032931 0.16327919952986736 0.081534154228333586
leaf_weight=16.089875739067793 404.7648509722203 10.101382330060003 33.734041052870452 50.0007592625916 12.4650143655017 10.790606676600872 14.409186707809566 7.3761017862707368 7.9918140266090623 10.597065475769339 130.64321173727512 7.0398366218432775 52.759731166996062 10.957136422395708 14.824053451418875 66.391288325190544 12.336406057700513 265.7539212461561 39.613949947990477 24.666138593107462 4.3848339198157182 122.22277815174311 15.879180395975707 4.8493515802547327 390.89926112443209 2.200297176837922 11.839499600231647 2.7968619577586651 32.231384098529816 132.06781925261021
leaf_count=752 801 55 805 95 363 404 71 8 235 237 827 268 194 5 11 68 29 179 99 425 73 186 267 76 328 42 25 4 12 261
internal_value=0.114638 0.102117 0.0721843 0.0846575 0.0921637 0.0987048 -0.00828839 0.104765 0.0998784 0.104759 0.0837317 0.132736 0.0939776 0.126636 0.140947 0.115956 0.20672 0.111256 0.094602 0.0493568 0.095033 0.108824 0.0771688 0.0947229 0.120564 0.100748 0.232104 0.447674 0.088067 0.0975705
internal_weight=1922.68 940.883 358.747 310.603 294.513 282.048 48.1432 271.258 263.882 255.89 146.09 109.8 59.7996 981.795 419.589 562.206 27.6784 534.527 268.773 64.2801 15.342 204.493 82.2705 135.493 582.137 191.237 16.8367 4.99716 174.401 164.299
internal_count=7205 5062 4335 3459 2707 2344 876 1940 1932 1697 1140 557 462 2143 812 1331 107 1224 1045 524 78 521 335 903 727 399 71 46 328 273
is_linear=0
shrinkage=0.05


Tree=8
num_leaves=31
num_cat=0
split_feature=0 12 14 0 12 13 14 12 12 2 14 14 0 2 13 14 1 13 12 2 3 12 3 14 13 11 1 3 1 13
split_gain=98.0689 190.772 152.142 120.584 120.082 136.655 116.419 105.95 79.3522 78.5599 98.8428 71.1187 83.8917 70.8285 67.3152 67.0072 130.646 82.2152 63.1144 69.2531 82.6517 72.429 57.4261 55.9597 52.4833 52.3657 49.4864 125.708 59.1864 44.9263
threshold=1.5970709543605501 1.0515018445150426 16.500000000000004 0.5556772084639735 0.96468022764535366 3.5000000000000004 2.5000000000000004 1.5126576166751728 3.4654884253890437 1.0000000180025095e-35 3.5000000000000004 5.5000000000000009 1.7041598196692755 1.0000000180025095e-35 2.5000000000000004 10.500000000000002 0.01205264311283827 46.000000000000007 3.4514933084675818 1.3500000000000003 0.32003164556962033 2.8570268642970738 0.031384615384615393 2.5000000000000004 6.5000000000000009 1.0000000180025095e-35 0.026255904696881775 0.17968531468531471 0.05602721497416497 5.5000000000000009
decision_type=2 2 2 2 2 2 2 2 2 2 2 2 2 2 2 2 2 2 2 2 2 2 2 2 2 2 2 2 2 2
left_child=1 3 6 4 5 -1 -3 -8 18 10 -6 13 -13 23 -14 16 -7 26 19 20 21 24 29 -2 -9 -17 -18 -28 -29 -4
right_child=11 2 22 -5 9 15 7 8 -10 -11 -12 12 14 -15 -16 25 17 -19 -20 -21 -22 -23 -24 -25 -26 -27 27 28 -30 -31
leaf_value=-0.053404927066976249 0.073367795188131635 -0.055505241685415513 -0.058452819246047942 -0.058391461176463412 0.35059901259316056 -0.066796174779884476 -0.05637000326799925 0.10150340925833468 -0.054445326463007482 0.12292759066272614 0.14762120598606285 0.2056707740678656 0.1318897517056917 0.11186872201746703 0.10450030202690255 0.13076753862591647 0.1449442297481856 0.25178439927025864 0.18568678682517201 0.14396135561964318 -0.056458645379604912 -0.057291977938267263 -0.057506895978654132 -0.059785173684171015 -0.068835464770215807 0.087070159301099515 -0.068221102524653188 -0.069795908635158332 0.096897139862931414 0.10358746695547068
leaf_weight=13.391856487840412 17.102412887848917 15.623562258668242 6.3470601644366988 10.748602719046174 12.172849925234916 13.051786367781459 12.420246678404508 115.28031335026026 8.657729394733904 24.208878271281719 11.823226292617617 27.31859995611012 405.6327980030328 40.149824078194797 501.89696712978184 299.60386621393263 34.421085157431662 8.156074143946169 19.490122966468334 46.505752807483077 11.246535309590397 8.3715694835409504 33.041666138917208 14.649707315489648 4.7066563963890067 88.905966185964644 13.332552288658915 5.5080135511234394 160.34374222159386 13.118927143514156
leaf_count=506 165 584 112 239 18 129 346 518 251 3 37 34 557 73 964 245 19 54 27 83 303 178 807 253 27 193 133 36 304 7
internal_value=0.104666 0.0934957 0.0597876 0.107781 0.110388 0.104628 0.0765084 0.0856072 0.0938375 0.186476 0.250589 0.115656 0.119341 0.0677373 0.116742 0.108023 0.0869361 0.095984 0.100082 0.0911167 0.0735129 0.0849007 -0.0173721 0.011934 0.0948216 0.120768 0.0900351 0.0794872 0.0913612 0.0507528
internal_weight=1997.23 990.479 294.81 695.668 684.92 636.715 242.302 226.679 214.259 48.205 23.9961 1006.75 934.848 71.9019 907.53 623.323 234.813 221.761 205.601 186.111 139.605 128.359 52.5077 31.7521 119.987 388.51 213.605 179.184 165.852 19.466
internal_count=7205 5159 3243 1916 1677 1619 2317 1733 1387 58 55 2046 1555 491 1521 1113 675 546 1136 1109 1026 723 926 418 545 438 492 473 340 119
is_linear=0
shrinkage=0.05


Tree=9
num_leaves=31
num_cat=0
split_feature=0 12 14 0 14 12 12 12 14 0 0 14 1 3 1 3 12 12 10 3 0 7 0 0 0 14 1 3 12 12
split_gain=83.0292 157.656 130.512 102.953 100.891 98.6416 91.0721 67.6013 59.0591 61.7422 58.6642 54.8439 134.747 63.2531 102.57 53.5415 48.008 49.9235 40.7252 77.0202 62.6141 62.4242 64.1467 171.885 61.0438 39.8762 38.3417 57.7054 38.1083 52.2662
threshold=1.5970709543605501 1.0515018445150426 16.500000000000004 0.5556772084639735 2.5000000000000004 1.0224921205566442 1.5126576166751728 3.4654884253890437 5.5000000000000009 2.8565704096905278 1.7041598196692755 10.500000000000002 0.01205264311283827 0.17968531468531471 0.026255904696881775 0.031384615384615393 3.4514933084675818 3.1879342431761795 0.17500000000000004 0.58169161676646719 23.024247179875314 1.0000000180025095e-35 8.6264725158976123 9.7663847138516982 64.371183887988437 4.5000000000000009 0.20226479321718219 0.87842857142857167 3.1386333129076545 1.6154751663238869
decision_type=2 2 2 2 2 2 2 2 2 2 2 2 2 2 2 2 2 2 2 2 2 2 2 2 2 2 2 2 2 2
left_child=1 3 4 5 -3 11 -6 16 9 -2 -10 12 -1 14 -14 -4 17 28 19 21 -21 -12 -23 -24 -20 -11 -15 -28 29 -8
right_child=8 2 15 -5 6 -7 7 -9 10 25 18 -13 13 26 -16 -17 -18 -19 24 20 -22 22 23 -25 -26 -27 27 -29 -30 -31
leaf_value=-0.064120740822312575 -0.058731250674630267 -0.055256694844178361 0.048397819219694084 -0.05797593156073353 -0.056079399911262109 0.17865900013484678 0.12186212131785207 -0.054229104099306882 0.17874623440372175 0.09128942601967506 0.1107064461928778 0.10824370077959794 0.1275215715209099 0.10412558380721817 -0.064570127212472961 -0.057159938718348874 0.16323804596168673 -0.057283741791499865 0.086312270009619774 -0.059862555570429216 0.10188367589623748 0.11239528111049918 0.30916793319890035 0.12543888643059578 0.17823575913011064 -0.062350407803078746 -0.068558283558807248 0.09781730553531047 0.1493263857680362 0.060873800292739172
leaf_weight=15.491239309310911 9.1063464777544123 14.926753879524766 19.374582174234092 10.295814242213963 11.874181481078265 38.921909916214645 51.029650514945388 8.2674941560253483 29.789840955287218 59.58249397482723 505.26388558931649 407.70027913153172 12.155834618955852 195.57138765323907 16.224894808605313 31.616164714097977 21.017963899299502 6.0849637473002067 279.64195883553475 11.158703476190567 12.900786744430661 51.480680115520954 19.582169778645039 36.37831593491137 19.307395853102207 4.5454266462475053 8.3977919137105346 13.736627114936709 22.461951911449432 112.74035778176039
leaf_count=223 182 584 119 239 346 29 102 251 34 244 559 636 5 437 221 807 27 135 667 178 9 51 5 48 4 65 112 14 8 864
internal_value=0.0964433 0.0862946 0.0558111 0.098997 0.070768 0.101279 0.0788251 0.0860537 0.106388 0.0630991 0.109672 0.096779 0.07891 0.0879138 0.0177052 -0.0170519 0.0914901 0.0836489 0.107473 0.11462 0.0268664 0.118066 0.152675 0.189731 0.0922491 0.0803993 0.0970664 0.0346945 0.0882538 0.0798774
internal_weight=2056.63 1017.89 299.394 718.496 248.403 708.2 233.477 221.602 1038.74 73.2343 965.504 669.278 261.578 246.087 28.3807 50.9907 213.335 192.317 935.714 636.765 24.0595 612.705 107.441 55.9605 298.949 64.1279 217.706 22.1344 186.232 163.77
internal_count=7205 5159 3243 1916 2317 1677 1733 1387 2046 491 1555 1648 1012 789 226 926 1136 1109 1521 850 187 663 104 53 671 309 563 126 974 966
is_linear=0
shrinkage=0.05


Tree=10
num_leaves=31
num_cat=0
split_feature=11 11 0 9 10 12 10 0 11 12 12 14 14 12 12 12 12 0 10 0 13 13 10 14 0 2 10 14 13 12
split_gain=145.475 145.971 124.237 312.28 767.68 173.473 149.625 65.8667 51.0156 47.593 53.5456 36.6136 33.4251 125.666 32.63 52.761 134.201 65.4499 64.3849 48.6599 62.7963 36.5992 90.8359 35.1456 86.5172 33.8174 58.5741 27.691 76.2827 95.8579
threshold=0.22902097902097904 0.23385416666666667 4.0526194321508706 0.15000000000000005 1.0000000180025095e-35 3.4714871709464243 0.32500000000000007 3.5094698425901276 0.32247899159663868 3.3370315807935782 3.1879342431761795 4.5000000000000009 2.5000000000000004 0.237949310434762 0.88735563278993945 1.9861552041756154 1.9158717933306306 4.3861682738190009 0.7250000000000002 20.295735126050783 6.5000000000000009 1.5000000000000002 1.0000000180025095e-35 18.500000000000004 19.025979087023618 1.0000000180025095e-35 0.17500000000000004 3.5000000000000004 5.5000000000000009 0.88079119342587353
decision_type=2 2 2 2 2 2 2 2 2 2 2 2 2 2 2 2 2 2 2 2 2 2 2 2 2 2 2 2 2 2
left_child=2 -2 3 5 -5 6 7 9 -3 10 12 -11 13 -1 23 16 17 -16 19 21 -21 -17 -23 24 -4 26 -24 -14 29 -29
right_child=1 8 14 4 -6 -7 -8 -9 -10 11 -12 -13 27 -15 15 18 -18 -19 -20 20 -22 22 25 -25 -26 -27 -28 28 -30 -31
leaf_value=0.080043848191527836 0.30864105453467094 0.10306371805262551 -0.066769246734749238 1.255374663151839 -0.06422391101758991 -0.055939569600606857 -0.058812243592894255 -0.062430456450383288 0.19916722936598019 0.081467183016455641 -0.060413870666954743 0.18491653943166411 0.10722463504855205 -0.055860414971434708 0.18852640199876475 0.11369632184060699 0.24103446457765387 0.10682253087890964 0.23284962081242344 -0.063419478575227381 0.099411729896347764 -0.063482782959976045 0.087312609034202293 0.095535464907149856 0.12333164552887502 0.11389632844742743 -0.063350800683743061 -0.051489968752083372 0.09400838411275575 0.069967144352012428
leaf_weight=111.70394952967763 13.235580395907162 53.298813580535352 11.854768706485629 1.9124119514599431 2.6012800810858607 23.631387789733708 18.884068454615772 7.7320792423561207 18.637923357076943 14.776542618870733 6.5411816388368598 20.308267206884921 134.75312786921859 20.064747569151223 27.772143723443151 174.56465464830399 23.775565901771188 208.7481717960909 8.5421355953440052 10.890244239941239 12.976272970438004 10.43043254688382 29.037088739685714 120.41362948622555 12.088054656982422 62.997803099453449 8.2936030104756338 17.158281894400716 562.48684522695839 305.23237147834152
leaf_count=218 8 76 101 21 32 690 445 113 39 55 126 94 409 701 27 154 16 248 16 130 3 175 78 87 1 52 126 683 524 1831
internal_value=0.0920627 0.15604 0.0892969 0.0797435 0.494878 0.0782364 0.0808361 0.0830324 0.127963 0.0839751 0.0822368 0.141347 0.0830472 0.0593494 0.105799 0.111109 0.127799 0.116416 0.0974364 0.0936953 0.0251122 0.0994321 0.0769506 0.0845343 0.0292073 0.0915504 0.0538404 0.0861097 0.0828942 0.063503
internal_weight=2055.34 85.1723 1970.17 1247.79 4.51369 1243.27 1219.64 1200.76 71.9367 1193.03 1157.94 35.0848 1151.4 131.769 722.385 578.028 260.296 236.52 317.732 309.19 23.8665 285.324 110.759 144.356 23.9428 100.328 37.3307 1019.63 884.877 322.391
internal_count=7279 123 7156 5942 53 5889 5199 4754 115 4641 4492 149 4366 919 1214 1025 291 275 734 718 133 585 431 189 102 256 204 3447 3038 2514
is_linear=0
shrinkage=0.05


Tree=11
num_leaves=31
num_cat=0
split_feature=1 1 10 1 1 1 1 12 12 10 12 3 3 13 12 3 3 6 2 3 1 7 13 3 3 3 3 12 1 3
split_gain=89.9691 154.912 107.169 88.2213 121.249 68.1772 101.064 66.7753 100.992 141.172 133.322 70.6673 63.3301 98.6752 326.181 118.957 58.1885 56.5045 55.4376 100.189 84.7382 53.9509 53.0315 36.3325 32.8743 46.6426 38.4537 30.6181 29.6738 28.3772
threshold=0.2348379194736481 0.2181469723582268 0.17500000000000004 0.026255904696881775 0.05602721497416497 0.14208731055259707 0.12490386515855791 0.88735563278993945 2.8186305780363132 0.12500000000000003 2.0667505158011652 0.41318121453579632 0.36022727272727278 3.5000000000000004 1.6725182684501305 0.2440065681444992 0.059642857142857157 0.80000000000000016 1.0000000180025095e-35 0.13393736805066855 0.51033577322959911 1.0000000180025095e-35 3.5000000000000004 0.086715686274509832 0.44970149253731345 1.143050541516246 0.22284050179211476 2.8570268642970738 0.43019366264343267 0.16461352657004835
decision_type=2 2 2 2 2 2 2 2 2 2 2 2 2 2 2 2 2 2 2 2 2 2 2 2 2 2 2 2 2 2
left_child=1 3 7 24 -5 6 16 -2 9 12 23 -10 13 21 -15 -16 -6 -14 19 -4 22 -9 -21 -11 26 -26 -1 -18 -19 -24
right_child=2 -3 18 4 5 -7 -8 8 11 10 -12 -13 17 14 15 -17 27 28 -20 20 -22 -23 29 -25 25 -27 -28 -29 -30 -31
leaf_value=0.09144307349522289 0.083171585312764099 -0.064459665684132639 -0.06207212078756346 -0.065708967148987232 -0.063035933420452162 0.08124168220916593 -0.065031130233115492 0.089042871589996339 0.091500066821523326 0.19496120613037971 0.31270386527336946 -0.059826942787624515 -0.059926593365604242 0.4450809160840552 0.070028489280399717 0.21500130762412401 0.068201317693237215 0.054150963724810201 0.098390477420892408 -0.054651362066868547 -0.058123722477349683 0.16551366542416868 0.11705063026266012 0.090770735761516036 -0.062845045287631435 0.085837161150972022 0.15893085637733056 -0.05618391305764403 0.15810485922167172 0.066509584025008797
leaf_weight=649.63692865055054 146.78866395261139 18.944613493047655 16.851808932609856 17.15216010902077 9.5482990583404881 383.27336400002241 18.981637033633888 100.38916169852018 85.767822308465838 19.471679085865617 20.019512066617608 8.4773498205468041 7.6810403410345307 9.9729930218309146 31.476738744415343 25.705841456539929 150.76670313999057 18.709815710783005 120.10687881335616 6.8796546226367346 12.209324061870573 29.944537377916276 48.864774405024946 14.671845916658638 8.1967179551720619 14.797056229785085 21.815860241651535 5.1153008723631492 10.843482971191408 64.343050120398402
leaf_count=1074 344 331 277 269 140 1504 358 134 254 33 30 112 117 36 95 17 722 65 149 207 220 24 65 41 180 47 51 165 1 217
internal_value=0.0855962 0.0774712 0.0987949 0.0795731 0.0652652 0.0692225 0.0442423 0.111846 0.122833 0.137495 0.210257 0.0778882 0.120705 0.131982 0.181219 0.1352 0.0567804 0.0608917 0.0731082 0.0527489 0.0673746 0.106612 0.0801341 0.150189 0.0916226 0.0328356 0.0936358 0.0641196 0.092293 0.088325
internal_weight=2097.4 1298.23 799.176 1279.28 584.837 567.685 184.412 529.92 383.132 288.887 54.163 94.2452 234.724 197.489 67.1556 57.1826 165.43 37.2343 269.255 149.149 132.297 130.334 120.087 34.1435 694.447 22.9938 671.453 155.882 29.5533 113.208
internal_count=7279 4841 2438 4510 3158 2889 1385 1303 959 593 104 366 489 306 148 112 1027 183 1135 986 709 158 489 74 1352 227 1125 887 66 282
is_linear=0
shrinkage=0.05


Tree=12
num_leaves=31
num_cat=0
split_feature=11 11 0 0 14 0 10 12 0 11 11 14 14 14 12 12 11 10 0 0 0 0 0 3 14 12 12 12 13 14
split_gain=104.173 142.628 100.221 183.009 496.79 90.6736 140.297 115.299 74.0481 53.4517 50.9364 56.0481 62.5761 37.7985 112.959 30.4686 28.5679 50.786 28.4417 69.2612 43.2238 76.0695 27.1086 87.3681 25.9327 24.6863 117.32 66.6862 88.3687 64.4659
threshold=0.10078125000000003 0.10435606060606063 0.73374768258528056 2.7580659675969876 14.500000000000002 4.0526194321508706 0.32500000000000007 3.4714871709464243 3.1836633579515281 0.15108695652173917 0.05013966480446929 10.500000000000002 8.5000000000000018 2.5000000000000004 0.237949310434762 3.3370315807935782 0.075235849056603799 0.52500000000000013 4.3861682738190009 4.2430762618455171 5.5208165614046418 4.5121224959929167 2.3138827358238676 1.0000000180025095e-35 8.5000000000000018 1.0515018445150426 1.5126576166751728 1.0224921205566442 3.5000000000000004 51.500000000000007
decision_type=2 2 2 2 2 2 2 2 2 2 2 2 2 2 2 2 2 2 2 2 2 2 2 2 2 2 2 2 2 2
left_child=5 -2 9 4 -4 6 7 8 10 24 13 12 -12 14 -1 22 18 -18 19 -7 21 -20 25 -24 -3 27 -27 28 -15 -28
right_child=1 2 3 -5 -6 16 -8 -9 -10 -11 11 -13 -14 15 -16 -17 17 -19 20 -21 -22 -23 23 -25 -26 26 29 -29 -30 -31
leaf_value=0.070013675295347313 0.34680308350584849 -0.058175272170223238 0.088515828777528269 0.095009485412267169 0.44520312565163878 0.089974604200267372 -0.057992923308886883 -0.056751564215658114 -0.062647457661543324 -0.061384801083418365 -0.066122127483747864 -0.063973276832795453 0.091476697628257178 -0.055769083967128055 -0.05566829757295793 0.12284606445167422 -0.066750271117363411 0.09449149521570166 0.082193774215555904 0.20923582728205817 0.092694662400035988 -0.071268891590738057 0.087602640484168839 -0.07027982111664044 0.078333920546497293 -0.059297609432750698 0.078818853874992309 0.14461100115875589 0.082819323486908458 -0.069139569936641707
leaf_weight=115.95376979745924 6.194344660267233 3.77049905527383 28.178903453983366 147.85023907478899 14.936353193596004 40.556008542887866 21.839821459725499 17.702303992584348 10.149442366324363 9.5824663965031487 8.1403055554255825 13.400819871574638 27.839363811537623 11.75006860680878 21.136760263703763 37.544517106376588 7.9252965729683647 12.723613038659096 28.51332495175302 17.395732887089252 553.07487353030592 11.26545451954007 27.174064097926021 12.932644264772533 45.013681901618838 17.349721109494567 267.94059335999191 42.871553333476186 545.46495718695223 7.5699047986418
leaf_count=218 10 93 60 130 40 43 598 485 140 172 134 232 44 342 759 101 103 3 37 44 786 116 19 133 148 352 1092 29 758 58
internal_value=0.079852 0.109804 0.103916 0.121442 0.212082 0.075777 0.0675823 0.0698968 0.0718176 0.0465768 0.0729971 0.0233109 0.0558204 0.0752121 0.0506359 0.0786833 0.0905049 0.032605 0.092342 0.125774 0.089074 0.0387327 0.0769063 0.0366925 0.0677832 0.0787125 0.0668121 0.0845202 0.0798969 0.0747536
internal_weight=2133.74 255.526 249.332 190.965 43.1153 1878.21 1206.76 1184.92 1167.22 58.3666 1157.07 49.3805 35.9797 1107.69 137.091 970.598 671.454 20.6489 650.805 57.9517 592.854 39.7788 933.054 40.1067 48.7842 892.947 292.86 600.087 557.215 275.51
internal_count=7279 653 643 230 100 6626 5494 4896 4411 413 4271 410 178 3861 977 2884 1132 106 1026 87 939 153 2783 152 241 2631 1502 1129 1100 1150
is_linear=0
shrinkage=0.05


Tree=13
num_leaves=31
num_cat=0
split_feature=0 10 11 14 0 11 1 1 1 1 13 10 11 14 1 1 10 10 11 11 11 10 13 14 1 1 14 1 14 13
split_gain=80.1455 141.923 87.7506 120.977 61.2492 51.1116 40.0801 98.2286 48.3033 75.5147 50.4382 65.1908 58.4039 120.142 35.0355 90.2615 36.4581 46.114 44.8468 36.0871 64.1325 33.7101 67.6687 33.1616 33.6429 36.5507 32.5986 51.8479 32.3863 31.3365
threshold=4.0526194321508706 0.32500000000000007 0.23205128205128209 14.500000000000002 3.5094698425901276 0.15108695652173917 0.026255904696881775 0.05602721497416497 0.14208731055259707 0.12490386515855791 4.5000000000000009 0.17500000000000004 0.11938296445338702 9.5000000000000018 0.25384919345378881 0.26435485482215887 0.22500000000000003 0.12500000000000003 0.021898976982097192 0.0098076923076923107 0.24662162162162168 1.0000000180025095e-35 9.0000000000000018 12.500000000000002 0.29270064830780035 0.36185109615325933 2.5000000000000004 0.01205264311283827 2.5000000000000004 2.5000000000000004
decision_type=2 2 2 2 2 2 2 2 2 2 2 2 2 2 2 2 2 2 2 2 2 2 2 2 2 2 2 2 2 2
left_child=1 2 4 -4 5 6 26 -8 9 21 11 23 -12 -14 19 -16 17 29 -19 -2 -21 22 -9 28 -25 -26 27 -1 -10 -17
right_child=14 -3 3 -5 -6 -7 7 8 10 -11 12 -13 13 -15 15 16 -18 18 -20 20 -22 -23 -24 24 25 -27 -28 -29 -30 -31
leaf_value=-0.058081156831383512 0.080696174564311246 -0.057670827724059182 0.084627211078129372 0.24608800869388434 -0.061761518659576423 -0.064528304259354075 -0.065701900770901309 -0.057546111527669454 -0.053721034198579536 -0.066116662197226866 0.07728514283029092 -0.055897548782859796 0.085132360807179785 0.35129048957506676 0.20895252612812085 0.10372118687763546 0.073932617330736666 0.1718954041743137 0.10186985299289414 -0.066259276104563544 0.093360604190242891 0.079905504472111449 0.052872564787274805 -0.061182800008696428 0.066432573297022374 -0.06351887240094807 0.083545352610091758 0.087980811652884641 0.072233388467538948 0.055058021694287862
leaf_weight=10.740761223249139 351.28379873279482 22.236154617741704 41.028011197224259 16.175223413854837 9.1709429966285807 7.2428599456325164 14.797617577016352 17.231338608078659 5.2556176306679836 15.171781419776378 364.80737290624529 13.066208767704664 14.217476965859534 6.0416087824851266 17.432705058716238 100.51092307269573 156.80860636942089 40.687610288150609 52.195417154580355 11.802232004702091 13.480352165177464 60.04958292003721 71.242114594206214 9.7683795280754548 30.250137805938721 6.5896665938198558 438.32283800560981 13.988657579757271 176.42172806058079 49.312446261756122
leaf_count=267 522 621 61 35 140 116 240 543 223 290 716 329 37 26 27 71 234 27 60 167 10 216 122 198 83 96 822 35 827 118
internal_value=0.0749646 0.0676135 0.0696901 0.130283 0.0669914 0.0679173 0.0686739 0.0619314 0.0643218 0.0401377 0.0706415 0.0527206 0.081874 0.164505 0.0875989 0.0975834 0.0927239 0.104865 0.132545 0.0765437 0.018848 0.0509917 0.0313671 0.0589375 0.0213132 0.0431877 0.0803942 0.0245415 0.0685897 0.0877043
internal_weight=2157.33 1363.82 1341.58 57.2032 1284.38 1275.21 1267.96 804.911 790.113 163.695 626.418 241.352 385.066 20.2591 793.514 416.948 399.515 242.706 92.883 376.566 25.2826 148.523 88.4735 228.286 46.6082 36.8398 463.052 24.7294 181.677 149.823
internal_count=7279 6043 5422 96 5326 5186 5070 3946 3706 1171 2535 1756 779 63 1236 537 510 276 87 699 177 881 665 1427 377 179 1124 302 1050 189
is_linear=0
shrinkage=0.05


Tree=14
num_leaves=31
num_cat=0
split_feature=0 12 10 9 3 1 1 1 3 1 0 3 3 3 10 3 12 10 12 0 12 3 12 3 12 3 0 1 1 10
split_gain=72.1145 133.593 111.646 69.6603 266.489 30.2287 94.2282 51.681 70.9219 52.0637 50.6683 72.5715 193.997 51.5771 67.8175 35.6552 69.9443 82.4254 63.3669 33.5526 64.5007 33.3239 30.873 82.3889 34.8146 29.0586 66.329 34.6739 68.2934 34.685
threshold=4.0526194321508706 3.4654884253890437 0.32500000000000007 0.15000000000000005 0.24837500000000004 0.026255904696881775 0.05602721497416497 0.16613907366991046 0.059642857142857157 0.15261668711900714 0.41293818537966354 0.77612500000000029 0.78250000000000031 0.11972222222222224 1.0000000180025095e-35 1.0000000180025095e-35 0.88609846275665027 0.12500000000000003 1.9638617360286046 1.0000000180025095e-35 2.8186305780363132 0.53865384615384626 1.0398722639508 0.039761904761904769 1.0224921205566442 0.29745238095238108 6.4448732367024153 0.25384919345378881 0.26435485482215887 0.22500000000000003
decision_type=2 2 2 2 2 2 2 2 2 2 2 2 2 2 2 2 2 2 2 2 2 2 2 2 2 2 2 2 2 2
left_child=1 2 3 5 -5 22 -7 8 -8 19 15 13 -13 14 -12 -9 21 -18 -19 -10 -21 -17 24 -24 -1 27 -27 -2 -29 -30
right_child=25 -3 -4 4 -6 6 7 10 9 -11 11 12 -14 -15 -16 16 17 18 -20 20 -22 -23 23 -25 -26 26 -28 28 29 -31
leaf_value=0.079830178049103487 0.074977484535205113 -0.056208879953340896 -0.058317600630935711 0.46084286169466399 -0.072008035056180905 -0.065478045418013428 -0.065784614030960781 0.086226909832783222 0.062581401517366214 -0.067131094310839259 0.068206440000481594 0.42053710538705635 -0.063915569701614827 0.097268041179937204 -0.064176350043218713 0.03286027769719841 -0.060763300829604905 -0.063243342725607318 0.088456077986920539 -0.061732981381205268 0.08602154835353118 0.078430555427973433 0.069476500358200577 -0.061583779205706783 0.13553203720598359 -0.063308024679207861 0.071143832763292253 0.19217480991585983 0.10329597090232739 0.068085091656184357
leaf_weight=292.50640780944377 326.04262431338429 22.857229571789503 17.910808065906167 4.849384840577839 4.546123331412673 14.511931160464881 13.918785951100288 85.500460402108729 196.3631130233407 9.0637857057154161 60.970434981398284 5.2533593177795392 3.4064751034602523 177.25902007333934 11.498809215612708 57.940479108132422 27.866329926997423 9.0272503737360221 28.993241728283465 16.202518803067505 13.574352114461364 130.41640174388885 126.39280254300684 13.248209985904394 31.027446538209915 9.9536142433062178 116.95998537912965 18.125087670981884 227.66344496980309 100.95473208092153
leaf_count=433 436 697 460 4 42 232 190 129 712 166 125 1 71 335 136 274 522 167 99 392 28 220 322 282 4 151 265 21 196 167
internal_value=0.0706044 0.0636611 0.0656873 0.0673518 0.203017 0.0663898 0.060853 0.0630168 0.0438821 0.050372 0.0709864 0.0876734 0.22997 0.082739 0.0472011 0.0582953 0.048902 0.00456032 0.0524379 0.0550815 0.00562373 0.0644127 0.0766914 0.0570424 0.0851721 0.0825436 0.060599 0.0866833 0.0976902 0.0924788
internal_weight=2174.8 1375.11 1352.25 1334.34 9.39551 1324.94 861.767 847.255 249.123 235.204 598.132 258.388 8.65983 249.728 72.4692 339.744 254.244 65.8868 38.0205 226.14 29.7769 188.357 463.175 139.641 323.534 799.699 126.914 672.786 346.743 328.618
internal_count=7279 6043 5346 4886 46 4840 3799 3567 1488 1298 2079 668 72 596 261 1411 1282 788 266 1132 420 494 1041 604 437 1236 416 820 384 363
is_linear=0
shrinkage=0.05


Tree=15
num_leaves=31
num_cat=0
split_feature=0 12 1 10 12 10 12 0 1 13 13 1 0 1 0 1 10 2 6 13 13 10 1 1 1 1 10 2 13 0
split_gain=94.4483 149.882 60.1728 81.7205 81.252 81.4658 71.0338 108.754 126.895 104.798 70.3812 64.8289 59.7468 115.678 60.3247 59.0249 63.0105 97.162 48.5206 48.1535 62.6545 109.708 72.3455 39.7092 47.622 65.1015 38.9805 38.3733 116.651 33.8038
threshold=0.41293818537966354 1.0398722639508 0.23643275350332263 0.17500000000000004 2.8186305780363132 1.0000000180025095e-35 1.6154751663238869 8.6264725158976123 0.30520866811275488 6.5000000000000009 4.5000000000000009 0.2170587703585625 2.7580659675969876 0.11056338250637056 2.9438874179358376 0.063579592853784575 0.12500000000000003 1.0000000180025095e-35 0.3000000000000001 6.5000000000000009 5.5000000000000009 1.0000000180025095e-35 0.20637654513120654 0.54401981830596935 0.18085987120866778 0.17984239012002948 0.7250000000000002 1.0000000180025095e-35 6.5000000000000009 2.1060495699636372
decision_type=2 2 2 2 2 2 2 2 2 2 2 2 2 2 2 2 2 2 2 2 2 2 2 2 2 2 2 2 2 2
left_child=1 15 11 4 6 -6 -4 8 9 10 -8 12 13 -2 -14 -1 17 -17 19 20 21 22 -3 24 25 -18 -16 28 -5 -15
right_child=2 18 3 27 5 -7 7 -9 -10 -11 -12 -13 14 29 26 16 23 -19 -20 -21 -22 -23 -24 -25 -26 -27 -28 -29 -30 -31
leaf_value=0.084084717726661429 -0.065826034301745592 0.05764550676095475 0.089405354345238316 -0.056961203162254365 -0.062417303799891105 0.076610167177032534 0.16867284790947526 0.22830020828520478 0.09118799808353624 0.087793994118643748 0.34290816839279503 -0.063002841208159119 0.12957652741607661 0.074569594413445545 0.06688927068931913 0.069124683362006611 -0.075041710233985273 -0.080599308110051213 -0.056018718339563511 -0.071956806642933205 0.090934769683795644 -0.056486033370181404 -0.060576771049111022 0.082240202951225014 -0.074732832589730888 0.10522665161537104 0.16380335301237078 0.083705008683496437 0.07134082754187053 -0.063080076685507566
leaf_weight=328.81554983183742 22.799518601968884 105.63862269558012 191.35463765822351 23.812624833546579 12.462447119876741 68.197761068120599 10.800290024839342 25.765717830508947 114.54601578600705 13.667641587555407 12.508712437003851 9.5464888671413046 47.314949042163789 61.856088601984084 363.46265820227563 290.61414867080748 8.3284376990050077 11.255267485976217 18.400001850910485 11.233700674027203 39.29114842414856 35.843872054480016 14.747034578584133 12.586199928075073 19.888859486207366 12.563240949064493 10.680493982508777 94.720145399682224 69.193480677902699 4.8068124912679187
leaf_count=492 430 586 248 458 142 78 38 30 92 7 26 155 37 345 713 594 123 102 682 65 13 950 280 12 309 3 5 87 50 71
internal_value=0.0692321 0.0571718 0.0787054 0.0890099 0.100586 0.0551297 0.110531 0.133334 0.117185 0.197719 0.262176 0.0660931 0.0685052 0.0313938 0.0763828 0.0688187 0.0546881 0.0635422 0.021787 0.0287112 0.0344952 0.0203008 0.0431635 0.0046049 -0.0193559 0.0333629 0.0696558 0.0613046 0.0384913 0.0646442
internal_weight=2066.7 909.206 1157.5 637.029 449.303 80.6602 368.643 177.288 151.523 36.9766 23.309 520.467 510.921 89.4624 421.458 684.052 355.236 301.869 225.154 206.754 195.521 156.23 120.386 53.3667 40.7805 20.8917 374.143 187.726 93.0061 66.6629
internal_count=7223 4211 3012 1256 661 220 441 193 163 71 64 1756 1601 846 755 1635 1143 696 2576 1894 1829 1816 866 447 435 126 718 595 508 416
is_linear=0
shrinkage=0.05


Tree=16
num_leaves=31
num_cat=0
split_feature=0 12 3 12 12 13 12 10 0 3 0 0 14 13 14 0 12 12 14 13 0 12 13 10 0 13 13 10 14 0
split_gain=80.567 132.657 92.696 55.4974 48.7628 77.9008 42.6099 41.8949 53.7615 121.782 64.5353 52.9905 40.8605 40.6613 35.8799 34.3338 33.3847 80.8748 45.1984 44.828 45.2967 51.8521 39.719 92.8564 39.6826 33.4144 31.8064 72.3223 33.6429 31.7275
threshold=0.41293818537966354 1.0398722639508 0.16852577873254568 5.4103734435467947 1.0224921205566442 3.5000000000000004 1.5126576166751728 0.17500000000000004 10.157886278073329 0.67038461538461569 6.4448732367024153 7.2476287453453301 2.5000000000000004 6.5000000000000009 51.500000000000007 7.5084116722156979 2.1576065010327148 1.6014684549625273 9.5000000000000018 6.5000000000000009 2.9616131062915803 2.0542962553446595 1.5000000000000002 1.0000000180025095e-35 2.7087705369925517 2.5000000000000004 5.5000000000000009 1.0000000180025095e-35 12.500000000000002 0.61223959779835269
decision_type=2 2 2 2 2 2 2 2 2 2 2 2 2 2 2 2 2 2 2 2 2 2 2 2 2 2 2 2 2 2
left_child=1 4 6 7 5 -1 -3 12 9 10 -9 -12 15 14 26 -2 17 29 -19 20 24 25 -18 -24 -20 -22 27 28 -8 -14
right_child=3 2 -4 -5 -6 -7 13 8 -10 -11 11 -13 16 -15 -16 -17 22 18 19 -21 21 -23 23 -25 -26 -27 -28 -29 -30 -31
leaf_value=-0.054678283604314176 -0.056387568659544821 -0.058309363892744409 -0.056035683037326478 -0.061751388312019276 0.12682278653610921 0.064860869192910883 0.060230065061772968 -0.065894893990207259 0.076828570382421746 0.088145022382802446 0.068640343280373273 -0.066957918509223988 0.11004433997833862 -0.073534603259755318 -0.06586088397075103 0.064358856923246069 0.082242988215397106 0.067754744396346586 0.12488823520764654 0.07507649293403168 0.11170831685448096 0.081789119380768396 -0.06292232051653944 0.065335862237544853 0.24157942864414217 0.17954137825543204 0.089812605143670385 -0.056525402469745183 -0.05737110162964966 0.067240299136292578
leaf_weight=13.924924206919966 9.650997584685685 11.65015664231032 33.359129429794848 7.46276965830475 30.671996978111565 641.14014879707247 101.35771984327585 30.290770689956844 171.7434097211808 55.761691052466631 27.093862764537334 9.8149778433144075 50.745402663014829 7.5030445903539649 6.9522609049454323 15.096154708415268 161.44470596127212 47.737689945846796 13.043004192411901 40.106846563518047 33.968532390892506 49.813782257959247 17.402022385038435 74.636595916934311 16.504902917891741 38.997162925079465 38.573132738471031 17.457112275063992 6.469675342552363 294.73964991979301
leaf_count=515 306 254 1168 110 4 1116 429 483 151 120 44 103 53 41 60 43 191 186 52 19 9 30 292 172 8 36 10 467 147 604
internal_value=0.065463 0.0543049 0.0208352 0.0741619 0.0652049 0.0623198 0.0343344 0.0750374 0.0587586 0.0335199 -0.0118076 0.0325814 0.0805907 0.0403873 0.0453915 0.0172697 0.0824581 0.0890192 0.111304 0.122107 0.13449 0.121115 0.067299 0.0410857 0.19007 0.147962 0.0501117 0.0378885 0.053174 0.0735274
internal_weight=2075.11 909.059 223.322 1166.05 685.737 655.065 189.963 1158.59 294.705 122.961 67.1996 36.9088 863.887 178.313 170.81 24.7472 839.14 585.657 240.172 192.434 152.327 122.779 253.483 92.0386 29.5479 72.9657 163.858 125.285 107.827 345.485
internal_count=7223 4211 2576 3012 1635 1631 1408 2902 901 750 630 147 2001 1154 1113 349 1652 997 340 154 135 75 655 464 60 45 1053 1043 576 657
is_linear=0
shrinkage=0.05


Tree=17
num_leaves=31
num_cat=0
split_feature=0 12 3 11 11 12 13 11 14 11 12 3 12 13 3 14 2 0 14 14 3 14 12 12 14 12 12 11 3 3
split_gain=70.4469 117.295 85.5221 78.2294 47.6695 45.2845 70.0164 41.5646 40.4134 39.3652 98.1958 39.1 35.0596 35.2767 31.6959 36.5535 35.359 33.2495 115.667 72.081 59.6146 56.2034 27.763 42.0959 27.2822 83.0606 29.5714 57.5535 25.4268 27.033
threshold=0.41293818537966354 1.0398722639508 0.16852577873254568 0.10078125000000003 0.075235849056603799 1.0224921205566442 3.5000000000000004 0.051503094606542892 51.500000000000007 0.12613636363636369 1.9158717933306306 0.061602564102564115 1.5126576166751728 6.5000000000000009 1.0000000180025095e-35 16.500000000000004 2.2500000000000004 5.5208165614046418 14.500000000000002 185.00000000000003 0.11972222222222224 2.5000000000000004 1.1121704808231463 1.6355948426270321 25.500000000000004 1.6725182684501305 2.6817505102530386 0.044579945799458003 1.0537500000000002 0.68026315789473712
decision_type=2 2 2 2 2 2 2 2 2 2 2 2 2 2 2 2 2 2 2 2 2 2 2 2 2 2 2 2 2 2
left_child=1 5 7 4 14 6 -1 8 12 10 -5 -6 -3 -14 15 22 17 18 20 -20 -16 -22 -2 -24 25 -19 -26 -28 29 -8
right_child=3 2 -4 9 11 -7 28 -9 -10 -11 -12 -13 13 -15 16 -17 -18 24 19 -21 21 -23 23 -25 26 -27 27 -29 -30 -31
leaf_value=-0.054527400223293214 0.046376143829020583 -0.058811575012627862 -0.055781819013153815 0.076773627647207701 0.050971778169127936 0.12151058948420437 0.059955080967800715 -0.058927739477064249 -0.065677974683047591 0.083111887401448425 0.19918373710102144 -0.068788252612167103 0.053847608544904869 -0.07017430670378709 -0.060931333970159818 0.057185854509376854 0.082858877069977604 -0.06577905407455234 -0.067642540693725633 0.067323292577469593 -0.055973307651465791 0.073683247379279046 0.17905947288801038 0.09636011074042776 0.080081170097655308 0.061571060235024948 -0.069488846287297415 0.071491761032169962 0.087337049002526188 0.0056723844864344378
leaf_weight=13.281528529711066 17.219292382709682 7.8731261505745342 31.872958887368441 38.519273079000413 15.833579112775626 30.41834479290992 536.165098907426 11.602498492226003 8.8042943188920599 158.0667911786586 28.50859615765512 11.966125643812118 154.77685150224715 5.954224780201911 9.6937142489477974 69.094258327037096 152.89050370827317 14.929302621632813 33.899488797876984 13.969187983311711 8.8352605658583325 154.80024692043662 20.180663593113422 64.79090856667608 230.61805296503007 89.928964755497873 10.159681245684622 25.184018920175731 82.678937416523695 23.960645938292146
leaf_count=515 40 179 1168 27 45 4 929 279 74 188 32 182 842 34 140 84 62 148 508 16 299 577 16 89 173 242 115 29 83 104
internal_value=0.0621274 0.0516738 0.0199816 0.0702409 0.0639251 0.0618708 0.0591057 0.0327576 0.0387538 0.0967279 0.128838 -0.000577819 0.0442071 0.0492533 0.0658823 0.0852764 0.0614228 0.0558868 0.0405447 -0.0282564 0.0595456 0.0666826 0.104269 0.116001 0.0650386 0.0434395 0.0735543 0.0309663 0.0614536 0.057633
internal_weight=2076.48 907.389 220.884 1169.09 943.993 686.505 656.086 189.011 177.408 225.095 67.0279 27.7997 168.604 160.731 916.194 171.285 744.908 592.018 221.198 47.8687 173.329 163.636 102.191 84.9716 370.82 104.858 265.962 35.3437 642.805 560.126
internal_count=7223 4211 2576 3012 2765 1635 1631 1408 1129 247 59 227 1055 876 2538 229 2309 2247 1540 524 1016 876 145 105 707 390 317 144 1116 1033
is_linear=0
shrinkage=0.05


Tree=18
num_leaves=31
num_cat=0
split_feature=11 1 11 14 14 1 12 3 12 1 1 1 3 13 13 10 1 14 10 1 10 1 1 11 1 13 12 12 3 14
split_gain=50.9219 61.7867 56.1869 45.6652 45.7276 42.2587 62.4278 37.7967 37.5167 29.168 63.8798 30.9141 78.4506 38.5206 41.2618 34.8488 56.8777 31.2003 29.7432 69.1852 50.3305 32.9802 84.4538 28.8441 23.5228 31.4445 21.8517 19.304 45.9099 41.7433
threshold=0.10078125000000003 0.28510612249374395 0.075922266139657454 10.500000000000002 8.5000000000000018 0.41562983393669134 1.9158717933306306 0.078611111111111132 5.4103734435467947 0.026255904696881775 0.049253420904278762 0.16613907366991046 0.81928571428571451 46.000000000000007 9.0000000000000018 0.32500000000000007 0.50461918115615856 12.500000000000002 0.22500000000000003 0.090475406497716918 1.0000000180025095e-35 0.10242973268032075 0.14208731055259707 0.018019480519480525 0.20983367413282397 2.5000000000000004 5.2384647155800259 1.8592399146080612 0.061602564102564115 4.5000000000000009
decision_type=2 2 2 2 2 2 2 2 2 2 2 2 2 2 2 2 2 2 2 2 2 2 2 2 2 2 2 2 2 2
left_child=2 7 8 4 -4 6 -3 -2 9 26 -11 12 17 14 -14 -13 -17 18 19 -12 21 -21 -23 -18 -9 -26 27 -1 29 -29
right_child=1 5 3 -5 -6 -7 -8 24 -10 10 11 15 13 -15 -16 16 23 -19 -20 20 -22 22 -24 -25 25 -27 -28 28 -30 -31
leaf_value=0.069696071148022495 -0.066416393291857709 0.083666453245614128 -0.065497182662941286 -0.070217363179102141 0.063962191832299786 0.067674836157008186 0.16481570966925455 0.070202137834449591 -0.061839630089623968 -0.066883669207875571 -0.069631722637103835 0.061843775037358328 -0.056998942299719385 0.17101348548600007 0.080858873068074461 -0.062803202367270106 -0.057950922731105442 -0.069570299260993271 0.096461567030697859 0.07706578916362683 -0.064253446933145511 -0.070499784292547552 0.05072575589083015 0.063760681327425281 0.050663773068839339 -0.079375599035479319 0.1338273500570448 -0.060465710407067101 -0.064950941483364819 0.062545126102589263
leaf_weight=503.38942572148517 6.4608709821477524 52.509978711605072 8.8857040982693416 14.540681620594112 29.356091028079391 63.460430867038667 43.196449746377766 84.535972884856164 6.553861483000218 11.00514993816614 19.065451218280941 758.46441691275686 6.005124455317854 10.523079909384249 56.459608338773251 14.762019550427793 5.5085876551456741 9.0322622470557672 13.69000461604446 42.936377929523587 12.340239034499971 18.650503139477223 62.557342217303813 41.8472919925116 15.900805785320701 6.5693492405116549 11.768564090132712 7.2884114300832143 8.3371090698055905 128.31843072269112
leaf_count=787 110 65 164 226 61 64 66 212 99 178 333 2320 192 7 34 362 115 142 33 107 238 353 197 103 51 89 2 113 173 227
internal_value=0.059078 0.0792165 0.0560299 0.00520406 0.0338816 0.0993137 0.120293 0.0510249 0.0575642 0.0580134 0.0529657 0.0541962 0.0388507 0.0825146 0.0676057 0.058895 0.0228901 0.0209739 0.0258062 0.0195878 0.0320508 0.0416237 0.0228846 0.0496028 0.0581159 0.0126456 0.0663065 0.0650789 0.0489322 0.0559337
internal_weight=2073.92 272.634 1801.29 52.7825 38.2418 159.167 95.7064 113.467 1748.5 1741.95 1082.85 1071.84 251.26 72.9878 62.4647 820.582 62.1179 178.272 169.24 155.55 136.484 124.144 81.2078 47.3559 107.006 22.4702 659.102 647.333 143.944 135.607
internal_count=7223 657 6566 451 225 195 131 462 6115 6016 4714 4536 1636 233 226 2900 580 1403 1261 1228 895 657 550 218 352 140 1302 1300 513 340
is_linear=0
shrinkage=0.05


Tree=19
num_leaves=31
num_cat=0
split_feature=0 10 0 13 0 9 13 13 14 14 10 1 1 1 0 0 1 11 13 1 14 1 1 14 10 10 0 1 1 14
split_gain=63.6469 67.0434 41.009 49.0882 30.6831 25.275 40.1732 83.0145 56.5046 53.1922 32.9602 30.343 24.3691 83.4286 48.9177 29.6319 51.4238 50.1333 34.7274 54.4205 22.3752 21.954 36.6941 44.0541 34.0106 30.599 45.6279 28.3287 26.3663 29.6576
threshold=2.7087705369925517 0.32500000000000007 2.9438874179358376 1.5000000000000002 2.5886835090271894 1.0000000180025095e-35 9.0000000000000018 6.5000000000000009 2.5000000000000004 73.500000000000014 0.22500000000000003 0.44125390052795416 0.049253420904278762 0.14208731055259707 1.0000000180025095e-35 0.53722337141813037 0.21605522930622104 0.051503094606542892 2.5000000000000004 0.14315017312765124 24.500000000000004 0.25384919345378881 0.0043633040040731439 18.500000000000004 0.17500000000000004 0.17500000000000004 6.4448732367024153 0.090475406497716918 0.26435485482215887 25.500000000000004
decision_type=2 2 2 2 2 2 2 2 2 2 2 2 2 2 2 2 2 2 2 2 2 2 2 2 2 2 2 2 2 2
left_child=1 4 3 -2 5 6 7 8 -1 10 11 12 14 -14 -10 17 -17 18 19 -15 -7 22 -4 24 27 28 -27 -24 -23 -30
right_child=2 -3 21 -5 -6 20 -8 -9 9 -11 -12 -13 13 15 -16 16 -18 -19 -20 -21 -22 25 23 -25 -26 26 -28 -29 29 -31
leaf_value=-0.053252205332823266 0.16688600838785617 -0.055990188591590433 0.066511122580478227 0.074067590928695276 -0.069709477033240833 0.066992110520229006 0.057928701019810569 -0.07332387775823028 0.069617649826387365 -0.067663738940533277 -0.054299014147896785 -0.064239042630905782 -0.055678774504946571 0.078410902269785421 -0.064228604843046044 -0.059257869201378412 0.077910640282609162 -0.056718731750837942 0.056917556588238563 -0.059740672960228704 0.14468486151344256 0.13319915296829027 -0.064515767737389276 -0.067095961303643314 -0.06178037220269314 -0.060900542400138091 0.059069238411476502 0.053097900850989255 0.056255147159812835 0.089720301812715064
leaf_weight=15.007158985361455 21.253295083530247 15.13677746336907 243.55123358778656 43.195139343850315 5.3352739494293919 44.423494680784643 575.38843837752938 16.004586234688759 181.6807943964377 10.217898021452127 7.8052909071557215 5.813870580866932 20.530581484083086 11.921800179407002 7.0929365195333949 7.3207616144791237 102.49767338298261 13.660518014337866 107.63881014380604 17.729101137258112 11.709961190819739 21.709595458582044 5.3414128413423887 9.8869024831801635 7.4330150466412297 8.4150289148092252 136.23881604708731 123.38411645777524 112.4888261212036 160.90526520926505
leaf_count=808 15 570 163 56 57 93 620 88 498 117 243 67 694 3 122 144 214 375 497 366 36 20 75 128 96 125 216 407 179 131
internal_value=0.0561981 0.0485589 0.066257 0.104677 0.0499211 0.050473 0.0488034 0.0388008 0.0423269 0.045231 0.0476159 0.0492875 0.0506916 0.0413656 0.0645885 0.049006 0.0687667 0.0346298 0.0437191 -0.00419378 0.0831995 0.0632714 0.0546286 0.0348128 0.0422127 0.0709284 0.0520902 0.0482176 0.0801625 0.075951
internal_weight=2070.72 1176.92 893.803 64.4484 1161.78 1156.44 1100.31 524.922 508.917 493.91 483.692 475.887 470.073 281.299 188.774 260.769 109.818 150.95 137.29 29.6509 56.1335 829.354 389.597 146.045 136.159 439.758 144.654 128.726 295.104 273.394
internal_count=7223 5612 1611 71 5042 4985 4856 4236 4148 3340 3223 2980 2913 2293 620 1599 358 1241 866 369 129 1540 869 706 578 671 341 482 330 310
is_linear=0
shrinkage=0.05


Tree=20
num_leaves=31
num_cat=0
split_feature=7 14 13 10 11 13 13 11 1 1 13 3 11 14 10 14 14 3 3 1 13 3 3 3 14 13 13 14 3 3
split_gain=75.8677 60.9683 41.8741 40.7849 64.0382 27.3221 36.2111 27.1118 42.2495 91.062 36.2157 78.6299 47.1331 35.0095 32.2346 45.0177 23.7913 22.4626 60.7274 44.9531 29.7467 56.9986 41.1741 28.8968 53.098 22.121 38.5789 20.5707 20.0843 34.4294
threshold=0.40000000000000008 5.5000000000000009 86.000000000000014 0.32500000000000007 0.018019480519480525 35.500000000000007 11.500000000000002 0.10078125000000003 0.28510612249374395 0.20983367413282397 5.5000000000000009 0.64207317073170755 0.05013966480446929 10.500000000000002 0.22500000000000003 478.50000000000006 24.500000000000004 0.039761904761904769 0.13989130434782612 0.01205264311283827 3.5000000000000004 0.28509493670886082 0.31527777777777782 0.029100529100529109 4.5000000000000009 2.5000000000000004 1.5000000000000002 4.5000000000000009 0.016333333333333339 0.044907407407407417
decision_type=2 2 2 2 2 2 2 2 2 2 2 2 2 2 2 2 2 2 2 2 2 2 2 2 2 2 2 2 2 2
left_child=1 5 3 7 -5 6 17 10 9 -9 11 12 14 -14 28 -16 -10 23 -19 -20 21 27 -22 24 25 26 -1 -21 -3 -30
right_child=-2 2 -4 4 -6 -7 -8 8 16 -11 -12 -13 13 -15 15 -17 -18 18 19 20 22 -23 -24 -25 -26 -27 -28 -29 29 -31
leaf_value=-0.071374045907959691 -0.083684381257854337 0.069056961047430795 0.15851047413734234 -0.061008679286575176 0.049506872529141321 0.087733974265821635 -0.078948877290720254 0.071108731999004179 0.080193654160404026 -0.074072345000870066 0.067489146472434328 -0.058027804147395695 0.043884945172746818 -0.063826530552421115 -0.061014514565937698 0.071419074884678094 0.12465417707202944 -0.066093009405928702 -0.068306917285930094 0.06622156143724453 -0.064334872408312246 -0.056768289000632438 0.052002871291669799 0.099385976485962368 0.090546985373744546 -0.074144695680106162 0.074192324179949795 -0.058625598912419967 -0.0038794062981138641 0.055567448758017161
leaf_weight=7.1371855717152402 9.6507222885265929 277.85210898332298 10.965099185705183 16.980756202712655 57.471859087701887 28.412795567885041 6.6202480271458617 98.589517688378692 77.330994266085327 12.129688166081904 697.303472135216 16.060159721877426 15.955931995064022 14.309634357690809 13.488286171108484 12.239981234073639 49.253352951258421 14.796777992509304 9.7000672305002791 26.276074496097866 7.8564190808683625 21.035666887648404 238.05656350962818 31.864205864258111 26.423881154507399 8.7323833275586349 12.564417951740324 3.7731587770394972 26.444092598743737 308.49712914880365
leaf_count=70 102 542 6 454 279 68 33 202 94 164 480 428 86 276 238 4 64 254 178 67 141 864 647 48 34 83 30 100 197 1048
internal_value=0.0561923 0.0568207 0.0611158 0.0604853 0.0243011 0.0403005 0.0370517 0.0621488 0.077762 0.0552036 0.0594682 0.0513013 0.0539267 -0.00704131 0.0568166 0.00198952 0.097493 0.038933 0.0328413 0.0376145 0.0410739 0.0063557 0.0482861 0.0615157 0.0395188 -0.00790203 0.0214588 0.050545 0.0591185 0.050874
internal_weight=2157.77 2148.12 1704.87 1693.91 74.4526 443.25 414.837 1619.45 237.304 110.719 1382.15 684.847 668.787 30.2656 638.522 25.7283 126.584 408.217 321.495 306.698 296.998 51.0849 245.913 86.7221 54.8579 28.434 19.7016 30.0492 612.793 334.941
internal_count=7281 7179 4562 4556 733 2617 2549 3823 524 366 3299 2819 2391 362 2029 242 158 2516 2251 1997 1819 1031 788 265 217 183 100 167 1787 1245
is_linear=0
shrinkage=0.05


Tree=21
num_leaves=31
num_cat=0
split_feature=7 14 12 12 2 13 12 14 12 3 0 12 0 12 12 11 0 3 12 12 3 13 0 12 12 14 14 3 0 13
split_gain=69.2337 54.7373 43.2035 65.8812 36.8526 30.9173 24.4984 55.4767 51.9298 47.5057 46.6638 44.492 35.7362 27.0644 26.558 23.2087 33.2225 52.021 25.7972 28.8433 24.7715 45.8599 67.5227 116.141 60.5929 23.223 38.9168 48.7791 54.4208 22.7874
threshold=0.40000000000000008 5.5000000000000009 3.6376428199482249 4.6853219471441836 1.3500000000000003 86.000000000000014 1.5257085928350347 3.5000000000000004 0.96468022764535366 0.87842857142857167 7.5084116722156979 2.1466012901733391 0.42657375255014723 1.0398722639508 1.5126576166751728 0.10078125000000003 0.73374768258528056 0.089907407407407422 2.1576065010327148 1.9158717933306306 0.020526315789473691 5.5000000000000009 2.0829006902752769 1.0515018445150426 0.88079119342587353 6.5000000000000009 54.500000000000007 0.054545454545454557 13.490109295819193 46.000000000000007
decision_type=2 2 2 2 2 2 2 2 2 2 2 2 2 2 2 2 2 2 2 2 2 2 2 2 2 2 2 2 2 2
left_child=1 6 5 -4 -5 15 8 10 9 12 -8 -9 -1 -10 -15 20 17 -17 19 -18 -3 22 23 24 -22 -24 27 -27 -29 -11
right_child=-2 2 3 4 -6 -7 7 11 13 29 -12 -13 -14 14 -16 16 18 -19 -20 -21 21 -23 25 -25 -26 26 -28 28 -30 -31
leaf_value=0.025314537733036054 -0.081980566856781609 0.067362568534680464 -0.063145032525448189 0.059141454218793223 -0.068332011975373655 0.14118963861741821 -0.060645158934992172 -0.061548369472807611 0.10959191418540115 0.053504846681614038 0.045808238576168198 0.05651755235025107 -0.06490006758869489 -0.055286823726750173 0.077699615206120259 -0.07774315945647324 0.072786032208649376 0.060098587855059851 0.042393732193395942 0.11718878986380732 -0.052034992531363469 0.062094022159253776 0.079867743695451271 -0.057521199812242366 0.064164817049135459 0.051624583119021732 0.063348736520223534 -0.062894508749302025 0.062062089864921045 0.12529348333421578
leaf_weight=134.9907624986954 9.3659840319305641 408.11631096154451 17.525416278745979 56.848504176363349 6.2979292133823028 11.674506321549414 29.96172681171447 8.9082360267639142 42.432413096074015 89.74970265571028 15.68275456689298 76.532739263493568 11.948949856217949 5.5048983469605455 11.80505039729178 7.9455432016402474 78.803932439535856 49.404960670508444 29.824459644034505 68.247531862929463 13.497750745620577 550.87276604957879 63.788226330652833 42.786342700943351 66.450936932116747 54.874205263331532 130.61173026822507 26.21854942291975 13.050560822710393 12.606807559728621
leaf_count=527 102 597 383 229 65 6 907 191 33 167 72 294 155 255 6 103 64 228 62 31 472 435 51 1071 138 107 126 370 24 10
internal_value=0.053664 0.0542585 0.058334 0.0226239 0.0464278 0.0601165 0.038546 0.0204334 0.0462288 0.0361952 -0.0240694 0.0442078 0.0179784 0.0880974 0.0354074 0.0595266 0.0740715 0.0410015 0.0847941 0.0933936 0.0570403 0.0526619 0.0400285 0.00896513 0.0445468 0.0532416 0.0456848 0.0211784 -0.0213669 0.0623467
internal_weight=2146.33 2136.96 1696.84 80.6718 63.1464 1616.17 440.124 131.085 309.039 249.296 45.6445 85.441 146.94 59.7424 17.3099 1604.49 234.226 57.3505 176.876 147.051 1370.27 962.151 411.278 122.735 79.9487 288.543 224.755 94.1433 39.2691 102.357
internal_count=7281 7179 4562 677 294 3885 2617 1464 1153 859 979 485 682 294 261 3879 488 331 157 95 3391 2794 2359 1681 610 678 627 501 394 177
is_linear=0
shrinkage=0.05


Tree=22
num_leaves=31
num_cat=0
split_feature=14 2 1 10 1 1 1 1 13 1 1 1 0 11 1 1 11 3 10 2 0 11 1 13 1 1 1 14 0 3
split_gain=47.3635 42.746 39.0165 38.3215 87.2765 37.1195 37.1236 27.4293 26.3921 28.2269 72.505 70.5839 46.3488 53.9264 44.6582 37.9771 32.8269 78.3808 74.6442 45.6336 37.0456 27.7011 27.5974 63.4798 25.4606 65.6768 25.0174 24.4691 41.6933 35.2882
threshold=2.5000000000000004 1.0000000180025095e-35 0.01205264311283827 0.4250000000000001 0.6122155785560609 0.20226479321718219 0.20080568641424182 0.16938359290361407 86.000000000000014 0.074171077460050597 0.2348379194736481 0.2181469723582268 0.41293818537966354 0.073298652566945274 0.41562983393669134 0.088539652526378645 0.075235849056603799 0.089907407407407422 0.17500000000000004 1.0000000180025095e-35 6.7532546035884673 0.10078125000000003 0.40255182981491094 3.5000000000000004 0.16613907366991046 0.098070491105318083 0.10075137019157411 12.500000000000002 6.4448732367024153 0.20361015785861364
decision_type=2 2 2 2 2 2 2 2 2 2 2 2 2 2 2 2 2 2 2 2 2 2 2 2 2 2 2 2 2 2
left_child=1 2 -1 8 -5 6 7 24 9 -2 11 15 13 14 22 -11 18 -18 19 20 26 27 23 -12 25 -4 -17 -14 29 -29
right_child=3 -3 5 4 -6 -7 -8 -9 -10 10 12 -13 21 -15 -16 16 17 -19 -20 -21 -22 -23 -24 -25 -26 -27 -28 28 -30 -31
leaf_value=-0.061572015668631991 0.061568459272906641 -0.080082481344100551 0.047964113248231431 -0.063488325789885641 0.060953031826964078 -0.070864038614918481 0.12908017272812758 -0.082867768178433082 0.12782500525691917 -0.07031616411740306 -0.061640776605487273 -0.069710033057127557 0.072682333045228628 -0.065842216421112931 -0.073239696847489322 -0.071947132941786243 -0.072412472876526496 0.070445710001445019 -0.072609946708792658 -0.069185724947737934 -0.063175934219541707 0.083976064147119112 0.097891359071604941 0.052592887397178358 0.084665972668689776 -0.076425014706507199 0.046386943280306771 -0.024737500106494538 0.060872595601276086 0.051789819403937426
leaf_weight=10.526061854790894 768.12011180678383 9.2766427313908917 62.5601811632514 22.615144276991487 37.376612339634448 7.2826373302377752 11.926593229174612 4.6387661397457114 12.234545961022375 8.1228175847791118 13.644699045922605 16.21558463992551 179.51399052236229 12.104672288987784 7.768706062808632 4.5587400794029227 10.422590870410202 121.87822530372068 17.024282621685416 9.9493547570891661 8.3635799922049028 150.89050161093473 24.804639087989926 111.88065643515438 25.50005323253572 12.779467207845299 220.61085985507816 31.078473012894392 166.59658768214285 29.233468095771968
leaf_count=246 1250 137 309 545 65 131 3 87 6 134 257 270 275 228 106 83 157 272 285 136 97 118 20 253 9 287 934 236 259 86
internal_value=0.0513837 0.0237452 0.0308686 0.0533956 0.0140423 0.0386723 0.0454669 0.0360126 0.054622 0.0541538 0.0491782 0.0325597 0.058707 0.0358703 0.0436578 0.0366959 0.0389088 0.0591914 0.0286081 0.0356853 0.0401532 0.0656813 0.0496988 0.0401756 0.0414813 0.0268646 0.0439912 0.0588891 0.0479769 0.0123556
internal_weight=2129.5 144.49 135.214 1985.01 59.9918 124.688 117.405 105.478 1925.02 1912.78 1144.66 417.146 727.516 170.203 158.099 400.93 392.808 132.301 260.507 243.483 233.533 557.313 150.33 125.525 100.84 75.3396 225.17 406.423 226.909 60.3119
internal_count=7281 1209 1072 6072 610 826 695 692 5462 5456 4206 2368 1838 864 636 2098 1964 429 1535 1250 1114 974 530 510 605 596 1017 856 581 322
is_linear=0
shrinkage=0.05


Tree=23
num_leaves=31
num_cat=0
split_feature=7 14 12 12 2 12 14 12 5 12 12 12 13 10 2 13 13 12 2 12 12 11 14 10 13 12 10 14 11 12
split_gain=61.0383 48.7124 37.7136 59.4697 32.9241 21.5423 47.0403 45.1022 42.095 39.2304 37.5873 26.5849 20.7009 20.0157 62.8829 19.2626 18.9895 17.2689 28.9487 16.7521 24.1085 16.4728 26.1598 74.5432 22.4788 80.443 39.3624 43.1456 28.1438 28.7431
threshold=0.40000000000000008 5.5000000000000009 3.6376428199482249 4.6853219471441836 1.3500000000000003 1.5257085928350347 3.5000000000000004 0.93778201029957164 0.40000000000000008 2.1466012901733391 1.6882929624056546 1.6725182684501305 15.500000000000002 0.4250000000000001 2.2500000000000004 35.500000000000007 86.000000000000014 4.9695392937802128 1.0000000180025095e-35 1.0398722639508 1.5126576166751728 0.10078125000000003 12.500000000000002 1.0000000180025095e-35 5.5000000000000009 0.88079119342587353 0.22500000000000003 478.50000000000006 0.05013966480446929 1.0515018445150426
decision_type=2 2 2 2 2 2 2 2 2 2 2 2 2 2 2 2 2 2 2 2 2 2 2 2 2 2 2 2 2 2
left_child=1 5 13 -4 17 7 10 8 12 -8 11 -7 -1 16 -15 -10 21 -5 -19 -9 -21 24 23 -23 25 -3 28 -28 -27 -30
right_child=-2 2 3 4 -6 6 9 19 15 -11 -12 -13 -14 14 -16 -17 -18 18 -20 20 -22 22 -24 -25 -26 26 27 -29 29 -31
leaf_value=0.017583583289305951 -0.080932316240251712 -0.053958709715967439 -0.06322570025070913 0.075071170197943904 -0.068299815919085502 -0.067792068622980955 -0.061355248605670758 0.089845467594266218 0.042875747508224704 0.050896053730402985 -0.059517831897432011 0.076084960058078632 -0.066952807738379139 -0.062224341528029629 0.072253525542735439 0.092786989402146844 0.11716826226351383 -0.060550669818658455 0.064247659948072619 -0.0553697138837905 0.0737930850829073 -0.075681541684525414 0.076758820483370155 0.069453668753142447 0.059839960120175277 0.054964571074139539 -0.061069532166939104 0.065392838292315264 0.04797464830637662 -0.061116852874546157
leaf_weight=123.20611312845722 8.9694251134060305 19.234219228848815 16.897524958476424 36.212385270744562 6.0415943078696719 4.4294665567576894 8.6678421935066563 55.529912210069597 77.712369784712791 76.297426031436771 27.791287027765065 11.668238464277238 7.6939365882426491 14.460277142468838 21.796094968914986 25.732058636844158 12.667778655886648 7.4834175729192802 12.258804224431515 5.3008740609511742 11.344111397862434 11.514323340728877 182.10831036511809 38.193276308476925 678.01337686926126 558.3715452933684 16.163941349834204 11.573871806263925 13.801999701187016 10.733615904115139
leaf_count=540 102 572 383 26 65 127 191 90 176 294 845 7 71 373 4 15 6 189 14 255 6 141 269 60 487 1374 339 4 32 224
internal_value=0.0492239 0.049779 0.0536675 0.0199253 0.0425887 0.0348859 0.017732 0.0420971 0.0314531 0.0394446 -0.0243018 0.0364956 0.0126148 0.0553432 0.0186192 0.0552913 0.0562009 0.0545617 0.016942 0.0766571 0.032659 0.0556993 0.0679835 0.0358344 0.0535219 0.0467211 0.0498924 -0.00830188 0.0526615 0.0002503
internal_weight=2111.87 2102.9 1667.53 78.8937 61.9962 435.374 128.854 306.519 234.344 84.9653 43.889 16.0977 130.9 1588.63 36.2564 103.444 1552.38 55.9546 19.7422 72.1749 16.645 1539.71 231.816 49.7076 1307.89 629.879 610.645 27.7378 582.907 24.5356
internal_count=7281 7179 4562 677 294 2617 1464 1153 802 485 979 134 611 3885 377 191 3508 229 203 351 261 3502 470 201 3032 2545 1973 343 1630 256
is_linear=0
shrinkage=0.05


Tree=24
num_leaves=31
num_cat=0
split_feature=7 14 12 12 2 12 14 12 3 1 1 12 12 2 6 12 12 12 1 10 2 1 1 1 3 3 3 10 2 1
split_gain=55.9903 44.9684 33.2517 55.3829 30.4692 19.1172 42.8319 42.434 38.7901 48.7421 56.0728 35.76 35.4269 26.4219 34.3829 24.663 19.3469 22.4158 19.2541 17.3883 58.6933 16.9901 59.5759 59.6163 31.0959 36.9399 37.5027 36.0912 52.5157 28.3159
threshold=0.40000000000000008 5.5000000000000009 3.6376428199482249 4.6853219471441836 1.3500000000000003 1.5257085928350347 3.5000000000000004 0.96468022764535366 0.87842857142857167 0.18085987120866778 0.16613907366991046 2.1466012901733391 1.6882929624056546 2.2500000000000004 0.55000000000000016 1.6725182684501305 1.0398722639508 1.5126576166751728 0.01205264311283827 0.4250000000000001 2.2500000000000004 0.26258634030818945 0.1171526648104191 0.14315017312765124 0.75846560846560873 0.67670033670033691 0.56500000000000017 0.12500000000000003 1.3500000000000003 0.26435485482215887
decision_type=2 2 2 2 2 2 2 2 2 2 2 2 2 2 2 2 2 2 2 2 2 2 2 2 2 2 2 2 2 2
left_child=1 5 19 -4 -5 7 12 8 9 10 13 -8 15 14 -1 -7 -9 -18 -10 21 -21 22 -3 -24 25 26 27 -25 -29 -23
right_child=-2 2 3 4 -6 6 11 16 18 -11 -12 -13 -14 -15 -16 -17 17 -19 -20 20 -22 29 23 24 -26 -27 -28 28 -30 -31
leaf_value=-0.071699920011605675 -0.079389281566158182 0.058419460504716671 -0.062704252952180115 0.052879896254507945 -0.06750559218476225 -0.067138809822859455 -0.060910797585418952 0.096406018677332228 -0.073340622309109163 -0.080074427360899772 0.073915317712610021 0.048349938031954094 -0.059143971175059387 0.073675069102157778 0.0088331475407428927 0.073917654882239128 -0.055166058489459616 0.071853951534546531 0.058529941539862164 -0.061797805130247824 0.070520040826538871 0.13721652156850803 -0.069850951954026616 0.041904337723547097 -0.077191138337547552 0.072592053084428398 -0.080111664060177695 -0.067898944646583193 0.055905600325747776 0.059258126741561015
leaf_weight=16.591363274492323 8.6935921185649914 672.078072801698 16.203718516044319 54.864017737563699 5.8128450708463779 4.2534040105529103 8.3037520665675384 42.117107670754194 2.8478739634156218 12.443066955544053 38.879219136200845 76.299234110396355 26.598782222252339 11.45379403233528 65.880981887690723 11.416225051973015 5.0604937998577961 11.07458365522325 98.710818430874497 13.847586904652415 21.229658834636211 11.906607965938745 13.70484794443473 192.33501049131155 5.8723994037136427 64.21819554688409 7.5132561651989809 19.477008533664048 15.289583123289047 535.9272987190634
leaf_count=196 102 1008 383 229 65 127 191 33 25 160 23 294 845 2 301 7 255 6 152 373 4 20 205 540 78 102 85 328 38 1104
internal_value=0.0472365 0.0477652 0.0515244 0.0194166 0.041347 0.0334026 0.0170914 0.0401863 0.0311266 0.0145516 0.0234175 0.037626 -0.02401 0.0025147 -0.00736808 0.0356289 0.0785709 0.0320163 0.0548321 0.0530932 0.0182844 0.0538869 0.049979 0.0321636 0.0367519 0.038991 0.0297938 0.0334299 -0.0134524 0.0609525
internal_weight=2090.9 2082.21 1650.28 76.8806 60.6769 431.931 126.871 305.059 246.807 145.248 132.805 84.603 42.2684 93.9261 82.4723 15.6696 58.2522 16.1351 101.559 1573.4 35.0772 1538.32 990.488 318.41 304.705 298.833 234.615 227.102 34.7666 547.834
internal_count=7281 7179 4562 677 294 2617 1464 1153 859 682 522 485 979 499 497 134 294 261 177 3885 377 3508 2384 1376 1171 1093 991 906 366 1124
is_linear=0
shrinkage=0.05


Tree=25
num_leaves=31
num_cat=0
split_feature=0 12 10 7 10 12 0 12 0 14 11 0 13 12 12 14 14 14 13 14 13 12 12 12 14 12 12 12 11 12
split_gain=55.0737 58.2702 32.3361 27.0847 27.671 31.3607 56.036 56.017 37.3856 47.9394 57.748 60.2341 20.1977 16.9834 31.1548 20.0579 41.8796 28.7048 16.6936 16.6615 15.5613 62.9573 45.3302 108.329 62.5587 44.2293 54.5386 25.7215 25.2439 23.8222
threshold=2.7087705369925517 3.4654884253890437 0.4250000000000001 0.40000000000000008 0.7250000000000002 2.0914895534951747 20.295735126050783 1.6014684549625273 17.216839764902968 26.500000000000004 0.13100686498855837 2.8578925714594918 86.000000000000014 4.4899284006300695 3.6376428199482249 59.500000000000007 20.500000000000004 5.5000000000000009 4.5000000000000009 112.50000000000001 4.5000000000000009 0.88079119342587353 1.6289067424297814 2.7635932298438672 3.5000000000000004 2.8570268642970738 3.3370315807935782 3.3703496293710251 0.049891774891774911 1.8592399146080612
decision_type=2 2 2 2 2 2 2 2 2 2 2 2 2 2 2 2 2 2 2 2 2 2 2 2 2 2 2 2 2 2
left_child=1 2 12 4 5 7 13 8 9 10 11 -2 20 14 15 16 17 -7 -11 -5 21 -1 -23 24 29 -25 -27 -28 -29 -24
right_child=3 -3 -4 19 -6 6 -8 -9 -10 18 -12 -13 -14 -15 -16 -17 -18 -19 -20 -21 -22 22 23 25 -26 26 27 28 -30 -31
leaf_value=-0.052033330706903129 0.044521180644060632 -0.05619119977141443 -0.055396357032373826 0.12119413962382186 0.12924941989495306 -0.063093505206434738 -0.070541308073878276 0.078319505834774719 0.071616343510712333 0.062897711935413894 0.065259951906871588 -0.073742786903241528 0.10455689896964158 0.062060867201436644 -0.065467878462872622 0.060658085519235995 -0.068312680006349893 0.045428278938197467 0.024744472785200547 0.068685081567487025 0.046731741422094401 0.051745594420243041 0.073569964991771319 0.083731590766145489 -0.063870501896585663 -0.060529669400261638 0.10974665834669291 -0.063676369346942971 0.060636874232982321 -0.055892058482429355
leaf_weight=19.933669430203736 16.77214027941227 15.256904871668665 8.4343283972702903 24.333100914955139 12.323337398469446 6.6202434049919239 11.040974546223877 246.41850854735821 98.383036641404033 95.305129947140813 23.061267726123333 30.068550309166312 13.115353561937807 89.661566536873579 7.3616868052631608 66.825997225940228 10.696034803055225 76.572696240618825 41.005128778517246 39.845362102612853 713.23314370401204 261.95846799155697 14.986022283323111 50.932641291990876 45.562778409104794 15.429779745172707 12.548327762633564 6.3504495536908516 11.441275598481297 4.6577455620281389
leaf_count=744 23 597 325 15 16 121 120 165 24 76 10 297 6 169 113 39 116 155 83 31 1448 925 86 29 766 326 6 97 18 260
internal_value=0.0479296 0.0408971 0.042154 0.0572967 0.0548828 0.0537649 0.0397628 0.060595 0.0462558 0.0341565 0.00049146 -0.0313963 0.0428571 0.044488 0.0351136 0.0397208 0.0248186 0.0367924 0.0514204 0.0885938 0.0421577 0.0348068 0.0388907 0.0180923 -0.0317135 0.0516764 0.0160055 0.0549283 0.0162654 0.0428731
internal_weight=2090.14 1193.84 1178.58 896.295 832.116 819.793 268.779 551.014 304.595 206.212 69.902 46.8407 1170.15 257.738 168.077 160.715 93.889 83.1929 136.31 64.1785 1157.03 443.801 423.867 161.909 65.2065 96.7025 45.7698 30.3401 17.7917 19.6438
internal_count=7206 5633 5036 1573 1527 1511 833 678 513 489 330 320 4711 713 544 431 392 276 159 46 4705 3257 2513 1588 1112 476 447 121 115 346
is_linear=0
shrinkage=0.05


Tree=26
num_leaves=31
num_cat=0
split_feature=0 10 0 1 13 1 14 10 14 11 13 9 11 0 14 14 1 10 1 9 1 13 10 14 14 1 13 14 14 6
split_gain=52.5232 35.059 24.9836 24.6221 43.0528 40.9111 28.863 23.4032 22.9451 26.0808 21.9736 22.6317 16.6342 15.1305 37.4539 14.2729 21.3008 16.1497 39.599 20.7258 31.8927 59.4626 13.9601 15.7765 13.9255 27.7006 71.2892 44.1621 27.276 64.1552
threshold=2.7087705369925517 0.4250000000000001 2.5886835090271894 0.026255904696881775 2.5000000000000004 0.046988107264041908 53.500000000000007 1.0000000180025095e-35 100.50000000000001 0.10078125000000003 86.000000000000014 1.0000000180025095e-35 0.22361111111111112 2.3138827358238676 3.5000000000000004 3.5000000000000004 0.091744329780340209 0.17500000000000004 0.10410118848085405 0.15000000000000005 0.6122155785560609 9.0000000000000018 0.52500000000000013 109.50000000000001 47.500000000000007 0.29500409960746771 3.5000000000000004 12.500000000000002 7.5000000000000009 0.55000000000000016
decision_type=2 2 2 2 2 2 2 2 2 2 2 2 2 2 2 2 2 2 2 2 2 2 2 2 2 2 2 2 2 2
left_child=1 2 3 4 7 -5 10 13 9 15 11 12 24 14 -1 16 -2 -17 -19 20 21 -20 23 -10 25 28 27 -27 29 -7
right_child=8 -3 -4 5 -6 6 -8 -9 22 -11 -12 -13 -14 -15 -16 17 -18 18 19 -21 -22 -23 -24 -25 -26 26 -28 -29 -30 -31
leaf_value=0.049305424819820858 0.042743856589836676 -0.054869929064711581 -0.072125060885726108 -0.072996109287234712 0.056423829334757619 -0.01226092037823602 -0.08027225900839173 -0.067768086314767523 0.093471946776554904 0.068181274421206625 0.10163758608244416 0.066489749242244461 -0.05990345998310545 0.070772868363586552 -0.065651670209701071 0.051732621979693229 -0.061109221980307493 -0.090605662970985171 -0.059479997569586919 0.078050757103921259 0.064425636895704172 0.050766081903021149 0.088747232705454496 0.054260412439969319 0.066556689261074081 0.051974115325006544 -0.080172649390322454 -0.062055182270384028 0.046693673990264584 0.041165208284429516
leaf_weight=17.796272140927616 13.46085937973112 9.8267289525829238 4.9500997997820368 8.6487524397671205 357.85159749910235 81.304950767662376 5.2662118570879093 8.679594141431151 31.258377272635698 156.33778347820044 12.997931763529776 56.389806164894253 4.7310937335714689 11.669432774186133 11.772559193894265 356.38353091198951 7.797447375021874 6.4226631615310898 22.662546089850366 24.038347646594048 31.530446900054812 26.571311298757792 63.056493241339922 143.02519198507071 31.649054116569459 47.955779746174812 18.807868314441293 10.317808861378579 301.30890823015943 181.91177039267495
leaf_count=128 41 445 53 143 720 840 101 122 13 131 4 120 75 4 116 663 149 39 370 10 12 29 31 85 21 137 252 202 1107 1043
internal_value=0.0460621 0.0391793 0.0399665 0.0404412 0.0503559 0.0351305 0.036373 0.00685615 0.0552945 0.0504048 0.0371949 0.0360543 0.033523 0.0225626 0.00353631 0.04472 0.00465103 0.0465416 0.0299087 0.0372942 0.0251636 1.93602e-05 0.0685871 0.0612931 0.0341795 0.0325824 0.00446682 0.0317843 0.0364213 0.0246624
internal_weight=2066.38 1183.84 1174.01 1169.06 407.769 761.29 752.641 49.9179 882.545 645.205 747.375 734.377 677.987 41.2383 29.5688 488.867 21.2583 467.609 111.225 104.803 80.7643 49.2339 237.34 174.284 673.256 641.607 77.0815 58.2736 564.526 263.217
internal_count=7206 5633 5188 5135 1090 4045 3902 370 1573 1444 3801 3797 3677 248 244 1313 190 1123 460 421 411 399 129 98 3602 3581 591 339 2990 1883
is_linear=0
shrinkage=0.05


Tree=27
num_leaves=31
num_cat=0
split_feature=0 12 10 14 12 12 2 10 13 3 2 3 3 3 3 10 13 7 13 14 0 12 0 14 2 12 12 2 3 0
split_gain=49.9096 50.9331 27.1452 21.5371 26.3674 65.2956 41.382 58.9918 40.6353 39.0528 28.06 78.8412 55.3506 68.3846 23.1439 18.8237 68.7498 29.3464 17.7305 16.5927 33.154 34.5584 30.6847 48.0037 58.32 42.9913 39.4705 28.789 34.6465 28.547
threshold=2.7087705369925517 3.4654884253890437 0.4250000000000001 100.50000000000001 2.0914895534951747 1.6154751663238869 1.0000000180025095e-35 0.12500000000000003 2.5000000000000004 0.014039408866995078 2.2500000000000004 0.084621212121212139 0.14990740740740746 0.72686061381074196 0.19472222222222227 0.22500000000000003 9.0000000000000018 0.20000000000000004 2.5000000000000004 11.500000000000002 1.0005857905995132 1.0622218475669911 0.99987383733576085 3.5000000000000004 1.3500000000000003 1.0398722639508 1.8592399146080612 1.3500000000000003 0.044907407407407417 1.0000000180025095e-35
decision_type=2 2 2 2 2 2 2 2 2 2 2 2 2 2 2 2 2 2 2 2 2 2 2 2 2 2 2 2 2 2
left_child=1 2 15 4 5 9 7 8 -6 -2 11 -11 -13 -14 -5 17 -17 19 -16 22 -21 -22 23 26 29 -24 27 -1 -29 -25
right_child=3 -3 -4 14 6 -7 -8 -9 -10 10 -12 12 13 -15 18 16 -18 -19 -20 20 21 -23 25 24 -26 -27 -28 28 -30 -31
leaf_value=0.051386226766507163 -0.093087446387492001 -0.055824007824259593 -0.054922280805972716 0.054122012588589535 0.04075849492910847 0.076726572755448683 0.057417652969324308 -0.063674609026546647 -0.069210908334313023 -0.083796879506194952 0.067801022225500843 0.06461502339521262 -0.072812217005134808 0.049861844155405691 0.11448344753233491 -0.057054274360270545 0.070398727277013753 -0.086701283271636898 0.068402551178089577 0.049588504531247558 0.041816720127259968 -0.076220169735515833 -0.064724483912113648 0.0020798394929090118 0.048419621322935563 0.05991022825957916 -0.05810530185935589 0.060915485263486863 -0.087219857261761805 -0.069227985284805865
leaf_weight=219.05238903919235 5.6260048337280741 14.441400975920258 7.6978890323080114 146.133325163275 88.944247119128704 198.13629712816328 106.05887403804809 20.083472049795091 9.276520677842198 14.183305436745284 64.566077008843422 83.670747319236398 20.124898778274655 26.085440274327993 34.579492911696434 11.721696760971097 108.68941558524966 4.7645933530293396 52.670404983684421 366.41802062001079 14.211245814338328 11.001239897683261 7.3005936918780199 161.58949940744787 75.315694974735379 132.36653722403571 9.3452773094177228 7.3756723403930655 8.4913258957676572 15.370530418585984
leaf_count=749 38 597 325 78 237 148 149 279 145 118 14 81 182 53 9 367 39 80 42 877 36 108 85 1109 154 345 380 1 81 300
internal_value=0.0442181 0.0374972 0.0386583 0.053295 0.0485327 0.0560375 0.0347385 0.0144068 0.0303724 0.036905 0.0404104 0.0281346 0.0403578 -0.0035635 0.0662884 0.039283 0.0579915 0.0371015 0.0866657 0.0376754 0.0457724 -0.00968761 0.0326911 0.0268673 0.0115697 0.0533954 0.0426666 0.0466754 -0.0183601 -0.00411387
internal_weight=2045.29 1175.15 1160.71 870.139 636.756 412.393 224.363 118.304 98.2208 214.256 208.63 144.064 129.881 46.2103 233.383 1153.01 120.411 1032.6 87.2499 1027.84 391.631 25.2125 636.208 496.54 252.276 139.667 244.265 234.919 15.867 176.96
internal_count=7206 5633 5036 1573 1444 634 810 661 382 486 448 434 316 235 129 4711 406 4305 51 4225 1021 144 3204 2774 1563 430 1211 831 82 1409
is_linear=0
shrinkage=0.05


Tree=28
num_leaves=31
num_cat=0
split_feature=0 12 1 12 12 12 1 12 3 3 14 1 1 1 11 6 1 1 3 12 1 1 3 14 0 3 14 1 1 1
split_gain=47.9776 46.7792 23.7813 65.6848 44.0456 61.2819 31.5295 26.637 30.5436 19.8719 62.4148 37.8626 34.501 63.6867 37.3568 25.4537 22.8205 58.9191 26.878 40.003 22.4128 43.3561 20.9776 23.7187 44.3716 55.4059 19.8187 18.9511 17.9941 22.1047
threshold=2.7087705369925517 3.4654884253890437 0.026255904696881775 2.2231115249540623 2.1466012901733391 1.8592399146080612 0.046988107264041908 1.0515018445150426 0.039761904761904769 0.53865384615384626 5.5000000000000009 0.12175370380282403 0.10242973268032075 0.16820258647203448 0.10355392156862746 0.80000000000000016 0.12385080382227899 0.14524205029010775 0.75846560846560873 0.88079119342587353 0.2170587703585625 0.28510612249374395 0.18019230769230773 32.500000000000007 0.087094578385637 1.0000000180025095e-35 3.5000000000000004 0.091744329780340209 0.098070491105318083 0.097205407917499556
decision_type=2 2 2 2 2 2 2 2 2 2 2 2 2 2 2 2 2 2 2 2 2 2 2 2 2 2 2 2 2 2
left_child=1 2 3 7 5 6 -4 -1 -9 10 -8 15 -12 -14 22 -11 -13 -18 20 -20 -19 -22 23 24 25 -15 27 -2 29 -17
right_child=26 -3 4 -5 -6 -7 9 8 -10 11 12 16 13 14 -16 28 17 18 19 -21 21 -23 -24 -25 -26 -27 -28 -29 -30 -31
leaf_value=0.057639304769055169 0.039356753327116731 -0.055585627814833262 -0.074360955949782231 -0.062119247226952751 0.051457458734254405 -0.061393477555107337 -0.072156697810200884 0.036325593630764277 -0.060525559033222265 -0.08818092188418232 0.059692774359778766 0.113239411897829 -0.079974923876886109 0.029474906700463838 -0.071256284766008995 -0.0052066201132586363 -0.084215727419446995 0.069356613065810077 -0.085534528774759144 0.039384576660596145 -0.082334279281111075 0.049879809328330825 -0.067461471809985865 0.063613704137026536 0.050792017623742407 -0.079167045794146421 0.052730372841500131 -0.060683605360876691 -0.084954857188286492 0.079043583018719943
leaf_weight=301.11651566717774 12.987980171106758 13.7945120614022 7.4683222323656073 13.346766396891324 206.9604468611069 20.063421993982047 17.414654151070863 74.363815790973604 9.1411454961635155 7.3316140845417967 57.378213422372937 12.435847642831503 16.020113076549023 29.109262648969889 9.6141228461638075 21.156791438814253 8.6511379941366595 116.09829964954406 8.4097828804515284 26.9344940087758 7.4664073367603114 36.574751702137291 5.3032750999554983 46.104039420373738 56.432360605336726 19.66246147127822 834.64570782985538 7.4490216560661784 4.1187648065388194 12.318517885170875
leaf_count=445 41 597 91 197 913 538 325 163 252 89 109 6 217 48 146 127 115 166 102 107 93 91 130 82 144 275 1383 149 60 5
internal_value=0.0425454 0.0359429 0.0370398 0.0469261 0.031815 0.0243705 0.0276418 0.0507101 0.0257235 0.0291109 0.0192383 0.0388153 0.0258804 0.0152349 0.0244108 -0.00295762 0.0474807 0.0434747 0.0491256 0.00966145 0.0578357 0.0274652 0.0302837 0.0337096 0.0206046 -0.0143244 0.0515392 0.00289334 0.0136627 0.0257965
internal_weight=2019.87 1164.79 1151 397.968 753.027 546.067 526.003 384.621 83.505 518.535 257.039 261.496 239.624 182.246 166.226 44.9257 216.571 204.135 195.484 35.3443 160.139 44.0412 156.611 151.308 105.204 48.7717 855.083 20.437 37.5941 33.4753
internal_count=7206 5633 5036 1057 3979 3066 2528 860 415 2437 1476 961 1151 1042 825 281 680 674 559 209 350 184 679 549 467 323 1573 190 192 132
is_linear=0
shrinkage=0.05


Tree=29
num_leaves=31
num_cat=0
split_feature=0 12 1 12 12 12 1 12 3 2 12 12 12 0 0 0 2 0 3 0 3 3 3 3 1 12 6 1 1 11
split_gain=43.8801 43.1139 21.9337 60.3309 38.7984 56.8951 29.1048 24.6165 28.1352 18.2848 40.6481 61.3381 59.432 50.802 42.0622 40.0683 32.629 29.3234 25.4551 43.2608 38.0031 53.5899 18.0085 56.5877 34.6366 27.9165 23.5512 21.1421 74.2251 28.4273
threshold=2.7087705369925517 3.4654884253890437 0.026255904696881775 2.2231115249540623 2.1466012901733391 1.8592399146080612 0.046988107264041908 1.0515018445150426 0.039761904761904769 2.2500000000000004 2.6817505102530386 1.5888298744004119 3.3370315807935782 17.216839764902968 20.295735126050783 6.125991563620679 1.0000000180025095e-35 11.837823619918661 0.11972222222222224 7.1395630368119418 0.14990740740740746 0.81928571428571451 0.53865384615384626 0.18019230769230773 0.12175370380282403 1.6154751663238869 0.80000000000000016 0.10242973268032075 0.16820258647203448 0.10355392156862746
decision_type=2 2 2 2 2 2 2 2 2 2 2 2 2 2 2 2 2 2 2 2 2 2 2 2 2 2 2 2 2 2
left_child=1 2 3 7 5 6 -4 -1 -9 10 11 13 -12 16 15 -14 17 18 19 -2 -20 -22 23 25 26 27 -24 -8 -29 -30
right_child=9 -3 4 -5 -6 -7 22 8 -10 -11 12 -13 14 -15 -16 -17 -18 -19 20 -21 21 -23 24 -25 -26 -27 -28 28 29 -31
leaf_value=0.055487481617586376 -0.088025484400876472 -0.055356201068327539 -0.072903037471728729 -0.061541304037369939 0.048994354508282628 -0.061036127746183111 0.053978549146578673 0.034681394217709841 -0.06011129162798029 0.06481618784276072 -0.080788823391954381 0.064674125537888524 -0.061154127885294375 0.064253180256147666 -0.068195846710570496 0.050304181634843008 -0.08018287988955719 -0.087753588502059235 0.064029666215834544 0.027747513630180621 -0.071197786454610418 0.065579820355119167 -0.085990538954311316 -0.072778268213674377 0.04566420803287953 -0.063084579875240951 0.013088956110647349 -0.077177064366853468 0.035078601271887409 -0.070449948386539854
leaf_weight=297.25354366470128 12.074184173718093 13.174758496228604 7.2425274429842821 12.812045947182922 206.50803803605959 19.193838780047372 58.421520937234163 74.004150281660259 8.7537410794757289 159.71944238990545 12.961883412674068 349.25912323128432 8.7878661630675179 71.845939543098211 9.592411842197178 97.804253061302006 8.9266047514975053 6.1474908180534831 54.453980447724462 24.325164953246713 15.263699552975597 13.49088362790644 7.1471554241143158 15.893760929349808 213.9547360278666 8.7279567276127619 37.293707439675927 17.905901665333658 145.43420916097239 6.6745720217004409
leaf_count=445 100 597 91 197 913 538 132 163 252 54 142 393 162 24 110 207 55 49 39 56 162 20 89 348 680 127 192 252 509 108
internal_value=0.0409281 0.0345741 0.035616 0.0451749 0.0305717 0.0234988 0.0266269 0.0487728 0.0246547 0.0495819 0.0460295 0.051901 0.020761 0.0303005 0.0320902 0.0411151 0.0121884 0.0187453 0.024219 -0.010656 0.039475 -0.00702538 0.0280364 0.0185557 0.0373212 0.0246765 -0.0028454 0.0280297 0.0191129 0.030448
internal_weight=1995.05 1150.4 1137.22 392.823 744.398 537.89 518.696 380.011 82.7579 844.653 684.933 555.787 129.146 206.528 116.185 106.592 134.682 125.755 119.608 36.3993 83.2086 28.7546 511.454 253.058 258.396 237.164 44.4409 228.436 170.015 152.109
internal_count=7206 5633 5036 1057 3979 3066 2528 860 415 1573 1519 898 621 505 479 369 481 426 377 156 221 182 2437 1476 961 1128 281 1001 869 617
is_linear=0
shrinkage=0.05


Tree=30
num_leaves=31
num_cat=0
split_feature=12 11 13 12 12 13 3 10 10 12 12 2 13 6 3 12 6 6 3 13 3 2 13 13 12 12 11 12 12 11
split_gain=32.4242 30.2935 38.1452 61.7846 56.8944 51.3108 44.3018 37.9535 34.0085 28.7799 37.1674 24.2568 57.7705 23.5632 21.5663 30.0892 17.6461 68.0372 16.3314 29.9345 18.9118 15.4489 26.6091 15.3929 14.6976 14.4641 14.9169 17.5839 54.1172 14.877
threshold=5.4103734435467947 0.014599317988064794 5.5000000000000009 0.88079119342587353 1.8592399146080612 2.5000000000000004 0.66071428571428592 0.12500000000000003 1.0000000180025095e-35 2.1576065010327148 2.0878146568448668 1.0000000180025095e-35 35.500000000000007 0.55000000000000016 0.042678571428571434 1.1121704808231463 1.0000000180025095e-35 0.55000000000000016 1.0537500000000002 9.0000000000000018 0.53865384615384626 2.2500000000000004 3.5000000000000004 4.5000000000000009 1.0224921205566442 0.91900249960484637 0.020204081632653064 0.94417647524796544 1.439735051136654 0.13245614035087722
decision_type=2 2 2 2 2 2 2 2 2 2 2 2 2 2 2 2 2 2 2 2 2 2 2 2 2 2 2 2 2 2
left_child=1 2 3 -1 6 13 7 24 11 10 -7 16 -13 -6 15 -3 -4 -18 19 -19 -21 22 -9 -24 -5 29 -27 -28 -29 -16
right_child=-2 14 8 4 5 9 -8 21 -10 -11 -12 12 -14 -15 25 -17 17 18 -20 20 -22 -23 23 -25 -26 26 27 28 -30 -31
leaf_value=-0.052625040160468886 -0.063992592558915803 0.036312104612477657 0.047527231870614042 0.032551187350608385 0.030010389285773938 -0.072855245589915268 -0.074292884174455634 -0.06900233862210739 0.055162130655608127 -0.065079782434230793 0.037853301449816801 -0.088193825293858913 0.067406973868817069 -0.058359331971184952 0.045085177408139748 -0.067742459439571245 -0.085100562881770342 0.082358381407076298 0.054098684383205892 0.0470242793970366 -0.022156416351369619 0.060593556394723629 0.037172932229289718 -0.059602942739679692 0.05990536893200054 0.084358331935579164 0.079019810938487214 -0.065754844406662002 0.053050173376981848 -0.0018765644826098306
leaf_weight=22.862202886724845 7.2862041336484245 36.198690364137292 174.08331410214305 62.860676122363657 172.35374600929208 11.015168702928348 7.7138143228366962 12.158785729669033 383.66711893863976 27.201849875506014 24.318672757130116 12.712803937494755 11.238583415746689 7.8886496764607719 170.27573168603703 8.5975927365943772 13.047079088166354 13.642781779170035 58.252230152487755 14.029988225549458 33.38754353299737 10.597072497010229 22.750271344790239 5.0145924363750956 224.42989395745099 44.412837785668671 60.389372007921338 9.8398896786384267 370.46232210379094 18.718156266957521
leaf_count=776 118 76 143 182 769 258 179 225 272 674 126 59 3 320 398 129 67 10 60 13 115 5 73 132 519 67 31 231 1097 110
internal_value=0.041296 0.0416713 0.0371882 0.028019 0.0311529 0.0126031 0.0441867 0.0468921 0.0450362 -0.0264211 0.0033404 0.0332776 -0.0151821 0.0261427 0.0499356 0.0163413 0.0370651 0.0233051 0.0351595 0.0170913 -0.0016871 0.00692665 -0.00731834 0.0196943 0.0539201 0.0521681 0.0567396 0.0539562 0.0499762 0.040434
internal_weight=2051.41 2044.12 1325.23 611.165 588.303 242.778 345.525 337.811 714.061 62.5357 35.3338 330.394 23.9514 180.242 718.895 44.7963 306.443 132.36 119.313 61.0603 47.4175 50.5207 39.9236 27.7649 287.291 674.098 485.104 440.692 380.302 188.994
internal_count=7237 7119 4980 4238 3462 2147 1315 1136 742 1058 384 470 62 1089 2139 205 408 265 198 138 128 435 430 205 701 1934 1426 1359 1328 508
is_linear=0
shrinkage=0.05


Tree=31
num_leaves=31
num_cat=0
split_feature=14 12 2 11 2 12 13 12 1 1 5 1 1 1 1 14 12 12 1 1 1 12 13 14 14 11 11 12 1 11
split_gain=38.848 35.7161 55.8876 29.2258 20.8115 16.833 43.8978 37.9571 70.3955 78.4683 48.4705 70.8866 48.0967 56.4382 25.7236 23.7447 23.6059 61.9406 23.3373 45.6842 20.0754 21.8924 27.9237 16.2002 32.3015 12.0514 67.6312 33.5668 30.8337 30.5509
threshold=9.5000000000000018 3.3703496293710251 1.0000000180025095e-35 0.049891774891774911 2.2500000000000004 1.9861552041756154 2.5000000000000004 0.93778201029957164 0.0043633040040731439 0.12385080382227899 0.40000000000000008 0.063579592853784575 0.17984239012002948 0.21605522930622104 0.24284165352582934 3.5000000000000004 1.0515018445150426 1.6014684549625273 0.2146469056606293 0.18085987120866778 0.20449486374855044 1.6725182684501305 7.5000000000000009 79.500000000000014 80.500000000000014 0.096464019851116647 0.075922266139657454 2.1576065010327148 0.12385080382227899 0.29705882352941188
decision_type=2 2 2 2 2 2 2 2 2 2 2 2 2 2 2 2 2 2 2 2 2 2 2 2 2 2 2 2 2 2
left_child=3 25 23 4 5 7 14 8 -1 10 11 -10 -11 18 15 -7 -9 -18 19 -14 21 -19 -23 -3 -25 26 -2 28 -27 -29
right_child=1 2 -4 -5 -6 6 -8 16 9 12 -12 -13 13 -15 -16 -17 17 20 -20 -21 -22 22 -24 24 -26 27 -28 29 -30 -31
leaf_value=-0.081538685521861831 0.046126493370118558 -0.05999750901890704 0.049639657744406304 0.048475261698640616 0.056341103487381299 -0.05525835077654704 -0.060753307991630326 0.071955553134880987 0.040353378192892461 -0.089292138676273669 0.064104029610519628 -0.080022848740875896 0.06511452109887586 -0.084487948045495975 -0.066511654995797975 0.038225841456124544 -0.064247638905151713 -0.071767373356392147 0.09202539014416275 -0.086114244440860466 0.065244822243103615 0.048712509988228646 -0.068582832685690862 0.066224534551417011 -0.080164163614096118 -0.082821170704005437 -0.078766945427622539 -0.076229309272576637 0.06466891651574623 0.053156990416374242
leaf_weight=17.952764923684299 939.62257769098505 21.736879630945623 47.540119743905962 175.69366494612768 48.85939421877265 7.528615145944058 20.774767580442131 53.592125629074872 43.424997196067125 19.764049233403057 91.854312986135483 17.024550038855523 12.739413599483671 13.031778685748575 7.7446727240458122 69.471425625495613 14.664970424957572 5.5183950876817098 12.561153678223489 8.2136259623803181 58.248008019290864 39.62903746496886 5.8190823942422858 9.2757377624511701 6.3467106074094763 3.6004874212667337 10.965968156699089 8.6572999027557671 224.13314755493775 9.645408995449543
leaf_count=180 2135 538 95 582 36 356 562 117 100 199 97 163 7 163 97 261 393 121 5 96 68 174 37 1 58 41 165 90 291 9
internal_value=0.0397388 0.0450151 0.0136776 0.0306519 0.0251428 0.0222089 0.00438154 0.0267523 0.0136398 0.021456 0.0412217 0.00645153 -0.0239428 0.00380543 0.020349 0.0290855 0.044231 0.0322369 0.0381377 0.0058326 0.0451925 0.0222754 0.0336943 -0.0320845 0.00675327 0.0472385 0.0446857 0.0571015 0.0623371 -0.00804357
internal_weight=2025.64 1281.52 84.8994 744.111 568.417 519.558 105.519 414.038 236.567 218.614 152.304 60.4495 66.31 46.546 84.7447 77 177.472 123.879 33.5142 20.953 109.215 50.9665 45.4481 37.3593 15.6224 1196.62 950.589 246.036 227.734 18.3027
internal_count=7237 3423 692 3814 3232 3196 1276 1920 1010 830 360 263 470 271 714 617 910 793 108 103 400 332 211 597 59 2731 2300 431 332 99
is_linear=0
shrinkage=0.05


Tree=32
num_leaves=31
num_cat=0
split_feature=0 13 14 3 1 1 14 1 13 1 1 14 3 13 1 1 3 1 3 3 1 2 1 0 0 0 13 14 3 14
split_gain=50.4666 60.8475 39.5503 60.3049 29.1685 45.6697 24.8865 29.3444 24.6358 22.2955 38.689 18.7219 32.4841 33.3047 28.7769 30.6636 92.2702 27.9431 34.0603 17.189 22.0447 16.7632 27.2848 16.8053 71.6741 17.0283 16.0713 15.5411 16.6335 14.9906
threshold=0.41293818537966354 5.5000000000000009 12.500000000000002 0.09019230769230771 0.14907393604516986 0.14208731055259707 11.500000000000002 0.20637654513120654 3.5000000000000004 0.23643275350332263 0.2170587703585625 10.500000000000002 0.87487804878048803 11.500000000000002 0.20080568641424182 0.063579592853784575 0.55000000000000016 0.01205264311283827 0.018614718614718622 0.029100529100529109 0.20449486374855044 2.2500000000000004 0.20345768332481387 1.6307080372290226 0.46060710610450101 2.9438874179358376 4.5000000000000009 98.500000000000014 0.20819892473118282 26.500000000000004
decision_type=2 2 2 2 2 2 2 2 2 2 2 2 2 2 2 2 2 2 2 2 2 2 2 2 2 2 2 2 2 2
left_child=1 2 3 6 5 -5 7 19 -4 10 21 12 13 14 15 17 -17 18 -3 20 -1 22 23 24 -2 -25 29 -11 -29 -10
right_child=9 11 8 4 -6 -7 -8 -9 26 27 -12 -13 -14 -15 -16 16 -18 -19 -20 -21 -22 -23 -24 25 -26 -27 -28 28 -30 -31
leaf_value=-0.0005581957571351078 0.068515405952583722 0.030421900765566664 -0.059708221320372845 -0.05532763246676245 -0.062190636717144636 0.057759716931976096 0.071777651802020198 -0.069130405178191565 -0.056848492260214316 0.048418786936133731 -0.063754154984592595 0.046331797771641869 0.054020208448846675 -0.06870297986801327 0.057018135005628127 -0.092488250385813542 0.042174989394770435 0.051555259067089382 -0.099057798273511244 0.055330323785490076 0.076866317970457579 0.061782637154786373 -0.070610451258319828 0.056107926048031713 -0.063267916624689197 0.032635798555013341 -0.055441801532591366 0.1054080308295061 0.055677947905172748 0.038770365312288425
leaf_weight=47.482239884324372 21.945756077766418 14.107835069298746 27.982000032905489 16.053542566485703 25.593050229828805 20.112975227180868 38.875216261018068 7.6567147350870064 5.0042385654523995 583.34616840188392 9.343765131197868 324.03442576155066 83.346443004906178 10.856376674026249 42.754250526428223 23.683426164090633 27.480244621634483 49.165972322225571 7.9362866580486289 45.579512256663293 11.401185989379881 68.871244084089994 6.014923281967639 114.17412375845015 19.472593047423288 239.04887843132019 9.0018272534944099 25.500983665697277 49.36257109651342 22.658128217794001
leaf_count=322 16 22 697 786 723 47 52 112 140 1204 150 262 74 88 32 102 24 34 34 249 1 28 97 249 564 647 286 8 56 131
internal_value=0.0382851 0.0291515 0.00987333 0.0202803 -0.021343 0.00756266 0.0373049 0.0253522 -0.0243766 0.0451993 0.0369909 0.0383186 0.0283061 0.0161278 0.021705 0.00936754 -0.02016 0.0305828 -0.0161932 0.0322774 0.014433 0.0389958 0.0350788 0.0366897 0.00655825 0.0402228 0.00258844 0.0511711 0.0726176 0.0214725
internal_weight=1997.85 860.766 277.401 212.754 61.7596 36.1665 150.995 112.12 64.6462 1137.08 478.871 583.365 259.331 175.984 165.128 122.374 51.1637 71.2101 22.0441 104.463 58.8834 469.528 400.656 394.641 41.4183 353.223 36.6642 658.21 74.8636 27.6624
internal_count=7237 4218 3546 2292 1556 833 736 684 1254 3019 1751 672 410 336 248 216 126 90 56 572 323 1601 1573 1476 580 896 557 1268 64 271
is_linear=0
shrinkage=0.05


Tree=33
num_leaves=31
num_cat=0
split_feature=0 13 14 3 14 14 10 11 11 13 14 1 1 1 14 11 3 1 3 3 11 1 14 10 14 0 0 10 1 10
split_gain=45.5058 55.3344 36.6584 36.2147 30.1259 33.8891 24.8679 23.0743 41.7166 22.8682 21.9281 28.7532 43.8027 21.0894 20.1477 26.8217 34.9312 34.1699 41.6353 51.0499 39.0561 51.7857 19.8053 28.3833 19.6816 17.635 23.2624 45.2833 16.8636 17.9142
threshold=0.41293818537966354 5.5000000000000009 32.500000000000007 0.09019230769230771 12.500000000000002 31.500000000000004 0.17500000000000004 0.096464019851116647 0.075235849056603799 3.5000000000000004 26.500000000000004 0.14907393604516986 0.14208731055259707 0.11056338250637056 44.500000000000007 0.052506265664160411 0.67670033670033691 0.20080568641424182 1.0537500000000002 0.0636904761904762 0.049891774891774911 0.015745282173156742 11.500000000000002 1.0000000180025095e-35 9.5000000000000018 0.61223959779835269 0.99987383733576085 0.22500000000000003 0.18964367359876635 0.27500000000000008
decision_type=2 2 2 2 2 2 2 2 2 2 2 2 2 2 2 2 2 2 2 2 2 2 2 2 2 2 2 2 2 2
left_child=1 2 3 4 9 -6 14 8 25 22 11 12 -5 -9 15 17 -17 18 19 -3 21 -21 23 -1 -11 -2 27 -27 -8 -30
right_child=7 6 -4 10 5 -7 28 13 -10 24 -12 -13 -14 -15 -16 16 -18 -19 -20 20 -22 -23 -24 -25 -26 26 -28 -29 29 -31
leaf_value=0.0047522632984897334 0.064167945390456824 0.029466715883924296 -0.058291320882909128 -0.054946501466452982 -0.06143915213545597 0.057865140628197156 0.063335069464441798 -0.067928137689756585 -0.073705468433926349 -0.065940128786843813 0.054564501089270391 -0.060251675127330311 0.055859099046259186 0.058059275718421136 0.05298069655380086 -0.085301930174562224 0.031468500832073643 0.053918186897004595 0.050474829921275305 0.020905909907735793 0.041685512149777247 -0.08721401007906128 0.074989827726344133 0.061320876338864641 0.027044110358389502 -0.068788929727392326 0.040035128289863241 0.061155349771755657 -0.0082901701555836704 0.05549131013854456
leaf_weight=46.993419493548572 72.593586217146367 80.006951473653316 18.550939455162734 16.297599288867787 17.923271412495524 8.912036968860777 118.37257413566113 3.3646463449113062 8.0579022301826608 9.3049528454430419 10.074412966612725 30.564689396880567 19.700146232265979 259.73384332796559 79.637454122304916 12.221031080931427 13.456581324338911 95.468934338539839 66.956790834665298 16.577024802565575 14.581062138080595 33.366535246372223 36.958267875947058 41.985994711052626 14.652250700164585 14.16619284148328 752.31026278133504 12.728521530516446 19.747387982904911 24.878629453480244
leaf_count=314 187 108 483 831 358 13 55 54 114 196 85 990 50 307 29 62 16 66 59 27 14 163 32 134 60 274 2005 78 40 33
internal_value=0.0368907 0.028142 0.0095556 0.0145232 0.0269712 -0.0218181 0.0369274 0.043491 0.0395264 0.0357059 -0.0141829 -0.024588 0.00569303 0.0564481 0.0303907 0.0249824 -0.0241073 0.0290888 0.0178805 0.00278064 -0.0303086 -0.0513274 0.0442238 0.0314448 -0.00907087 0.0405976 0.0384017 -0.00728991 0.0534604 0.0272675
internal_weight=1970.14 847.189 271.918 253.367 176.73 26.8353 575.271 1122.95 859.856 149.895 76.6368 66.5624 35.9977 263.098 412.272 332.635 25.6776 306.957 211.488 144.532 64.5246 49.9436 125.938 88.9794 23.9572 851.799 779.205 26.8947 162.999 44.626
internal_count=7237 4218 3546 3063 1107 371 672 3019 2658 736 1956 1871 881 361 544 515 78 437 371 312 204 190 480 448 256 2544 2357 352 128 73
is_linear=0
shrinkage=0.05


Tree=34
num_leaves=31
num_cat=0
split_feature=0 13 12 14 1 14 12 0 10 13 1 12 14 10 10 1 0 0 13 14 11 1 14 1 0 1 12 1 1 10
split_gain=40.674 50.339 37.1247 31.2264 30.6044 30.2888 27.9039 46.7542 27.4856 26.1333 25.5829 25.5606 39.1376 22.6661 22.3998 19.8666 19.6981 42.7126 29.872 19.3757 24.5326 31.6493 29.4814 28.0475 70.8904 16.9187 28.2096 20.4082 15.9452 16.4006
threshold=0.41293818537966354 5.5000000000000009 0.88079119342587353 32.500000000000007 0.14907393604516986 7.5000000000000009 2.6817505102530386 20.295735126050783 1.0000000180025095e-35 1.5000000000000002 0.26258634030818945 3.1386333129076545 6.5000000000000009 0.17500000000000004 1.0000000180025095e-35 0.20449486374855044 10.877848490814401 8.4696246509069244 11.500000000000002 44.500000000000007 0.052506265664160411 0.20080568641424182 9.5000000000000018 0.14687306433916095 0.087094578385637 0.14208731055259707 1.8592399146080612 1.0000000180025095e-35 0.18964367359876635 0.27500000000000008
decision_type=2 2 2 2 2 2 2 2 2 2 2 2 2 2 2 2 2 2 2 2 2 2 2 2 2 2 2 2 2 2
left_child=1 2 -1 4 14 -6 10 11 9 -7 16 12 -8 19 25 -11 17 18 -2 20 21 23 -22 -3 -25 26 27 -4 -15 -30
right_child=6 13 3 -5 5 8 7 -9 -10 15 -12 -13 -14 28 -16 -17 -18 -19 -20 -21 22 -23 -24 24 -26 -27 -28 -29 29 -31
leaf_value=-0.052009789636307806 0.035793242571500149 0.023895084739072567 0.032844132747215815 -0.059882313635493345 -0.063404116549253972 -0.067327509506615257 0.045405673302430755 -0.071039892804350177 -0.057041975698704783 -0.067534645473135285 0.053977304683448996 0.037731537450138838 -0.080604841167803684 0.061259172569018375 0.05400648172634942 0.052134044168243271 0.054997214495132424 -0.078790475980806657 -0.081022882610411143 0.051855754251650323 0.024808585358220149 0.052107131842745971 -0.083882500485844502 -0.10348850786966175 0.067780528514453667 0.057185364558189559 -0.057575618237519333 -0.063192631779523292 -0.0078613277071258418 0.053275538476450363
leaf_weight=22.615015687886626 298.36587016633712 184.3669527284801 44.662084403447807 13.18102349876426 17.801890097092837 6.3440899634733787 12.559651486342775 11.744196394458411 12.014711884083225 3.8084516371600321 461.05792374769226 187.70114663615823 12.096982106100766 116.31717479228973 66.930528463795781 38.819010857027024 111.58686373569071 8.6873034564778191 5.574923430569469 77.355102941393852 14.10425201803446 93.888302341103554 11.187345519661902 14.603865247219801 10.305308803915977 18.742315442301333 14.745836053509263 6.3138918362092218 19.782460950314999 24.624230708926916
leaf_count=876 1144 302 99 334 476 82 71 132 430 60 716 641 125 55 345 129 75 75 40 29 22 66 56 67 2 34 472 209 40 33
internal_value=0.0355658 0.0272125 0.00926861 0.014963 0.0192489 -0.00602373 0.0418345 0.0260736 0.0107256 0.0273518 0.0458242 0.0314444 -0.0164173 0.0356368 0.0324012 0.0414425 0.036963 0.0305261 0.0336506 0.0293429 0.0240409 0.0279877 -0.0232692 0.0171669 -0.0326319 0.0152808 0.00333063 0.020949 0.0515284 0.0260401
internal_weight=1941.89 832.514 265.979 243.364 230.183 78.7882 1109.37 224.102 60.9863 48.9716 885.273 212.358 24.6566 566.535 151.395 42.6275 424.215 312.628 303.941 405.811 328.456 303.164 25.2916 209.276 24.9092 84.4641 65.7218 50.976 160.724 44.4067
internal_count=7237 4218 3546 2670 2336 1177 3019 969 701 271 2050 837 196 672 1159 189 1334 1259 1184 544 515 437 78 371 69 814 780 308 128 73
is_linear=0
shrinkage=0.05


Tree=35
num_leaves=31
num_cat=0
split_feature=14 0 0 12 1 1 14 3 14 0 1 0 1 3 3 1 1 0 13 14 12 2 1 3 1 13 11 13 11 14
split_gain=40.4627 34.7408 26.9229 35.4565 23.746 60.3182 28.674 28.8335 21.098 18.0974 74.8789 30.7901 75.2458 25.8742 47.2907 29.9913 27.7169 23.1097 22.366 30.1013 20.5058 38.4968 33.7325 20.6817 36.0502 31.4822 15.135 14.7316 21.5895 56.7792
threshold=85.500000000000014 20.295735126050783 17.216839764902968 4.9695392937802128 0.12490386515855791 0.14208731055259707 66.500000000000014 1.0608536585365858 63.500000000000007 7.2476287453453301 0.33347858488559728 4.2894938075823115 0.41562983393669134 0.12009433962264153 0.0636904761904762 0.31689214706420904 0.31966254115104681 3.6859311122709069 2.5000000000000004 57.500000000000007 2.8186305780363132 1.0000000180025095e-35 0.17984239012002948 1.0000000180025095e-35 0.18085987120866778 1.5000000000000002 0.09910714285714288 5.5000000000000009 0.23205128205128209 4.5000000000000009
decision_type=2 2 2 2 2 2 2 2 2 2 2 2 2 2 2 2 2 2 2 2 2 2 2 2 2 2 2 2 2 2
left_child=1 2 3 4 26 -6 7 8 9 11 -11 12 13 14 20 -16 -17 27 -12 -20 21 22 -7 -24 -25 -26 -1 28 29 -15
right_child=-2 -3 -4 -5 5 6 -8 -9 -10 10 18 -13 -14 17 15 16 -18 -19 19 -21 -22 -23 23 24 25 -27 -28 -29 -30 -31
leaf_value=0.034345599116444255 0.0503042414211761 -0.067316444267572884 0.061361291185686874 -0.065340653918626881 -0.069490583567570041 -0.077560374161344037 -0.08109875861312503 -0.082074519433187734 0.079238068752093549 -0.070769129483920265 0.054209781704467191 0.051224405017349789 -0.071749060494598879 0.043115041690356404 -0.072619075789675178 0.063642084085427722 -0.077114064688187489 -0.069005756784355832 -0.079755929864797903 0.05197069981194307 0.057963194563606317 -0.091896995241813995 0.043674516261785964 0.072454001515024055 0.031109385313948069 -0.077538254500602907 0.059372082475223686 0.046934892119849983 0.061117713278934664 -0.034554986282353352
leaf_weight=573.88741969736293 290.99291553045623 9.1202077791094762 67.810651864856482 9.8638801851775479 16.849612278165296 7.8789721289649597 6.1899165702052406 6.020354537293314 19.41790682496503 23.671218222007155 41.887706691399217 128.24897532910109 19.768315339228138 62.362968967761844 22.881141492165625 10.549783215392379 5.2318958032410583 5.1212607882916918 8.5966810770332813 8.7522578239440918 37.282093515619636 7.7790223937481633 80.92951793782413 11.809563044458626 11.469276566989722 15.925791122950612 67.519610730232671 190.66518136672676 31.765433431603014 37.787507926113904
leaf_count=2209 341 114 33 223 351 99 83 111 22 251 39 223 374 426 372 7 85 71 75 5 147 61 107 5 25 210 177 178 56 777
internal_value=0.033199 0.0299815 0.0305585 0.0291377 0.0297759 0.0241328 0.0260998 0.0269336 0.0277646 0.0264671 0.00439954 0.0291285 0.024061 0.027572 0.013949 -0.0360463 0.016979 0.0363742 0.0344373 -0.013302 0.0251174 0.0160995 0.0226622 0.0292352 -0.000571509 -0.0320516 0.0369801 0.0380472 0.0252014 0.0138096
internal_weight=1838.04 1547.04 1537.92 1470.11 1460.25 818.842 801.993 795.803 789.782 770.365 82.9079 687.457 559.208 539.439 211.737 38.6628 15.7817 327.702 59.2366 17.3489 173.074 135.792 128.013 120.134 39.2046 27.3951 641.407 322.581 131.916 100.15
internal_count=7257 6916 6802 6769 6546 4160 3809 3726 3615 3593 370 3223 3000 2626 1118 464 92 1508 119 80 654 507 446 347 240 235 2386 1437 1259 1203
is_linear=0
shrinkage=0.05


Tree=36
num_leaves=31
num_cat=0
split_feature=14 0 0 12 0 1 12 12 12 12 6 0 12 12 12 14 10 0 13 14 0 12 11 1 0 10 0 5 12 10
split_gain=38.1798 32.127 25.7323 32.8442 22.3765 43.6746 20.6621 50.3254 26.8232 25.6138 29.4264 27.7111 27.1512 62.03 24.9291 40.3229 26.7605 24.893 45.7522 39.7058 24.6821 57.2327 45.688 45.2727 31.093 33.2295 27.6917 25.9308 23.0454 18.3084
threshold=85.500000000000014 20.295735126050783 17.216839764902968 4.9695392937802128 11.124933199757818 0.63445630669593822 4.6853219471441836 3.4654884253890437 3.4514933084675818 2.0914895534951747 0.55000000000000016 8.4562919004603092 1.7990871646976954 1.6882929624056546 2.8186305780363132 20.500000000000004 0.12500000000000003 2.7087705369925517 5.5000000000000009 3.5000000000000004 0.61223959779835269 1.5126576166751728 0.018019480519480525 0.35839533805847174 11.005681806116822 0.17500000000000004 4.966444657934054 0.40000000000000008 1.0398722639508 1.0000000180025095e-35
decision_type=2 2 2 2 2 2 2 2 2 2 2 2 2 2 2 2 2 2 2 2 2 2 2 2 2 2 2 2 2 2
left_child=1 2 3 4 6 -6 7 8 9 12 11 14 13 20 16 29 -11 18 19 -14 23 22 24 -1 25 -22 28 -27 -24 -16
right_child=-2 -3 -4 -5 5 -7 -8 -9 -10 10 -12 -13 17 -15 15 -17 -18 -19 -20 -21 21 -23 26 -25 -26 27 -28 -29 -30 -31
leaf_value=0.035452782453564397 0.048813333534112935 -0.06648160862358736 0.059974186298176628 -0.064878687420935971 -0.076733849705227897 0.065195645253884646 0.063518821539618797 -0.058964042173710568 0.074023585882425788 0.013147785214839662 -0.061791801281949638 -0.076235487860919493 0.041996753546417569 -0.075431293168905122 0.0085400395658428215 -0.076203405357934725 -0.062407575942036754 0.063810807499538533 0.069580942853444364 -0.065434283513433819 -0.075834598343210352 0.050883433282304595 -0.071696634694598874 -0.076856406353164874 0.057850816229727597 -0.06550886370347786 0.045082922423426229 0.046570615155852174 0.028029310034488338 0.058681637394997516
leaf_weight=703.30954625247978 285.03988392744213 8.7815873995423299 65.957337599247694 9.4479385609738511 13.711278978735209 8.9638786315917969 43.122086398303509 16.299821536056697 32.886801798827946 77.797517009079456 12.538882183376698 7.647741666994988 16.33059186511673 14.278348219580947 24.32356171682477 7.2481201181653878 13.797846714267505 110.79657086916268 30.353202819824219 18.17038379330188 36.743612722493708 71.155927176587284 11.497156600467862 9.0891236194875074 8.0625138953328115 8.5279898575972766 48.111834166571498 13.069540591910481 11.676470112055538 72.37465062038973
leaf_count=2270 341 114 33 223 141 1 58 576 45 377 377 71 170 128 235 85 266 100 3 380 395 159 143 186 3 148 59 21 52 97
internal_value=0.0320157 0.0288782 0.0294301 0.028042 0.0286509 -0.0206267 0.0294382 0.0283702 0.0294171 0.0283115 0.0125454 0.0171328 0.0313725 0.0279858 0.0207845 0.037543 0.00176619 0.0494099 0.0248075 -0.0145832 0.0295887 0.0144731 -0.00434325 0.0340199 -0.0341851 -0.0469041 0.023455 0.00231497 -0.0214478 0.046069
internal_weight=1811.11 1526.07 1517.29 1451.33 1441.88 22.6752 1419.21 1376.09 1359.79 1326.9 215.728 203.189 1111.17 935.522 195.542 103.946 91.5954 175.651 64.8542 34.501 921.244 208.845 137.689 712.399 66.4037 58.3411 71.2855 21.5975 23.1736 96.6982
internal_count=7257 6916 6802 6769 6546 142 6404 6346 5770 5725 1508 1131 4217 3564 1060 417 643 653 553 550 3436 980 821 2456 567 564 254 169 195 332
is_linear=0
shrinkage=0.05


Tree=37
num_leaves=31
num_cat=0
split_feature=14 0 0 12 0 1 12 12 9 12 12 11 11 12 12 14 14 14 12 12 0 0 14 11 0 12 11 1 3 0
split_gain=35.8526 29.7481 24.5484 30.4649 20.4226 40.9622 19.4003 46.6129 36.764 23.6693 20.5325 19.9071 31.4214 18.9007 46.269 37.7729 32.3067 30.7475 29.589 57.0867 24.7781 23.6989 27.3872 22.5264 20.657 54.4031 42.7522 39.3184 31.8187 44.221
threshold=85.500000000000014 20.295735126050783 17.216839764902968 4.9695392937802128 11.124933199757818 0.63445630669593822 4.6853219471441836 3.4654884253890437 0.15000000000000005 3.4514933084675818 3.3703496293710251 0.21954449152542374 0.15314351547070443 2.0503714324563251 2.8186305780363132 20.500000000000004 50.500000000000007 5.5000000000000009 1.7990871646976954 1.6882929624056546 1.0005857905995132 0.99987383733576085 15.500000000000002 0.13245614035087722 0.61223959779835269 1.5126576166751728 0.018019480519480525 0.35839533805847174 0.81928571428571451 11.005681806116822
decision_type=2 2 2 2 2 2 2 2 2 2 2 2 2 2 2 2 2 2 2 2 2 2 2 2 2 2 2 2 2 2
left_child=1 2 3 4 6 -6 7 8 9 10 11 12 13 18 16 17 20 -16 19 23 21 22 -15 24 27 26 28 -1 29 -26
right_child=-2 -3 -4 -5 5 -7 -8 -9 -10 -11 -12 -13 -14 14 15 -17 -18 -19 -20 -21 -22 -23 -24 -25 25 -27 -28 -29 -30 -31
leaf_value=0.034595823225631116 0.047362835187634129 -0.065687804899860675 0.05864837208705484 -0.064430163019067191 -0.075722029520202641 0.064236559120818645 0.061761161584939689 -0.058654447260997014 -0.085002011837050639 0.071022719795851633 -0.065889015418934771 0.055072812249877645 -0.072395188504681698 -0.063912470105028943 -0.05894092063446732 -0.07363603488062595 0.036173318766803186 0.053095847811636114 0.052622453415675147 -0.074290364224619335 -0.068157711946334007 0.056463951734529505 0.028175953206271614 -0.067169091373176948 -0.072785366572159574 0.049922019373124946 0.025993756499471984 -0.078219902456044335 0.031621287159556401 0.056893677567255108
leaf_weight=676.70882367598824 279.23041185876355 8.4516899818554503 64.122779557481408 9.0481434741523099 13.212443281896412 8.6507644653320312 42.156525301281363 15.58464932697825 7.1193503728136411 32.570649814093485 5.8132444266229859 65.855591998435557 7.9228716520592561 20.407994740409777 6.5818528409581623 7.1823792061768463 26.073942872695625 88.018116025719792 129.01459794398397 13.694828038103877 25.658015644177794 11.195441697724162 13.35879062162712 6.0997780398465684 41.967122580157593 69.697090751491487 57.072037422796711 7.8123396758455774 14.534180993679909 7.7950526252388945
leaf_count=2085 341 114 33 223 141 1 58 576 66 45 118 96 107 426 215 88 51 174 434 122 387 19 128 119 516 151 208 165 47 3
internal_value=0.0309095 0.0278535 0.0283823 0.0270259 0.027608 -0.0203437 0.0283569 0.0273197 0.028318 0.0289223 0.0278695 0.0282898 0.0268568 0.0274998 0.0133778 0.0369079 -0.0113906 0.0453008 0.030236 0.0270103 -0.0289518 -0.00657863 -0.0274805 0.0285838 0.0292508 0.0147144 -0.00550388 0.0333083 -0.0334625 -0.0524716
internal_weight=1782.61 1503.38 1494.93 1430.81 1421.76 21.8632 1399.9 1357.74 1342.15 1335.03 1302.46 1296.65 1230.8 1222.87 198.477 101.782 96.6942 94.6 1024.4 895.381 70.6202 44.9622 33.7668 881.686 875.587 191.065 121.368 684.521 64.2964 49.7622
internal_count=7257 6916 6802 6769 6546 142 6404 6346 5770 5704 5659 5541 5445 5338 1488 477 1011 389 3850 3416 960 573 554 3294 3175 925 774 2250 566 519
is_linear=0
shrinkage=0.05


Tree=38
num_leaves=31
num_cat=0
split_feature=14 10 0 1 13 0 14 14 11 11 14 14 14 13 11 1 0 1 13 13 1 10 14 1 1 0 1 0 1 1
split_gain=33.9685 21.8874 18.5653 48.2322 28.0839 24.2745 23.8035 22.0153 17.8633 35.9076 20.4593 29.4709 37.1021 38.0879 33.9886 38.5998 31.5987 17.9519 16.7159 37.9002 27.0441 40.0576 15.4615 27.088 53.5144 44.8976 16.8644 31.2283 19.1477 34.8673
threshold=49.500000000000007 0.47500000000000009 5.5208165614046418 0.35839533805847174 5.5000000000000009 4.0526194321508706 73.500000000000014 72.500000000000014 0.21954449152542374 0.16421568627450983 12.500000000000002 29.500000000000004 34.500000000000007 9.0000000000000018 0.016807909604519777 0.36185109615325933 4.966444657934054 0.33103917539119726 1.5000000000000002 3.5000000000000004 0.20226479321718219 0.12500000000000003 9.5000000000000018 0.2170587703585625 0.28510612249374395 17.745907011616051 0.20080568641424182 7.5229806065981153 0.12385080382227899 0.14208731055259707
decision_type=2 2 2 2 2 2 2 2 2 2 2 2 2 2 2 2 2 2 2 2 2 2 2 2 2 2 2 2 2 2
left_child=1 8 3 4 5 6 7 -2 9 10 22 14 -13 -14 15 18 -16 -18 -12 -20 21 -21 23 26 25 -25 27 28 -1 -30
right_child=2 -3 -4 -5 -6 -7 -8 -9 -10 -11 11 12 13 -15 16 -17 17 -19 19 20 -22 -23 -24 24 -26 -27 -28 -29 29 -31
leaf_value=0.034940839191930466 -0.067100695288609194 -0.065611850366125879 0.049962805001569494 -0.069777975717690302 0.052588194500157392 0.042991879228856389 -0.076319565762786493 0.065044628892907685 0.050099777569742245 -0.076150320486913226 0.052564019750571872 0.055391097156787451 -0.067239529907244522 0.027439707688830629 -0.0709345507018984 -0.072842182330000865 -0.068924930056214459 0.030584644558087921 -0.071355112666121143 -0.11528467096832738 0.045095291555509634 0.017255430835467274 0.04150034514454945 -0.074026772885650904 0.027818910377157731 0.053822148036513189 0.053318416124694804 -0.065521758612592573 -0.068269569458834709 0.020810932084073856
leaf_weight=363.74006974580698 4.8609682966489354 6.501747900620102 272.51100116409361 11.604277559556065 92.282957255840302 23.559378668665886 12.656686975620685 8.9640241414308548 74.710880631115288 8.7247385531663877 34.548853010404855 77.537911023711786 14.723307107808067 38.135489892214537 26.026180195156485 11.503325163619591 5.9048341177403953 19.49912203848362 11.944091488141565 7.3299528416246167 54.831405481090769 25.647839487530291 207.22818753775209 29.544642359251156 77.469099845737219 8.946445217356084 70.190414716023952 8.9242595843970758 11.979777574772013 132.2633231326472
leaf_count=1698 83 236 228 173 30 18 167 2 119 113 86 197 298 38 453 160 78 48 186 60 141 76 479 442 248 6 185 122 293 794
internal_value=0.0298447 0.0259018 0.042122 0.0282409 0.0362328 0.00607094 -0.0267757 0.0185814 0.0263521 0.024929 0.0256414 0.014927 0.0333701 0.00106772 0.00273392 0.0150612 -0.032214 0.00745488 0.0225903 0.0122091 0.0235758 -0.0122042 0.0294977 0.0259599 0.00387657 -0.044311 0.0303216 0.0271989 0.0288278 0.0134126
internal_weight=1754.3 1327.86 426.439 153.928 142.324 50.0411 26.4817 13.825 1321.35 1246.64 1237.92 327.632 130.397 52.8588 197.236 145.805 51.4301 25.404 134.302 99.7533 87.8092 32.9778 910.286 703.058 115.96 38.4911 587.098 516.907 507.983 144.243
internal_count=7257 6556 701 473 300 270 252 85 6320 6201 6088 1821 533 336 1288 709 579 126 549 463 277 136 4267 3788 696 448 3092 2907 2785 1087
is_linear=0
shrinkage=0.05


Tree=39
num_leaves=31
num_cat=0
split_feature=0 9 1 1 1 12 3 3 3 0 0 3 1 3 1 12 12 1 1 3 3 11 0 1 1 3 3 2 1 12
split_gain=25.6696 34.9735 27.5668 20.867 49.1465 33.04 26.1558 18.8047 54.603 20.8429 33.3031 18.6977 50.8674 28.3148 21.7269 14.5027 15.4129 13.6373 31.3422 20.8957 103.226 12.2966 47.5907 46.5353 27.1035 15.6213 38.0559 11.0312 26.4234 11.6983
threshold=6.125991563620679 0.15000000000000005 0.51657181978225719 0.12490386515855791 0.14208731055259707 3.4714871709464243 1.0608536585365858 0.12009433962264153 0.0636904761904762 2.1060495699636372 2.174137757545783 1.0000000180025095e-35 0.20226479321718219 0.039761904761904769 0.33347858488559728 2.8186305780363132 1.0515018445150426 0.097205407917499556 0.090475406497716918 0.42314102564102568 1.143050541516246 0.22902097902097904 1.6030687279993623 0.50461918115615856 0.41562983393669134 0.74621212121212144 1.0537500000000002 1.3500000000000003 0.074171077460050597 1.0398722639508
decision_type=2 2 2 2 2 2 2 2 2 2 2 2 2 2 2 2 2 2 2 2 2 2 2 2 2 2 2 2 2 2
left_child=1 2 3 17 -5 6 7 8 11 -10 -11 12 -6 -13 15 16 -15 18 19 27 -21 22 24 -24 25 -9 -27 28 29 -1
right_child=-2 -3 -4 4 5 -7 -8 21 9 10 -12 13 -14 14 -16 -17 -18 -19 -20 20 -22 -23 23 -25 -26 26 -28 -29 -30 -31
leaf_value=0.03979191154718642 0.039246376554067854 -0.080888232188556439 -0.066003596572592471 -0.069275198935121976 -0.081763795575540199 -0.059902474823920596 -0.083703640245117741 0.041499558554217282 -0.071559146076510746 0.065675531448250321 -0.076028614639635686 -0.077252171781884454 0.047195311442543339 0.022135498937650957 -0.071799370784805805 0.061856956253117962 -0.062191366055323709 0.047751248188875772 -0.082233687163758382 -0.077357632285842678 0.049022176148793506 0.055471324603874078 -0.069329808655270372 0.056612613833428096 -0.067217312625105358 -0.089142661345413043 0.05098718743330586 0.052100270877053767 -0.075836351267482491 0.022097640436323649
leaf_weight=229.67073817970231 438.1782448142767 7.7164927406702182 8.1117888670414668 15.110347339883445 8.2508191745728237 12.052096573403103 5.6099313818849614 238.15046106791124 22.441645263694227 9.2462672907859105 7.5172387110069385 9.0540074994787556 104.4402314145118 36.471686012111604 6.2780634975060812 19.248001084662974 6.3642272939905515 121.1885319231078 6.2372492540162048 24.701114144641906 46.714129286119714 48.538497264496982 22.363251564092934 10.914267070591448 6.2798931773286304 7.9926438652910301 12.303130797110498 73.71773528540507 5.7011947329156092 157.44700421369635
leaf_count=403 888 74 209 337 74 455 99 961 399 2 73 130 150 100 59 24 113 435 116 475 115 62 281 9 142 148 25 51 92 756
internal_value=0.0287908 0.0252389 0.0258776 0.0264626 0.0197719 0.022039 0.0237374 0.0247841 0.0136767 -0.0400503 0.00213131 0.0247566 0.0377534 0.0058378 0.0168424 0.0258061 0.00960687 0.0325827 0.0292047 0.0304968 0.00530991 0.032134 0.0283328 -0.0280236 0.0354171 0.037911 -0.00419711 0.0343523 0.0310216 0.0325954
internal_weight=1728.01 1289.83 1282.12 1274 608.627 593.516 581.464 575.854 229.312 39.2052 16.7635 190.107 112.691 77.416 68.362 62.0839 42.8359 665.378 544.189 537.952 71.4152 346.542 298.004 33.2775 264.726 258.446 20.2958 466.537 392.819 387.118
internal_count=7257 6369 6295 6086 3643 3306 2851 2752 1124 474 75 650 224 426 296 237 213 2443 2008 1892 590 1628 1566 290 1276 1134 173 1302 1251 1159
is_linear=0
shrinkage=0.05


Tree=40
num_leaves=31
num_cat=0
split_feature=1 2 1 14 14 1 1 3 14 1 1 11 1 1 0 1 0 14 3 12 1 12 13 0 12 1 2 14 3 3
split_gain=32.0992 25.1369 18.8795 27.1078 36.5815 29.0034 22.4363 35.4631 22.2376 24.8922 20.2048 18.9194 18.356 55.7375 21.9415 34.7364 17.4627 47.7512 22.3661 19.3761 28.8027 16.757 39.0305 16.6982 48.2466 15.797 40.4733 23.7477 22.5125 37.6891
threshold=0.27530562877655035 2.2500000000000004 0.020389707759022716 18.500000000000004 44.500000000000007 0.26435485482215887 0.046988107264041908 0.029100529100529109 2.5000000000000004 0.01205264311283827 0.051598073914647109 0.05917366946778712 0.2348379194736481 0.21605522930622104 0.41293818537966354 0.23643275350332263 8.6264725158976123 71.500000000000014 0.13159663865546223 2.8186305780363132 0.28100675344467169 1.6014684549625273 9.0000000000000018 2.1060495699636372 3.3370315807935782 0.16613907366991046 1.0000000180025095e-35 3.5000000000000004 0.018614718614718622 0.14990740740740746
decision_type=2 2 2 2 2 2 2 2 2 2 2 2 2 2 2 2 2 2 2 2 2 2 2 2 2 2 2 2 2 2
left_child=1 2 8 5 -5 6 7 -4 9 -1 -8 -6 13 25 15 -14 17 18 21 -20 -21 22 -2 24 -23 -12 27 -27 -29 -30
right_child=16 -3 3 4 11 -7 10 -9 -10 -11 12 -13 14 -15 -16 -17 -18 -19 19 20 -22 23 -24 -25 -26 26 -28 28 29 -31
leaf_value=-0.066577733192516239 -0.071803787312584841 0.054759427843818376 0.046482877426423916 -0.073014059467387551 -0.082331540516145399 -0.083543003667222129 0.068575434234036475 -0.080387043249468937 0.034445442345197079 0.043107399148258577 0.013402282269364928 0.042201770980567391 0.057201635989224654 -0.07473749162551066 0.051532966826174413 -0.079157963130617195 0.053051808057619637 -0.074457340876066189 0.05099506211682913 0.055149361150412968 -0.067419450025391889 -0.067445959978573805 0.027029302636826003 0.045084960494227957 0.07008499384591442 0.058559610937863132 -0.081256908786332738 0.047088692278880864 -0.072380414386049668 0.024276155046339055
leaf_weight=11.729590702336282 14.145038452465085 73.201055662706494 9.6130984006449598 18.283289941260591 3.6354778115637627 6.4853154073934993 25.065246793208644 12.89874833403155 452.43144181300886 9.2530416359659284 249.41047359351069 18.932481586001813 9.7647183933295327 15.567536212503908 89.101372676668689 8.9521446735598129 190.75564769841731 9.7767638307996076 223.09320514788851 10.420001884922387 8.8758200630545598 13.288544540759176 34.00212474167347 78.558676443062723 12.260202419012785 76.405887936940417 7.4583376408554605 45.339788804762065 13.674800831824539 38.42310395417735
leaf_count=265 227 52 19 323 73 78 44 210 981 20 1838 42 14 282 153 157 217 131 636 11 243 162 38 117 73 204 108 69 216 245
internal_value=0.0310935 0.0263705 0.0245191 0.0189808 -0.0204466 0.0216292 0.0227628 -0.0262105 0.0321117 -0.0182082 0.0246664 0.0221407 0.0226801 0.018207 0.0411951 -0.00801821 0.0405814 0.0346994 0.0374036 0.0468375 -0.00123065 0.0223849 -0.00200663 0.0336653 -0.00144831 0.0215664 0.0327974 0.0376906 0.0213261 -0.00109453
internal_weight=1790.8 1195.63 1122.43 649.012 40.8512 608.161 601.675 22.5118 473.414 20.9826 579.163 22.568 554.098 446.28 107.818 18.7169 595.176 404.42 394.644 242.389 19.2958 152.255 48.1472 104.107 25.5487 430.712 181.302 173.844 97.4377 52.0979
internal_count=7248 5393 5341 4075 438 3637 3559 229 1266 285 3330 115 3286 2962 324 171 1855 1638 1507 890 254 617 265 352 235 2680 842 734 530 461
is_linear=0
shrinkage=0.05


Tree=41
num_leaves=31
num_cat=0
split_feature=1 9 1 14 14 1 14 1 1 3 1 1 1 1 1 11 10 14 3 10 12 14 1 12 12 6 12 1 11 1
split_gain=29.9712 22.4946 20.0941 27.3125 35.9988 27.6448 22.4415 23.3291 22.1501 33.0315 17.198 22.355 17.9833 37.0469 17.2819 16.2264 14.1412 13.6585 27.2118 26.1027 19.2215 32.5595 14.411 12.5733 31.5795 31.9604 19.5729 18.9741 63.2475 21.4061
threshold=0.27530562877655035 1.0000000180025095e-35 0.020389707759022716 18.500000000000004 44.500000000000007 0.26435485482215887 2.5000000000000004 0.01205264311283827 0.046988107264041908 0.029100529100529109 0.051598073914647109 0.16613907366991046 0.16938359290361407 0.17729674279689792 0.15960182249546054 0.10078125000000003 0.7250000000000002 10.500000000000002 0.72686061381074196 0.12500000000000003 0.79893541518223798 3.5000000000000004 0.26258634030818945 2.8186305780363132 1.0000000180025095e-35 0.80000000000000016 3.4654884253890437 0.12385080382227899 0.09910714285714288 0.097205407917499556
decision_type=2 2 2 2 2 2 2 2 2 2 2 2 2 2 2 2 2 2 2 2 2 2 2 2 2 2 2 2 2 2
left_child=1 2 6 5 -5 8 7 -1 9 -4 -10 14 -13 -14 23 -2 -8 20 19 -19 21 -15 -22 24 27 -26 -25 29 -29 -12
right_child=15 -3 3 4 -6 -7 16 -9 10 -11 11 12 13 17 -16 -17 -18 18 -20 -21 22 -23 -24 26 25 -27 -28 28 -30 -31
leaf_value=-0.065716021387622989 0.03448247955012889 -0.06863867206747841 0.04508857782468835 -0.072907688987064151 0.023057407850192686 -0.082291945842618369 0.03411767233954708 0.041870078390520336 0.066496427587610027 -0.078913582909549251 0.0053169415330662773 0.065156363772732304 -0.075993313249279479 0.029822370523581401 -0.070221733434971775 0.053845827562355668 0.087460371833921496 0.0097631649181290237 0.060032458531214784 -0.082531019600980221 0.040494573006283112 -0.08389521934037851 0.095486294326860288 0.049503793736415981 -0.061504252022670791 0.017971714375414779 -0.056626421765469462 -0.089412389134282011 0.049546688269091692 0.049275998775243537
leaf_weight=11.360108068445697 441.90989314997569 6.3273158632218829 9.4198348671197909 17.782490644603968 21.694916587788612 6.2059830115176728 476.03133179806173 9.0552513322327286 24.618522086879238 12.492930853739379 47.97888467926532 37.291987417964265 8.2779580170754326 28.463944328948855 6.1470433417707673 143.27050004014745 12.757362232543526 37.358448426472023 20.365490635391325 9.6370591758750361 160.6394866744522 8.0816938108764571 12.867805622750891 40.989599358057603 27.350949121639132 23.534231179160997 4.8592941828537723 14.757452280260621 18.396330540068448 65.501536081545055
leaf_count=266 1643 97 19 312 105 75 984 20 43 210 128 65 145 70 124 212 13 149 20 147 702 117 10 156 669 364 203 91 17 72
internal_value=0.0299712 0.0253839 0.0258906 0.0201651 -0.0201698 0.0227119 0.0333647 -0.0179961 0.0237646 -0.0256077 0.0255764 0.0238168 0.032501 0.0282384 0.0125756 0.0392232 0.0355099 0.0313486 0.0117571 -0.009163 0.0376313 0.00467489 0.0445729 0.0146669 0.00919142 -0.0247469 0.0382556 0.0209687 -0.0123069 0.0306904
internal_weight=1765.43 1180.25 1173.92 664.714 39.4774 625.236 509.204 20.4154 619.03 21.9128 597.118 572.499 322.984 285.692 249.515 585.18 488.789 277.414 67.361 46.9955 210.053 36.5456 173.507 243.368 197.519 50.8852 45.8489 146.634 33.1538 113.48
internal_count=7248 5393 5296 4013 417 3596 1283 286 3521 229 3292 3249 1425 1360 1824 1855 997 1215 316 296 899 187 712 1700 1341 1033 359 308 108 200
is_linear=0
shrinkage=0.05


Tree=42
num_leaves=31
num_cat=0
split_feature=0 0 7 12 0 12 11 11 14 14 14 0 1 14 12 1 11 1 12 0 0 6 12 13 11 14 12 0 3 14
split_gain=27.1113 34.9584 20.4146 16.9623 45.1834 23.6555 18.1613 26.5354 20.9275 27.8499 15.9753 26.5463 32.7018 13.7311 37.8806 12.6499 40.3694 35.6552 30.0706 26.2085 31.6625 27.8774 27.2779 24.8833 25.8224 38.125 19.8251 17.0899 38.7322 15.8821
threshold=8.4829058898980936 8.3301373933810066 0.40000000000000008 3.4714871709464243 6.125991563620679 3.4514933084675818 0.10540935672514623 0.075235849056603799 10.500000000000002 8.5000000000000018 26.500000000000004 13.490109295819193 0.49758999049663549 12.500000000000002 2.1466012901733391 0.34109726548194891 0.043344068706387552 0.026255904696881775 1.6289067424297814 2.7580659675969876 0.75152544637719154 1.0000000180025095e-35 1.7990871646976954 5.5000000000000009 0.041241496598639467 3.5000000000000004 1.6154751663238869 2.9616131062915803 0.044907407407407417 30.500000000000004
decision_type=2 2 2 2 2 2 2 2 2 2 2 2 2 2 2 2 2 2 2 2 2 2 2 2 2 2 2 2 2 2
left_child=1 2 3 5 -5 6 7 15 9 -9 11 12 -2 14 -8 16 18 -18 26 20 21 22 -20 24 25 -24 29 -21 -29 -1
right_child=10 -3 -4 4 -6 -7 13 8 -10 -11 -12 -13 -14 -15 -16 -17 17 -19 19 27 -22 -23 23 -25 -26 -27 -28 28 -30 -31
leaf_value=0.024989855909779365 -0.06774913165256638 -0.080478998520409406 -0.07437358261158554 -0.059758653067084479 0.044785350580325012 0.064742255069773699 -0.066046865237290017 -0.069693971280982425 -0.074331823905690347 0.039603839336718481 0.048232853254850244 0.042224497866297728 0.059448824220099353 0.050624078282636514 0.042891382570744471 0.037487640241815938 0.046000609846054807 -0.075573767836826705 -0.069225089124849287 0.067986006006543351 -0.072405907542379841 -0.058837970130064358 0.041952189255864754 0.055133276740478326 0.068010713492241456 -0.062032063252396741 0.091778650200494916 -0.098403266224202646 0.031549220455253345 0.043481808565274734
leaf_weight=546.33909696084447 14.634521591477098 7.6771661816164842 4.997611030470579 19.606178185669705 21.856983081437647 42.03117588814348 10.263406773330642 8.3114196513779479 11.070296940626575 19.508129130117595 243.12421300634742 47.603576993569732 7.717843532562255 123.4998300857842 35.865893132984638 192.5904803799931 8.9179054305423069 18.628915993031114 8.8859720504842681 22.182984985876828 15.787240441190077 15.356483446201308 14.689833352575077 34.747417822480202 10.640710146166382 22.040705358376727 12.774619558127595 6.5210122391581526 47.497829631902277 147.4515954493545
leaf_count=1938 175 63 79 783 61 47 194 150 188 45 268 107 2 250 66 641 17 295 110 15 284 572 77 11 4 381 12 42 142 229
internal_value=0.0288478 0.0259295 0.026504 0.0268598 -0.00464909 0.0278095 0.0266455 0.0244179 -0.0161876 0.00694982 0.0421744 0.0211187 -0.0238301 0.0419299 0.0186535 0.0258216 0.0234121 -0.0362157 0.0252272 0.00802449 -0.00633086 0.00347669 0.0139919 0.0229967 -0.000575823 -0.0204451 0.0300564 0.0310355 0.0158617 0.02892
internal_weight=1742.82 1429.74 1422.06 1417.07 41.4632 1375.6 1333.57 1163.94 38.8898 27.8195 313.08 69.9559 22.3524 169.629 46.1293 1125.05 932.462 27.5468 904.916 198.35 122.148 106.361 91.0046 82.1187 47.3712 36.7305 706.565 76.2018 54.0188 693.791
internal_count=7248 6696 6633 6554 844 5710 5663 5153 383 195 552 284 177 510 260 4770 4129 312 3817 1638 1439 1155 583 473 462 458 2179 199 184 2167
is_linear=0
shrinkage=0.05


Tree=43
num_leaves=31
num_cat=0
split_feature=1 2 9 10 3 10 14 14 3 1 13 1 1 12 3 14 3 3 12 12 11 12 1 13 12 12 14 14 3 1
split_gain=25.5798 23.1646 18.3591 17.6759 15.4075 58.8807 17.7507 33.9486 16.8939 14.6467 20.5708 13.0726 30.128 29.5233 12.7926 31.9872 11.9758 11.5781 24.027 29.6217 30.5313 29.1331 31.7829 29.5929 17.163 40.909 16.7791 16.7417 54.5736 15.078
threshold=0.27530562877655035 2.2500000000000004 1.0000000180025095e-35 0.32500000000000007 0.13159663865546223 0.17500000000000004 11.500000000000002 8.5000000000000018 0.16504716981132078 0.26435485482215887 17.000000000000004 0.30520866811275488 0.32900914549827581 4.5329491274866518 0.67038461538461569 92.500000000000014 0.089907407407407422 0.020526315789473691 1.0515018445150426 1.6725182684501305 0.22902097902097904 1.0224921205566442 0.23771545290946963 3.5000000000000004 1.6882929624056546 2.0667505158011652 3.5000000000000004 16.500000000000004 0.059642857142857157 0.26258634030818945
decision_type=2 2 2 2 2 2 2 2 2 2 2 2 2 2 2 2 2 2 2 2 2 2 2 2 2 2 2 2 2 2
left_child=1 2 3 9 5 6 7 -2 -6 17 -11 -10 -13 14 -14 -16 -8 29 21 20 -20 22 23 -19 -21 -26 -27 28 -25 -1
right_child=4 -3 -4 -5 8 -7 16 -9 11 10 -12 12 13 -15 15 -17 -18 18 19 24 -22 -23 -24 27 25 26 -28 -29 -30 -31
leaf_value=0.029355115578450247 0.029861692441253376 0.051710092419701252 -0.068211671179051123 -0.06771812373842849 0.058046236148895571 -0.069118221689445841 0.044769338004018944 -0.096624061206600595 0.053602150146496656 -0.08567954835774845 0.033406051412672055 -0.07175286303497963 0.041476277934112959 -0.076405662818011047 -0.07324310877036283 0.046219071329431212 0.00021324817242167985 -0.060897357343073194 -0.067456576390404796 0.053072264687239759 0.049812760361272967 0.070811641219712881 -0.085406636279494519 -0.099162949129034672 -0.068062921027470177 -0.054421521688461698 0.019734170180083305 0.039546068027082742 0.023148780699517209 0.084982224102712917
leaf_weight=282.57240058295429 19.627232027705762 68.56333302333951 5.6431946335360399 5.4364818087778977 118.06920499913394 15.299151337007059 134.13767289905809 7.2698422372341147 70.491032670717686 7.3874122065026295 7.122882217168808 7.2261809448245904 151.41322769899853 6.0324897723039603 8.8670936156995612 15.224186475155873 16.991379842162132 9.9830383937805873 23.212538941064853 24.096657047048211 7.2944683199748388 33.787076621316373 6.6910534785129121 9.3917077025398594 16.02026966563426 8.0469992649741453 146.5551796942018 155.87204688508064 315.01594811165705 12.730582535266874
leaf_count=742 53 52 95 180 262 262 258 58 126 111 7 95 412 100 146 14 69 410 747 23 18 35 91 84 399 518 967 175 736 3
internal_value=0.0278394 0.0235306 0.0217365 0.0222103 0.0364881 0.0250101 0.0330993 -0.00432535 0.0423689 0.022669 -0.0272222 0.0352292 0.028368 0.0323534 0.0360917 0.00224954 0.0397599 0.0233577 0.0200781 0.00639452 -0.0394165 0.0258849 0.0228304 0.0243076 0.0135718 0.00799325 0.0158744 0.0260787 0.0196078 0.0317532
internal_weight=1716.07 1145.42 1076.86 1071.22 570.649 193.325 178.026 26.8971 377.323 1065.78 14.5103 259.254 188.763 181.537 175.505 24.0913 151.129 1051.27 755.967 225.226 30.507 530.741 496.954 490.263 194.719 170.622 154.602 480.28 324.408 295.303
internal_count=7248 5393 5341 5246 1855 700 438 111 1155 5066 118 893 767 672 572 160 327 4948 4203 2672 765 1531 1496 1405 1907 1884 1485 995 820 745
is_linear=0
shrinkage=0.05


Tree=44
num_leaves=31
num_cat=0
split_feature=0 10 0 12 10 2 0 1 3 0 7 3 14 1 2 1 1 1 1 1 3 1 1 1 13 1 6 13 2 3
split_gain=24.9047 44.4142 32.2665 15.639 55.5225 20.699 23.5838 13.7847 22.135 31.8014 13.0522 19.1601 10.5814 44.8566 27.3861 23.9986 16.7851 72.5336 14.3848 25.2904 14.2211 16.1755 23.7919 18.3997 35.9964 35.3031 30.7548 13.0304 20.2014 21.0753
threshold=8.4829058898980936 0.4250000000000001 8.3301373933810066 2.6953068189747609 1.0000000180025095e-35 1.0000000180025095e-35 8.6264725158976123 0.43019366264343267 0.14820175438596495 6.4448732367024153 0.20000000000000004 0.10704005006257823 2.5000000000000004 0.078742533922195448 1.0000000180025095e-35 0.21605522930622104 0.16613907366991046 0.098070491105318083 0.015745282173156742 0.01205264311283827 0.87842857142857167 0.026255904696881775 0.046988107264041908 0.2348379194736481 15.500000000000002 0.2170587703585625 0.55000000000000016 4.5000000000000009 2.2500000000000004 0.11972222222222224
decision_type=2 2 2 2 2 2 2 2 2 2 2 2 2 2 2 2 2 2 2 2 2 2 2 2 2 2 2 2 2 2
left_child=1 2 7 -2 -5 6 -6 10 9 -9 12 -12 13 18 15 16 17 -15 19 -1 21 -14 -23 24 25 -24 27 28 29 -25
right_child=3 -3 -4 4 5 -7 -8 8 -10 -11 11 -13 20 14 -16 -17 -18 -19 -20 -21 -22 22 23 26 -26 -27 -28 -29 -30 -31
leaf_value=-0.065546713124471787 0.046723486390877464 -0.060766056557723783 -0.078891318370293617 -0.079407712390693122 0.059249161915524318 0.053254826449401008 -0.065295184013954607 -0.074566236752743431 0.055308831652910485 0.051046938913048824 0.0344363992788684 -0.0907755371668032 0.032694022660987081 0.057158154680577146 -0.081288553282773901 -0.073611104462110152 0.058442978003345775 -0.084285260672998574 -0.088805091138437556 0.050880750644129183 0.048982749252722696 -0.071781927357929931 0.018931151867182014 -0.00048905864101831526 -0.07265048344587749 -0.073031917437546653 -0.073048275639690755 0.040161854726160684 -0.082659764620242063 0.039510566083989875
leaf_weight=11.095182359917093 221.09608765039593 15.279570054612121 7.4400722887367001 11.761878894641994 6.6062030792236319 52.488409794867039 8.9517006771638972 8.8285382159519958 79.65218934090808 11.737601876258848 6.1953455228358489 6.027909193187952 402.31327096512541 31.196908357320353 5.5472318334504953 5.0215906542725852 49.85330030368641 12.775699869729577 10.784449834842233 8.0472432791721076 64.525722521357238 6.992290388327091 291.69021107512526 54.986497967969626 12.00214199349284 10.82300645764917 7.2045357152819625 184.20510698459111 4.6357632633298627 82.09913948434405
leaf_count=266 254 543 62 144 1 45 108 110 98 12 14 123 867 80 95 84 128 277 209 10 226 92 1858 389 89 207 66 394 27 370
internal_value=0.0268322 0.0240107 0.0249523 0.039875 0.0209024 0.0382412 -0.0124111 0.025517 0.0433686 -0.00287571 0.0241061 -0.027312 0.0246066 0.0113447 0.0268151 0.0328818 0.0385813 0.0160635 -0.0426211 -0.016602 0.026195 0.0248038 0.0199548 0.0209452 0.0122717 0.015641 0.029134 0.0313927 0.0199949 0.0234663
internal_weight=1691.86 1390.96 1375.68 300.904 79.8082 68.0463 15.5579 1368.24 100.218 20.5661 1268.02 12.2233 1255.8 134.322 104.395 98.8475 93.8259 43.9726 29.9269 19.1424 1121.48 1056.95 654.639 647.646 314.515 302.513 333.131 325.927 141.721 137.086
internal_count=7248 6696 6153 552 298 154 109 6091 220 122 5871 137 5734 1149 664 569 485 357 485 276 4585 4359 3492 3400 2154 2065 1246 1180 786 759
is_linear=0
shrinkage=0.05


Tree=45
num_leaves=31
num_cat=0
split_feature=13 10 14 0 9 14 0 5 14 14 3 0 0 14 14 3 13 0 13 14 11 14 14 14 13 10 13 0 0 13
split_gain=16.4451 42.6697 35.7508 34.4366 25.8932 24.6429 23.4815 65.2176 40.6482 34.8492 33.3804 30.7639 32.2625 25.9958 22.6156 32.9712 45.5286 46.5288 32.9785 20.2927 18.8475 18.1514 21.6528 17.5848 29.2681 16.9626 14.9367 26.45 12.402 21.8758
threshold=5.5000000000000009 0.17500000000000004 2.5000000000000004 19.340069403769689 0.15000000000000005 29.500000000000004 0.53722337141813037 1.0000000180025095e-35 5.5000000000000009 8.5000000000000018 0.13159663865546223 0.61223959779835269 1.6307080372290226 27.500000000000004 32.500000000000007 0.71467391304347838 20.000000000000004 15.538787777514528 6.5000000000000009 34.500000000000007 0.14530791788856307 32.500000000000007 236.50000000000003 50.500000000000007 3.5000000000000004 0.57500000000000018 9.0000000000000018 2.7580659675969876 0.42657375255014723 17.000000000000004
decision_type=2 2 2 2 2 2 2 2 2 2 2 2 2 2 2 2 2 2 2 2 2 2 2 2 2 2 2 2 2 2
left_child=1 2 -1 6 5 -3 8 10 -4 -10 11 -8 -13 -11 15 16 18 -18 -2 -16 21 -7 25 24 -14 -23 27 -20 -28 -30
right_child=14 4 3 -5 -6 20 7 -9 9 13 -12 12 23 -15 19 -17 17 -19 26 -21 -22 22 -24 -25 -26 -27 28 -29 29 -31
leaf_value=-0.053804531992715503 0.059100635339946417 -0.057412077678948209 0.036011401441300002 -0.084782736469259698 0.04846009463201232 0.035678240635003439 0.07733042715269435 -0.063808735353057519 -0.061405339360870365 0.016876859964892545 0.051749295246190555 -0.068097833725690934 0.018324460265598461 -0.060548039063258043 0.077797171602379811 0.044540145959420775 -0.080045679342335363 0.061982979563012776 -0.076875422764197648 0.036641437547313242 0.059832074351440702 -0.07507575686705896 0.021922110448326031 0.038980803252320728 -0.062789154137651973 -0.0018610034287776783 0.022822516357567144 0.034088593457914311 -0.025128078711937171 0.064201411469734335
leaf_weight=14.345821738592347 50.380466945469379 27.9707615863299 110.86410144180991 6.9510903982445589 17.489234398119152 15.048612370388581 24.130638723261654 16.511239845072851 22.921697838231921 85.631862001493573 210.12339881667867 10.418783803470431 90.702831015922129 12.41282154759392 35.967249611392617 146.10602734237909 21.955289187841121 7.8204889297485343 11.417928710579874 179.07430808804929 10.456199485342948 22.242793610901572 15.614003627561031 85.995964232832193 12.675170839764176 12.277995445183477 242.40402046591043 10.13926278054714 33.162695121020079 8.6388597488403303
leaf_count=937 20 963 799 68 31 90 14 308 482 629 375 174 248 233 8 130 174 1 71 145 13 422 38 61 172 158 311 11 115 1
internal_value=0.0244678 0.0196004 0.0243183 0.0259441 -0.00781388 -0.0173128 0.027072 0.0337251 0.0141417 -0.00590155 0.0374353 0.0240035 0.0175628 0.00707458 0.0298415 0.0243106 0.0166519 -0.0427424 0.0216176 0.043525 -0.00248452 -0.0124808 -0.0269364 0.0222755 0.00837912 -0.0490355 0.0154416 -0.0246843 0.0184851 -0.00666692
internal_weight=1571.85 824.785 703.685 689.34 121.1 103.61 682.389 450.558 231.83 120.966 434.047 223.923 199.793 98.0447 747.067 532.025 385.919 29.7758 356.143 215.042 75.6396 65.1834 50.1348 189.374 103.378 34.5208 305.763 21.5572 284.206 41.8016
internal_count=7202 6215 4500 3563 1715 1684 3495 1352 2143 1344 1044 669 655 862 987 834 704 175 529 153 721 708 618 481 420 580 509 82 427 116
is_linear=0
shrinkage=0.05


Tree=46
num_leaves=31
num_cat=0
split_feature=12 1 3 3 3 12 12 12 14 12 14 12 0 0 3 3 12 10 0 12 12 0 14 10 14 10 11 0 1 12
split_gain=15.2758 13.4137 31.4633 19.6091 38.1751 34.4296 20.5619 39.0713 18.1103 63.7646 31.9513 20.2983 30.0761 59.8442 16.4843 16.2674 43.8875 20.9386 30.9426 15.4838 24.8809 24.6683 17.0939 38.9433 52.9605 44.0295 34.9867 15.069 43.8064 26.3355
threshold=5.4103734435467947 0.3840653002262116 0.73019230769230792 0.81928571428571451 0.75846560846560873 0.88735563278993945 4.6853219471441836 3.4654884253890437 24.500000000000004 2.6817505102530386 21.500000000000004 3.4514933084675818 4.5121224959929167 13.490109295819193 0.71467391304347838 0.12745215311004787 2.2653345859208631 0.4250000000000001 10.157886278073329 2.8570268642970738 2.8186305780363132 4.1112055706990605 15.500000000000002 0.12500000000000003 8.5000000000000018 0.17500000000000004 0.028946208112874783 0.087094578385637 0.23643275350332263 1.0398722639508
decision_type=2 2 2 2 2 2 2 2 2 2 2 2 2 2 2 2 2 2 2 2 2 2 2 2 2 2 2 2 2 2
left_child=1 3 15 4 6 -5 7 8 10 -10 11 12 14 -14 19 16 -3 -17 -19 20 22 -21 23 27 25 -25 -24 28 29 -1
right_child=-2 2 -4 5 -6 -7 -8 -9 9 -11 -12 -13 13 -15 -16 17 -18 18 -20 21 -22 -23 26 24 -26 -27 -28 -29 -30 -31
leaf_value=0.022148523823386796 -0.058941425014461847 -0.080960840607075049 -0.076411538534529089 0.0460244499834477 -0.075810232296184721 -0.059107751181230177 0.048669360658604076 -0.064192202747110558 0.03409963402442507 -0.081757978016225225 -0.076195918996293743 0.06259893489535516 -0.069440595840512001 0.0541285041477527 0.051109951725184039 0.051374371036650449 0.036603020354889465 -0.058286697790232801 0.038676430795351248 -0.064051802189725462 0.063445501839269933 0.052547142016911623 0.04474467045584795 -0.071953561142214767 -0.090451990877575411 0.044304238814080077 -0.066315599973536726 0.028653009742219872 -0.08222244699676623 -0.018899201223624724
leaf_weight=195.74283027509227 5.5800660406239322 10.228160144528372 6.2443560699466607 129.37010230775923 10.362101885257287 8.2863448447315005 61.689052862348035 13.935048182378521 318.69141250103712 12.335695927264167 9.3404648727737349 23.48450750974007 27.447200961410999 15.237664617598055 35.524855506140739 161.62404143181629 35.460044228238985 11.487179162446408 28.997561879456043 14.041023185942324 28.153822304680943 6.7010549530386916 82.779829962877557 11.763529329560695 20.90014390507713 26.468438421143219 7.755681966431438 165.21378751657903 12.441928119165821 48.821394122089259
leaf_count=617 116 119 83 178 191 352 142 456 707 150 123 36 312 7 91 210 100 372 29 341 9 4 153 211 282 139 129 742 155 646
internal_value=0.0236371 0.0239362 0.0344355 0.0218629 0.0197261 0.0396959 0.0205956 0.0189873 0.0200778 0.0297822 0.0156882 0.0168761 0.01534 -0.0253288 0.017985 0.0372287 0.0102841 0.0433198 0.011164 0.0160894 0.0175575 -0.0263827 0.0152985 0.0115495 -0.026453 0.00853307 0.0352307 0.0168718 0.00929831 0.0139543
internal_weight=1546.11 1540.53 254.041 1286.49 1148.83 137.656 1138.47 1076.78 1062.85 331.027 731.818 722.478 698.993 42.6849 656.308 247.797 45.6882 202.109 40.4847 620.783 600.041 20.7421 571.888 481.352 59.1321 38.232 90.5355 422.22 257.006 244.564
internal_count=7202 7086 913 6173 5643 530 5452 5310 4854 857 3997 3874 3838 319 3519 830 219 611 401 3428 3083 345 3074 2792 632 350 282 2160 1418 1263
is_linear=0
shrinkage=0.05


Tree=47
num_leaves=31
num_cat=0
split_feature=12 2 13 12 13 1 12 0 14 12 12 12 14 5 0 0 12 14 12 14 1 1 14 12 0 13 0 12 12 14
split_gain=14.2066 13.2393 12.1705 49.6337 24.3972 44.4167 47.7618 45.5108 30.7162 28.39 32.264 26.695 23.1552 27.0411 61.0031 22.7016 20.2436 32.5394 22.659 19.8263 18.9531 28.7807 30.4118 28.3337 16.4564 15.6346 14.5898 21.5346 29.2791 12.7631
threshold=5.4103734435467947 2.2500000000000004 5.5000000000000009 0.76342292446103932 1.5000000000000002 0.27326880395412451 1.0515018445150426 1.6307080372290226 64.500000000000014 2.1576065010327148 5.2384647155800259 1.6014684549625273 15.500000000000002 0.40000000000000008 0.42657375255014723 0.055558731237459011 2.2653345859208631 4.5000000000000009 2.0743106550191022 159.50000000000003 0.28681518137454992 0.39234508574008947 6.5000000000000009 0.88609846275665027 6.9458976486581685 13.500000000000002 10.877848490814401 1.6289067424297814 2.1466012901733391 6.5000000000000009
decision_type=2 2 2 2 2 2 2 2 2 2 2 2 2 2 2 2 2 2 2 2 2 2 2 2 2 2 2 2 2 2
left_child=1 2 3 -1 16 6 15 -8 20 11 -11 -9 13 14 -4 -6 18 -18 24 -17 -7 22 -22 -24 -5 -14 27 -13 -29 -19
right_child=-2 -3 12 4 5 8 7 9 -10 10 -12 26 25 -15 -16 19 17 29 -20 -21 21 -23 23 -25 -26 -27 -28 28 -30 -31
leaf_value=-0.053395232120023617 -0.058553106932810121 0.039699203964193616 0.015413937243265063 0.022851157133074534 0.042084841773604414 0.063096539465575641 -0.061236735699017088 -0.086132858922717159 -0.070843812761509126 -0.079473794428649741 0.044578355388632002 0.049778059372794822 0.043311914595134338 0.034878131599231352 -0.077757982077998042 -0.073037211096846064 -0.06277702343892802 0.062534514715688203 -0.088706625388241006 0.037850001430745302 0.033076580475665959 0.041715647957740271 0.042338087815410146 -0.067335433043000423 -0.083144847823697757 0.016599232970420624 0.056078126751400392 -0.08009259276228467 0.050687167465434071 0.034808617417094977
leaf_weight=24.037846085615456 5.342235167277976 111.64018691331148 216.55457183904946 70.356660805176944 60.061981487553567 40.420842300402001 47.186179201118648 5.6921710334718219 7.4505700073204926 18.706459259614352 7.2817120943218461 15.103923505172132 229.6181244533509 152.47149324789643 19.119010119698942 9.1794514097273368 7.3895860768388948 62.829690000042319 5.4045433220453551 7.1872366555035105 30.142078761244193 95.688730416353792 8.0393009241670388 22.016893970314413 3.8628666624426833 71.937111981213093 25.114237062633038 11.386969319079073 6.8568379729986182 122.30741778563242
leaf_count=921 116 111 386 377 185 95 1732 98 123 357 13 10 188 166 131 180 225 84 86 8 78 437 30 364 37 107 10 135 4 408
internal_value=0.0228404 0.0231274 0.0218091 0.0172318 0.0196935 0.0121009 -0.00382133 -0.0214532 0.0288045 -0.000627944 -0.0447152 0.0172313 0.0265456 0.0184705 0.00785537 0.0278599 0.0313415 0.0401112 0.0101368 -0.0243424 0.0325865 0.0246753 -0.00241122 -0.0380004 0.0173344 0.0369395 0.0272954 0.00561915 -0.0309397 0.0442179
internal_weight=1520.39 1515.04 1403.4 713.704 689.666 417.516 213.757 137.328 203.758 90.1423 25.9882 64.1541 689.7 388.145 235.674 76.4287 272.151 192.527 79.6241 16.3667 196.308 155.887 60.1983 30.0562 74.2195 301.555 58.462 33.3477 18.2438 185.137
internal_count=7202 7086 6975 5997 5076 3859 2732 2359 1127 627 370 257 978 683 517 373 1217 717 500 188 1004 909 472 394 414 295 159 149 139 492
is_linear=0
shrinkage=0.05


Tree=48
num_leaves=31
num_cat=0
split_feature=12 1 3 13 12 12 12 12 3 12 14 3 13 12 12 0 12 14 10 14 0 3 3 10 3 3 14 14 13 3
split_gain=13.2188 11.5459 28.7341 21.1186 48.7357 36.6182 44.0287 29.873 28.0718 28.2486 22.7408 37.3731 43.3961 18.6552 58.067 24.3542 52.8463 25.6329 18.7533 29.0858 17.9445 43.6249 17.4101 26.5742 52.4669 16.2808 63.0769 42.2877 15.7598 15.4873
threshold=5.4103734435467947 0.3840653002262116 0.73019230769230792 5.5000000000000009 0.88079119342587353 1.1836087162752891 1.5126576166751728 4.6853219471441836 0.55000000000000016 3.4654884253890437 17.500000000000004 0.71467391304347838 20.000000000000004 3.4514933084675818 2.8570268642970738 0.99987383733576085 2.8186305780363132 3.5000000000000004 0.17500000000000004 236.50000000000003 0.63505854554308561 0.040263157894736855 0.11321428571428573 0.37500000000000006 0.12254273504273507 0.023303167420814484 9.5000000000000018 16.500000000000004 1.5000000000000002 0.12745215311004787
decision_type=2 2 2 2 2 2 2 2 2 2 2 2 2 2 2 2 2 2 2 2 2 2 2 2 2 2 2 2 2 2
left_child=1 3 29 4 -1 20 -7 8 9 13 11 12 25 14 15 16 17 28 -17 -20 -6 -22 -12 24 -24 -5 -27 -28 -8 -3
right_child=-2 2 -4 10 5 6 7 -9 -10 -11 22 -13 -14 -15 -16 18 -18 -19 19 -21 21 -23 23 -25 -26 26 27 -29 -30 -31
leaf_value=-0.05276186061041091 -0.058181640881171372 0.008406182112573251 -0.075149541271819359 0.033147771514114251 0.046329529555069228 -0.063642235173552442 0.037129528614661872 0.044760609075493528 -0.059452073905544002 -0.064184245763629563 0.045504786055245799 0.040987706116512646 -0.07076103148578404 0.05548261531943869 -0.06681393419390437 0.031906441315500182 0.062787638791368283 -0.063874985196939793 -0.076465692284256537 0.035027756175651466 0.039296264146557673 -0.076369518009114762 0.0537273556179814 0.046088144152839593 -0.11958806090667125 0.017942830660709581 -0.10982941540573353 0.022014905138625987 -0.068553284774731119 0.041111856387230139
leaf_weight=26.452293333830312 5.1133161848410955 44.495315683307126 6.0700043248943976 78.952298313379288 121.77236462477595 20.048055766383186 13.881549571640791 60.033797876676545 15.431101279449647 12.431483787484465 190.59527229890227 138.66966762393713 15.969153742305933 23.515098646748811 23.077111609745771 157.53321207128465 18.507381470873952 31.188373854383826 10.770030099200087 12.803577046841381 30.389468433335423 11.140455297660081 8.3508152663707751 21.489847138524055 9.1526270434260351 161.18219261616468 17.743157558143139 9.2536520063877123 4.7295069561805567 194.07869017310441
leaf_count=1023 116 219 83 77 268 597 77 160 627 408 123 126 144 38 478 407 8 658 122 12 39 161 3 14 50 270 80 11 192 611
internal_value=0.022073 0.0223485 0.0322788 0.0203973 0.0135765 0.0166701 0.00859282 0.0123651 0.00636007 0.00965265 0.0266143 0.0197214 0.00930469 0.0127536 0.00906623 0.0160871 -0.00935383 -0.0361644 0.0256825 -0.01591 0.0366502 0.00826877 0.039277 0.00883612 -0.0369 0.014091 0.00609559 -0.0646374 0.010273 0.0350121
internal_weight=1494.82 1489.71 244.644 1245.06 593.705 567.253 403.95 383.902 323.868 308.437 651.359 421.77 283.1 296.006 272.491 249.414 68.3068 49.7994 181.107 23.5736 163.302 41.5299 229.589 38.9933 17.5034 267.131 188.179 26.9968 18.6111 238.574
internal_count=7202 7086 913 6173 5275 4252 3784 3187 3027 2400 898 708 582 1992 1954 1476 935 927 541 134 468 200 190 67 53 438 361 91 269 830
is_linear=0
shrinkage=0.05


Tree=49
num_leaves=31
num_cat=0
split_feature=2 10 3 3 14 14 13 13 13 10 0 0 3 14 3 14 3 11 3 0 0 10 11 2 14 13 14 3 14 14
split_gain=12.6068 12.7387 10.8425 40.5325 16.191 35.1972 33.4835 22.8265 21.0866 23.9544 45.2826 21.3882 20.9519 20.2096 31.1685 23.8233 18.8106 21.1723 16.8603 16.7196 22.8567 16.111 15.7693 17.4777 18.969 15.5986 33.0894 15.4061 36.0273 23.2734
threshold=2.2500000000000004 0.62500000000000022 0.81928571428571451 0.75846560846560873 11.500000000000002 10.500000000000002 20.000000000000004 1.5000000000000002 5.5000000000000009 0.17500000000000004 12.949626532447603 8.2014539870942702 0.28040540540540548 12.500000000000002 0.13159663865546223 120.50000000000001 0.55000000000000016 0.09910714285714288 0.016333333333333339 3.2501340910522809 2.3138827358238676 0.12500000000000003 0.14530791788856307 1.0000000180025095e-35 236.50000000000003 13.500000000000002 26.500000000000004 0.018614718614718622 7.5000000000000009 8.5000000000000018
decision_type=2 2 2 2 2 2 2 2 2 2 2 2 2 2 2 2 2 2 2 2 2 2 2 2 2 2 2 2 2 2
left_child=1 2 3 4 5 6 7 12 9 10 11 13 -1 -6 15 19 17 27 -7 20 21 -15 23 24 -11 -10 -27 28 -9 -29
right_child=-2 -3 -4 -5 8 18 -8 16 25 22 -12 -13 -14 14 -16 -17 -18 -19 -20 -21 -22 -23 -24 -25 -26 26 -28 29 -30 -31
leaf_value=0.038331778194457058 0.037915387402002385 -0.062195101299352934 0.03437853688197922 -0.077071592187808624 0.050176852399658856 -0.0045003339193623853 -0.06796440950268394 -0.081337685989328889 0.039043363046674551 -0.047688533177997115 -0.096877087306947107 0.048102938736776457 -0.06017678452572605 -0.065144107606445789 0.038308659995537696 0.033764192607367266 0.037090318874193388 -0.064582050402155311 -0.086033340502313774 -0.081575922127794173 0.032729090992700528 0.0073609419871225844 0.051229223780385816 0.027590587121101025 0.019589558322301758 -0.077130584525468837 0.025670427841988915 0.016633679291878624 0.011566286259517757 -0.077941817789196011
leaf_weight=141.68101099226624 106.65519063454121 4.6902341924142084 125.01869168423582 10.898746881168334 36.352747371420264 13.014718845952304 11.571504914201794 15.058512102812527 272.79548814147711 39.685990968369879 7.5926681328564873 81.763004457578063 5.6115666296100235 20.949041333282366 52.724544829223305 22.061175163835287 58.040364480344579 10.274618417490272 12.364780742907895 11.35962112341076 16.998468598350883 12.079624507809056 9.9904971700161678 17.49189166398719 14.235031081363557 8.9471380636095983 62.563358880579472 224.5730303170858 33.988815137650818 6.6989590148441485
leaf_count=363 113 106 554 211 77 45 116 177 236 1050 74 93 304 383 228 29 229 249 157 98 32 130 29 103 31 56 64 1636 118 111
internal_value=0.0213615 0.0200643 0.0203488 0.0189244 0.0197816 0.0132398 0.0161135 0.0180753 0.0248514 0.0160824 0.0234462 0.0270389 0.0345788 0.0170563 0.00821435 -0.0108 0.0111028 0.00591234 -0.0442229 -0.0268155 -0.0143811 -0.0386267 -0.00760769 -0.0158388 -0.0299273 0.0335945 0.0128083 0.00849619 -0.0169571 0.0138942
internal_weight=1467.73 1361.08 1356.39 1231.37 1220.47 532.878 507.498 495.927 687.59 343.284 261.881 254.288 147.293 172.525 136.172 83.4479 348.634 290.594 25.3795 61.3868 50.0271 33.0287 81.4034 71.4129 53.921 344.306 71.5105 280.319 49.0473 231.272
internal_count=7202 7089 6983 6429 6218 3505 3303 3187 2713 2357 1144 1070 667 977 900 672 2520 2291 202 643 545 513 1213 1184 1081 356 120 2042 295 1747
is_linear=0
shrinkage=0.05


Tree=50
num_leaves=31
num_cat=0
split_feature=11 11 0 1 3 1 12 13 10 1 13 7 12 3 1 11 0 0 3 3 12 12 10 10 1 0 12 12 12 12
split_gain=27.1013 33.7627 16.2117 40.3935 23.9342 23.3279 15.8576 25.4813 15.5132 25.3386 14.9066 16.2018 17.8145 49.325 23.8057 20.701 22.3675 29.8519 27.802 26.157 17.9792 38.191 15.211 19.2675 14.8383 15.313 13.9852 11.5717 50.6515 20.5585
threshold=0.096464019851116647 0.075922266139657454 1.6762283166821088 0.20844714343547824 0.078611111111111132 0.49758999049663549 2.0833966452448318 1.5000000000000002 0.47500000000000009 0.6122155785560609 14.500000000000002 0.20000000000000004 1.6882929624056546 0.38025229357798168 0.42195227742195135 0.02333003463631866 6.125991563620679 11.005681806116822 1.0000000180025095e-35 0.28040540540540548 1.6014684549625273 1.5257085928350347 0.12500000000000003 0.17500000000000004 0.20345768332481387 3.108535574603692 2.1466012901733391 1.5126576166751728 1.1836087162752891 1.0224921205566442
decision_type=2 2 2 2 2 2 2 2 2 2 2 2 2 2 2 2 2 2 2 2 2 2 2 2 2 2 2 2 2 2
left_child=1 8 3 4 -2 -5 -4 -8 10 -10 11 12 14 15 20 16 18 -18 24 -19 21 27 -20 26 -14 -26 -24 28 29 -1
right_child=2 -3 6 5 -6 -7 7 -9 9 -11 -12 -13 13 -15 -16 -17 17 19 22 -21 -22 -23 23 -25 25 -27 -28 -29 -30 -31
leaf_value=0.018689206169769504 -0.068220792242219455 -0.075189867180915457 0.055101881065091021 -0.071812230839758726 0.045997171669185689 0.038486216862044009 0.037452144581498134 -0.074841767234975751 -0.072776844926064288 0.030500517797294381 0.034970340565948083 0.039853676966899176 0.020187466338453055 -0.059196258342537472 -0.070869707094027456 0.03801587322967262 0.039562726496009171 -0.087256924352819287 -0.071821793768387959 0.0415034360935796 0.043799962755672217 -0.081484545047738721 -0.074161031434880884 -0.068000304290741831 -0.077028807696653323 0.02858153179634661 0.030856037871507393 0.060971540892019976 -0.066810100685405355 0.050428810980953247
leaf_weight=475.41138924192637 4.9068933497183016 9.440688882255925 123.58639159053564 15.562343648169191 70.263035215437412 6.9277533760759971 26.285452142357826 6.2537618298083535 11.684922507847661 12.077497826656325 155.38164726737887 81.167809673468582 69.89656836213544 25.994220660766587 6.9442149391397825 63.132487600552849 70.424052573740482 9.7846660632640141 18.762917601969093 6.6079131104052058 84.010729584144428 9.2959798050578666 3.8551145107485381 11.435875875293275 8.7417847593314928 5.6511523742228738 17.844320845091715 17.283954895101488 16.517368649598211 57.151915040332824
leaf_count=1583 96 211 96 308 256 15 46 71 315 48 213 213 317 1022 100 254 103 85 335 6 246 132 52 304 87 7 100 16 457 100
internal_value=0.0220353 0.0190075 0.0369306 0.0209523 0.0385413 -0.0378364 0.0469253 0.0158702 0.0197252 -0.020285 0.0205075 0.0183873 0.0166071 0.00674901 0.0212229 0.0127398 0.00558419 0.0254172 -0.00705893 -0.0353531 0.0221923 0.019039 -0.0358495 -0.0154801 0.0106678 -0.0355626 0.0121987 0.0206889 0.0194209 0.0220953
internal_weight=1502.28 1248.5 253.786 97.66 75.1699 22.4901 156.126 32.5392 1239.06 23.7624 1215.3 1059.91 978.747 312.131 666.616 286.137 223.004 86.8166 136.188 16.3926 659.671 575.661 51.8982 33.1353 84.2895 14.3929 21.6994 566.365 549.081 532.563
internal_count=7194 6306 888 675 352 323 213 117 6095 363 5732 5519 5306 2672 2634 1650 1396 194 1202 91 2534 2288 791 456 411 94 152 2156 2140 1683
is_linear=0
shrinkage=0.05


Tree=51
num_leaves=31
num_cat=0
split_feature=11 11 0 10 14 13 0 0 10 10 14 10 10 10 13 13 14 10 13 14 5 0 10 13 13 13 6 0 14 0
split_gain=25.5771 31.3972 15.0849 18.6279 14.9981 24.8241 25.7287 35.0159 29.0195 25.5022 23.0824 16.9173 18.0969 12.5854 11.6379 10.7061 14.0632 24.3446 21.3399 17.4471 16.7894 14.4982 12.4513 50.682 10.0672 9.41932 21.7247 67.8747 29.3097 15.5442
threshold=0.096464019851116647 0.075922266139657454 1.6762283166821088 1.0000000180025095e-35 46.500000000000007 9.0000000000000018 11.005681806116822 8.4562919004603092 1.0000000180025095e-35 0.17500000000000004 42.500000000000007 0.12500000000000003 0.22500000000000003 0.47500000000000009 4.5000000000000009 27.000000000000004 21.500000000000004 0.12500000000000003 20.000000000000004 25.500000000000004 0.40000000000000008 0.18298964625189637 0.17500000000000004 5.5000000000000009 5.5000000000000009 6.5000000000000009 0.55000000000000016 0.087094578385637 10.500000000000002 0.42657375255014723
decision_type=2 2 2 2 2 2 2 2 2 2 2 2 2 2 2 2 2 2 2 2 2 2 2 2 2 2 2 2 2 2
left_child=1 4 3 14 10 6 7 8 -6 -8 13 -10 -13 15 -2 16 18 20 22 -19 -18 -22 25 -24 -21 -1 27 28 -27 -29
right_child=2 -3 -4 -5 5 -7 9 -9 11 -11 -12 12 -14 -15 -16 -17 17 19 -20 24 21 -23 23 -25 -26 26 -28 29 -30 -31
leaf_value=0.020001424961886772 -0.058048092041361202 -0.074271773170765013 0.045680567392481698 0.039929478738997937 0.03462172353489109 0.045467846561784014 -0.10197928617103234 0.05589516983147122 -0.11885383321562359 0.005119857465196608 -0.10365792054405738 0.0077694146059872574 -0.067309192445237392 -0.067574288121140302 0.0083795355172600998 0.036178649125120775 -0.076929969582112484 -0.075991930326532411 -0.083302702157202341 -0.0027348177871162455 0.0499240330993359 -0.068658305398610259 -0.054668801721692556 0.045523276990047032 0.042758055080211563 -0.097883798976074451 0.020386932045038622 0.055991391209910639 -0.016512436538819491 0.0034865200666884797
leaf_weight=412.1809188054176 8.1851145583204907 9.0884665050543827 152.45260137459263 53.469201475149021 40.661038893507794 127.3559320345521 8.3514851396903413 53.939869051799178 4.2550951507873824 16.619467766955495 4.018721046508289 27.841155018191785 11.277321538073009 4.4371525854803613 33.908146630972624 66.389246445149183 15.650570617057383 4.8420874881558111 5.2244653180241576 21.144862213521264 6.6529481122270226 4.207880363566801 14.401087776757775 102.16848913580179 28.621395528316498 21.781637378036976 139.53746727854013 24.47597473859787 22.495602004230022 33.240665584802628
leaf_count=3279 252 211 213 275 76 62 52 30 38 48 75 97 265 184 148 130 181 123 28 290 17 45 543 78 22 104 212 8 41 67
internal_value=0.0212691 0.0183175 0.0359177 0.0203427 0.0190062 0.0289294 0.0160032 0.0244555 0.00427518 -0.0306992 0.0159135 -0.0241735 -0.0138747 0.0164317 -0.00453744 0.0168355 0.0153364 -0.00447183 0.0174084 0.0146133 -0.0437835 0.00398092 0.0180914 0.0331455 0.0234289 0.015407 0.00756652 -0.00997303 -0.0565421 0.0257523
internal_weight=1478.88 1230.86 248.015 95.5625 1221.77 290.301 162.945 137.974 84.0346 24.971 931.471 43.3736 39.1185 927.452 42.0933 923.015 856.626 81.1197 775.506 54.6083 26.5114 10.8608 770.282 116.57 49.7663 653.712 241.531 101.994 44.2772 57.7166
internal_count=7194 6306 888 675 6095 668 606 506 476 100 5427 400 362 5352 400 5168 5038 678 4360 435 243 62 4332 621 312 3711 432 220 145 75
is_linear=0
shrinkage=0.05


Tree=52
num_leaves=31
num_cat=0
split_feature=9 2 1 1 10 1 1 14 14 1 10 1 1 13 1 14 10 3 3 1 13 1 1 10 10 13 14 14 1 1
split_gain=20.1138 14.0032 13.6217 31.4256 27.2981 18.1737 40.8286 34.6165 13.3267 11.6857 21.1322 30.093 26.5757 19.1893 16.416 12.1483 23.0927 11.2766 19.1942 17.0529 28.5589 13.8065 34.8258 29.0648 22.3146 26.1578 34.9243 38.647 24.6048 45.5939
threshold=0.25000000000000006 2.2500000000000004 0.43452851474285131 0.48657840490341192 0.47500000000000009 0.2348379194736481 0.2181469723582268 3.5000000000000004 92.500000000000014 0.24433899670839312 0.17500000000000004 0.25384919345378881 0.28681518137454992 14.500000000000002 0.41865955293178564 8.5000000000000018 1.0000000180025095e-35 0.81928571428571451 0.75846560846560873 0.12385080382227899 4.5000000000000009 0.19959651678800586 0.18878214061260226 0.12500000000000003 0.12500000000000003 3.5000000000000004 44.500000000000007 16.500000000000004 0.16938359290361407 0.16820258647203448
decision_type=2 2 2 2 2 2 2 2 2 2 2 2 2 2 2 2 2 2 2 2 2 2 2 2 2 2 2 2 2 2
left_child=1 2 5 -4 -5 6 17 -7 9 -9 11 -11 13 -12 -14 16 -13 18 21 -19 -21 22 24 -23 25 -1 27 28 29 -27
right_child=-2 -3 3 4 -6 7 -8 8 -10 10 12 15 14 -15 -16 -17 -18 19 -20 20 -22 23 -24 -25 -26 26 -28 -29 -30 -31
leaf_value=0.022047700759859699 -0.080644741118171104 0.038447327840571435 -0.073268927072569046 0.028389502927393735 -0.06912130325095367 -0.069584457114546902 -0.071703585013951174 0.049170999731105246 0.056733955229015233 -0.070787642496332237 -0.072960153335953293 0.023670058588974561 -0.07167920694924429 0.052882104818956305 0.025131346565442116 0.037039168026220808 -0.077897403364988266 0.041959706673970011 -0.073254697789595896 0.034823543367352258 -0.10008666475010133 0.045545283211881005 -0.079104937401146436 -0.084470024926482784 0.027516108286459274 -0.014404207882748038 0.033389507357694727 -0.11468336822333468 -0.089197741443016967 0.06644624975643329
leaf_weight=188.36952223337721 4.9003434518817803 104.61499902978539 12.685770897660403 48.03325808502268 8.4383010218152759 8.7042672488605586 12.940044073504394 55.527150065870956 45.394793128361925 7.2742270538583389 3.6420153665822026 35.968392828246579 16.471229750197384 18.007426418364048 5.9645257806405416 220.06025805382524 6.6275325738824895 88.289614730747417 6.0276104847434899 11.20542805735022 6.0357279017334795 66.959373858291656 9.8772609354928118 4.5933851047884664 242.24370940774679 132.34556168480776 50.062565036118031 9.0452908682636899 8.9180146511644107 20.08354638889432
leaf_count=1368 42 110 202 179 172 122 301 126 56 91 119 134 388 7 50 561 77 245 118 138 57 204 183 90 999 826 46 80 95 8
internal_value=0.0204837 0.0208244 0.0194586 -0.00215594 0.0138189 0.0206258 0.016438 0.0290975 0.0311675 0.0280269 0.0242881 0.0295299 -0.0078076 0.0317121 -0.0459422 0.0323082 0.0078671 0.0177892 0.0156046 0.0330778 -0.0124054 0.0163358 0.0140772 0.0371988 0.0154909 0.00836548 -0.00332541 -0.0141125 -0.00847442 -0.00375162
internal_weight=1459.31 1454.41 1349.8 69.1573 56.4716 1280.64 856.997 423.642 414.938 369.543 314.016 269.93 44.0852 21.6494 22.4358 262.656 42.5959 844.057 738.526 105.531 17.2412 732.498 660.945 71.5528 651.068 408.825 220.455 170.392 161.347 152.429
internal_count=7194 7152 7042 553 351 6489 4758 1731 1609 1553 1427 863 564 126 438 772 211 4457 4017 440 195 3899 3605 294 3422 2423 1055 1009 929 834
is_linear=0
shrinkage=0.05


Tree=53
num_leaves=31
num_cat=0
split_feature=11 11 14 13 14 14 10 10 3 2 12 12 12 11 14 10 10 13 13 14 3 13 14 13 10 13 12 6 3 12
split_gain=23.5814 28.333 13.6425 24.2432 21.0604 21.059 27.8624 22.4749 18.8095 15.8961 14.7162 17.9938 12.1083 30.5107 12.3972 18.7376 10.9644 9.69794 9.50126 12.5582 25.9766 19.0715 19.0002 13.2429 11.8702 45.0367 22.222 25.9443 42.5245 16.5838
threshold=0.096464019851116647 0.075922266139657454 46.500000000000007 9.0000000000000018 42.500000000000007 248.50000000000003 0.22500000000000003 0.22500000000000003 0.16273218507261064 2.2500000000000004 2.6817505102530386 4.6853219471441836 2.0833966452448318 0.14760348583878 10.500000000000002 0.22500000000000003 0.47500000000000009 1.5000000000000002 27.000000000000004 21.500000000000004 0.044907407407407417 20.000000000000004 25.500000000000004 1.5000000000000002 0.17500000000000004 5.5000000000000009 0.88079119342587353 0.55000000000000016 0.054545454545454557 1.6289067424297814
decision_type=2 2 2 2 2 2 2 2 2 2 2 2 2 2 2 2 2 2 2 2 2 2 2 2 2 2 2 2 2 2
left_child=1 2 4 5 16 6 8 -7 10 -8 17 -12 -2 -14 -15 -16 18 -4 19 21 -21 24 -22 -24 26 -26 27 28 -1 -28
right_child=12 -3 3 -5 -6 7 9 -9 -10 -11 11 -13 13 14 15 -17 -18 -19 -20 20 22 -23 23 -25 25 -27 29 -29 -30 -31
leaf_value=-0.0010337016934791018 0.040440445422592654 -0.073183165464100405 0.045000989623679932 0.044152481821380117 -0.10159285660446676 -0.12646126133255547 -0.06922449853984762 0.0083077636109111074 0.054446210007324025 0.030033991273135014 -0.087721724124475431 0.030470784316234331 -0.068752328155522222 0.043618384196292499 -0.075997571212303772 0.052001161632426296 -0.066484188896816107 0.0070717672940096774 0.033964656404074173 -0.074229414434255112 -0.073175087667036523 -0.080799943889855855 -0.064554491827849877 0.022685307600278815 -0.054290267221819948 0.04325922216743941 0.031242842739909217 0.014279020400932159 -0.086549234727091612 0.011666636421283396
leaf_weight=58.455752049572766 181.24935438204557 8.6704980263020826 29.315424595028162 120.135701790452 3.8847804082324719 5.2613431294448656 12.609420644002968 7.5082470919005573 44.235398036544211 5.9308597743511191 7.1864233748055977 5.8346768277697265 9.3013600757112709 38.180739408824593 6.0645034313201887 5.4096200873609632 4.1022976437816387 39.642217360902578 64.321932361461222 11.563207847531883 6.6610664644977069 5.0560776814818373 4.7210661231074473 55.352504726033658 13.435910599422639 99.113176979124546 195.13280387991108 128.57774086506106 19.349562067072839 242.79324964829721
leaf_count=238 564 211 24 62 75 34 282 23 68 7 52 8 169 82 68 5 184 108 130 148 153 28 74 303 543 78 777 407 266 2023
internal_value=0.019739 0.016874 0.01753 0.0272346 0.0145772 0.0143322 0.019762 -0.0472199 0.0281695 -0.0374726 0.0139908 -0.0347604 0.034038 0.0143549 0.0299226 -0.015651 0.0150738 0.0231963 0.0154437 0.0140259 -0.00504269 0.0159854 0.0069454 0.0158293 0.016632 0.0316139 0.0140149 0.000488648 -0.0223007 0.0203895
internal_weight=1439.06 1198.85 1190.18 277.66 912.521 157.524 144.754 12.7696 126.214 18.5403 81.9787 13.0211 240.206 58.9562 49.6549 11.4741 908.636 68.9576 904.534 840.212 78.2978 761.914 66.7346 60.0736 756.858 112.549 644.309 206.383 77.8053 437.926
internal_count=7194 6306 6095 668 5427 606 549 57 260 289 192 60 888 324 155 73 5352 132 5168 5038 678 4360 530 377 4332 621 3711 911 504 2800
is_linear=0
shrinkage=0.05


Tree=54
num_leaves=31
num_cat=0
split_feature=11 11 14 13 14 14 10 10 3 12 12 10 12 11 11 12 10 12 11 3 12 12 12 3 12 3 10 13 12 14
split_gain=21.9508 26.3566 13.1786 23.0737 19.5368 19.2641 25.7586 20.5059 17.5116 13.527 16.672 13.4965 10.869 28.4884 11.6494 18.4314 10.215 9.56036 28.1405 9.46227 11.4853 24.3951 9.27457 9.12471 24.6007 21.3975 9.21097 33.1094 32.1386 24.394
threshold=0.096464019851116647 0.075922266139657454 46.500000000000007 9.0000000000000018 42.500000000000007 248.50000000000003 0.22500000000000003 0.22500000000000003 0.16273218507261064 2.6817505102530386 4.6853219471441836 0.57500000000000018 2.0833966452448318 0.14760348583878 0.16421568627450983 2.6051442238407718 0.47500000000000009 0.79893541518223798 0.13397435897435903 0.029100529100529109 2.0667505158011652 0.88735563278993945 1.2292338930939912 0.81928571428571451 0.88735563278993945 0.73019230769230792 0.17500000000000004 5.5000000000000009 0.96468022764535366 26.500000000000004
decision_type=2 2 2 2 2 2 2 2 2 2 2 2 2 2 2 2 2 2 2 2 2 2 2 2 2 2 2 2 2 2
left_child=1 2 4 5 16 6 8 -7 9 19 -11 -8 17 -14 -15 -16 23 18 -2 -4 21 -21 -13 25 -25 26 28 -28 -1 -30
right_child=12 -3 3 -5 -6 7 11 -9 -10 10 -12 22 13 14 15 -17 -18 -19 -20 20 -22 -23 -24 24 -26 -27 27 -29 29 -31
leaf_value=-0.0033559498151604084 0.035130303635311055 -0.072318590654120274 0.043509891912913226 0.043358930912835061 -0.099732688152475588 -0.12123649129097325 -0.076587546814711527 0.0079195388815963708 0.052931064920687859 -0.085489223080119636 0.029522155954573748 0.049474768779093362 -0.06794996940360816 0.048249139387615249 0.031425766426979591 -0.076929354608734721 -0.065982785918697884 0.046731087556489567 -0.073459740908494262 0.021086876301648589 0.028115500980663167 -0.11001287962024556 -0.062334366523974782 0.035188435389862591 -0.060959211035347884 -0.070195193874310599 -0.020550305287159246 0.036861417204858582 0.021760897734305087 -0.062765747679715919
leaf_weight=238.82331686629914 48.084037722321227 8.3437445682939124 29.749932751059532 116.31530296057463 3.7625004515284663 5.2148365280590934 9.7515446041943505 7.4831533511169255 43.25181859289296 7.0098757359664869 5.7239186819642782 5.3249054099433124 8.9495584742398915 30.150341160362586 12.601620777742939 5.6997779377270481 3.9311344082234418 123.62686720769852 6.8112461536657056 9.4970178008079511 23.087226931937039 5.6651929235085836 2.8460256229154766 97.795989484526217 7.1385130271082735 7.6618072219425803 31.765848663286306 119.89788088202477 385.35256702522747 8.7289646479766798
leaf_count=1125 109 211 23 62 75 34 186 23 68 52 8 25 169 66 25 64 184 354 101 37 30 42 78 158 319 160 832 119 2323 132
internal_value=0.0190083 0.0162335 0.0168619 0.026536 0.0139654 0.0138795 0.0191591 -0.0451225 0.0272583 0.0135045 -0.0337909 -0.0368701 0.0329353 0.0140091 0.0291478 -0.0023203 0.0144402 0.0390208 0.0216568 0.0223611 0.00591191 -0.0278971 0.0105304 0.0147926 0.0286477 0.0129574 0.0137694 0.0248366 0.0111174 0.0198886
internal_weight=1420.05 1184.12 1175.78 270.921 904.859 154.605 141.907 12.698 123.985 80.7332 12.7338 17.9225 235.923 57.4013 48.4517 18.3014 901.096 178.522 54.8953 67.9994 38.2494 15.1622 8.17093 897.165 104.935 792.23 784.569 151.664 632.905 394.082
internal_count=7194 6306 6095 668 5427 606 549 57 260 192 60 289 888 324 155 89 5352 564 210 132 109 79 103 5168 477 4691 4531 951 3580 2455
is_linear=0
shrinkage=0.05


Tree=55
num_leaves=31
num_cat=0
split_feature=0 10 11 1 11 0 1 0 0 1 10 1 1 3 9 3 0 13 13 10 0 1 1 3 13 10 10 13 1 1
split_gain=15.5444 20.3685 18.8711 23.4939 15.2471 23.8153 27.1051 22.1027 27.9138 26.4014 21.2924 20.5807 21.8245 17.5727 17.1835 15.2133 13.9584 12.3185 28.443 17.188 11.8913 18.0125 18.3383 11.3967 13.2854 30.3905 15.222 13.1597 13.378 14.3518
threshold=6.125991563620679 0.4250000000000001 0.10540935672514623 0.63445630669593822 0.11457528957528959 0.73374768258528056 0.12490386515855791 3.1836633579515281 4.1112055706990605 0.44125390052795416 0.17500000000000004 0.40255182981491094 0.36185109615325933 0.23811302681992344 1.0000000180025095e-35 0.044907407407407417 4.4828016547082781 5.5000000000000009 4.5000000000000009 0.17500000000000004 2.8578925714594918 0.31966254115104681 0.27326880395412451 0.16504716981132078 3.5000000000000004 0.12500000000000003 0.17500000000000004 3.5000000000000004 0.19552563130855563 0.1479025483131409
decision_type=2 2 2 2 2 2 2 2 2 2 2 2 2 2 2 2 2 2 2 2 2 2 2 2 2 2 2 2 2 2
left_child=1 4 -2 -4 7 6 -6 9 -9 11 13 12 14 15 17 16 -10 18 20 -19 21 22 23 24 26 -26 -1 -25 29 -29
right_child=2 -3 3 -5 5 -7 -8 8 10 -11 -12 -13 -14 -15 -16 -17 -18 19 -20 -21 -22 -23 -24 27 25 -27 -28 28 -30 -31
leaf_value=0.021154121354778767 0.031994885182665571 -0.056964808803212898 -0.093411581021299317 0.048467199531135416 0.033991188329745674 0.046966940228710174 -0.063238409558893968 -0.074354049215474019 0.019020372357300475 -0.0748603371480666 -0.090460127392897716 0.051806536266089144 -0.074776088885493655 -0.065050688678393892 -0.069030157811693124 0.038003435203588704 -0.098156641929572519 0.01770267504871717 -0.054841423304922803 0.038522450058460188 0.04820432064882918 -0.065880872509518823 0.044611122333506545 -0.053593557350489041 -0.082400301926346287 0.02297947504816291 -0.059129358449124841 -0.060933176610825229 -0.082413107644344355 0.042376696471811713
leaf_weight=165.64582582935691 324.89098046021536 9.1192865661578235 6.7557294284924847 5.136175349354744 18.267784914001826 93.967536117881536 11.796780553646384 13.804730725008993 6.0806814879178983 7.5651789351832113 5.395400993525981 45.202996859909035 6.4045840355101964 6.3020491804927579 5.648834894411265 38.893134175799787 4.3665739390999079 360.12246543820947 15.64755451667588 136.78553988412023 23.804968842305243 7.3414239606354377 40.422056223731488 14.82262235030066 11.278315595583992 17.392149335821159 6.1223873378476119 4.2122043055715102 3.6359123012516639 16.649941816693172
leaf_count=894 810 519 56 3 70 133 293 214 10 121 65 96 128 109 81 58 39 598 576 107 32 140 169 1075 186 127 195 192 73 62
internal_value=0.0203348 0.0174495 0.0297305 -0.0321334 0.0180734 0.0345741 -0.00415991 0.0159494 -0.0101458 0.018147 0.00437597 0.0189455 0.0171686 0.0135718 0.0178785 0.0236139 -0.0299554 0.0184743 0.0109374 0.0234338 0.0142435 0.0114317 0.0134575 0.00820518 0.0130334 -0.0184746 0.0182926 -0.0164071 0.00609272 0.0215178
internal_weight=1433.48 1096.7 336.783 11.8919 1087.58 124.032 30.0646 963.548 74.8426 888.705 61.0378 881.14 835.937 55.6424 829.532 49.3404 10.4473 823.883 326.975 496.908 311.328 287.523 280.181 239.759 200.439 28.6705 171.768 39.3207 24.4981 20.8621
internal_count=7231 6362 869 59 5843 496 363 5347 495 4852 281 4731 4635 216 4507 107 49 4426 3721 705 3145 3113 2973 2804 1402 313 1089 1402 327 254
is_linear=0
shrinkage=0.05


Tree=56
num_leaves=31
num_cat=0
split_feature=14 0 0 12 10 2 3 1 1 0 0 1 1 1 1 10 14 1 2 10 3 1 3 12 10 10 3 12 12 3
split_gain=14.6284 26.142 16.011 33.06 14.9272 15.1398 13.2313 30.6467 14.7208 12.0616 13.7656 25.5304 12.2156 43.6267 25.53 45.8433 19.5081 21.2406 18.8616 18.2861 22.4904 19.1612 23.5011 17.0077 31.7916 22.084 11.0139 26.1447 10.2395 14.5636
threshold=85.500000000000014 19.340069403769689 6.4448732367024153 1.6289067424297814 0.4250000000000001 2.2500000000000004 1.0950000000000004 0.080549564212560668 0.05602721497416497 17.745907011616051 12.472766162538383 0.63445630669593822 0.27326880395412451 0.20844714343547824 0.28681518137454992 0.17500000000000004 5.5000000000000009 0.26648825407028204 2.2500000000000004 0.12500000000000003 0.67513157894736853 0.31689214706420904 0.62261904761904774 1.4579038476059425 0.22500000000000003 0.12500000000000003 0.047100840336134465 3.3370315807935782 2.5672150311724171 0.052982456140350888
decision_type=2 2 2 2 2 2 2 2 2 2 2 2 2 2 2 2 2 2 2 2 2 2 2 2 2 2 2 2 2 2
left_child=1 4 3 -2 6 -6 9 8 -8 10 12 -12 13 -1 -14 19 -15 23 -17 20 21 22 -16 25 -25 -18 27 -23 -28 -30
right_child=2 -3 -4 -5 5 -7 7 -9 -10 -11 11 -13 14 16 15 18 17 -19 -20 -21 -22 26 -24 24 -26 -27 28 -29 29 -31
leaf_value=0.020524234745049091 0.025921138575384989 -0.074329281811451736 0.041353937599600467 -0.090456683031518159 -0.062679118160877637 0.040233764017276144 -0.027634232777547542 -0.093277914689869457 0.047886954132114086 0.055809356041190299 -0.095853885455319005 0.055736491678365307 0.053732152179279596 -0.073111499534816521 -0.080802614700505079 -0.06863799204448108 0.027075283540460224 -0.10920472520904496 0.040117021509744277 0.047208691513770162 -0.074382339292657959 -0.044092513026390528 0.045145334556737332 -0.071517543596483227 0.054121913001388966 -0.077203031895807267 0.039793624936357366 0.057395321989876694 0.052238233761019992 -0.064608032984298985
leaf_weight=717.49567915545776 37.159137305337936 7.6769404383376232 136.58674858510494 7.3015045968350014 11.016209638095463 5.2897588461637488 11.33720761514269 8.6201583453221229 14.976520568132399 22.766449131071568 6.941862063482402 4.6299986839294434 73.420558522921056 12.770860697142778 9.4303131168708187 18.852950079133738 46.719490953721106 4.7544391967821857 5.0559056401252738 75.811364855617285 6.4230161178857079 15.196513824164867 6.0993060544133177 17.240768298390325 7.1120099995750925 5.6963217006996265 95.024191025644541 10.896045722998679 4.8760301917791349 5.8856403576210141
leaf_count=3723 114 117 119 105 497 5 75 194 27 13 69 1 136 252 111 406 140 64 3 151 70 99 9 314 34 116 160 28 3 76
internal_value=0.0195997 0.0176495 0.0328706 0.00680911 0.0182263 -0.0292935 0.0188677 -0.0114555 0.0153488 0.0197707 0.0190574 -0.0352013 0.0196088 0.0163222 0.0277686 0.0202503 -0.0156514 -0.00665013 -0.04564 0.0271104 0.0172055 0.0211963 -0.0313362 -0.000298711 -0.0348257 0.0157428 0.0273824 -0.001712 0.0345586 -0.0116659
internal_weight=1413.06 1232.02 181.047 44.4606 1224.34 16.306 1208.03 34.9339 26.3137 1173.1 1150.33 11.5719 1138.76 811.79 326.972 253.551 94.2939 81.523 23.9089 229.642 153.831 147.408 15.5296 76.7686 24.3528 52.4158 131.878 26.0926 105.786 10.7617
internal_count=7231 6893 338 219 6776 502 6274 296 102 5978 5965 70 5895 4643 1252 1116 920 668 409 707 556 486 120 604 348 256 366 127 239 79
is_linear=0
shrinkage=0.05


Tree=57
num_leaves=31
num_cat=0
split_feature=0 14 11 1 10 9 11 0 1 2 1 0 10 0 0 1 1 14 11 3 1 1 13 14 14 13 1 0 14 14
split_gain=13.8915 30.1172 16.777 20.7476 16.1052 13.3692 16.6575 23.2794 24.2845 16.4734 48.757 30.6344 28.0126 21.133 22.0681 16.7435 18.7379 15.6736 16.2421 23.8066 23.2623 16.1485 11.1444 14.941 13.0119 11.0457 11.7286 10.837 18.1346 29.7404
threshold=6.125991563620679 166.50000000000003 0.10540935672514623 0.63445630669593822 0.4250000000000001 0.25000000000000006 0.11457528957528959 0.73374768258528056 0.12490386515855791 1.0000000180025095e-35 0.061179427430033691 4.1112055706990605 0.22500000000000003 2.9438874179358376 4.4418648866531294 0.44125390052795416 0.40255182981491094 10.500000000000002 0.041885964912280714 0.12009433962264153 0.20080568641424182 0.31966254115104681 5.5000000000000009 73.500000000000014 11.500000000000002 1.5000000000000002 0.35839533805847174 2.8578925714594918 12.500000000000002 26.500000000000004
decision_type=2 2 2 2 2 2 2 2 2 2 2 2 2 2 2 2 2 2 2 2 2 2 2 2 2 2 2 2 2 2
left_child=1 4 -2 -4 5 6 9 8 -8 13 -11 12 -12 15 25 16 17 21 22 -20 -21 -1 23 24 -19 26 -15 28 -26 -30
right_child=2 -3 3 -5 -6 -7 7 -9 -10 10 11 -13 -14 14 -16 -17 -18 18 19 20 -22 -23 -24 -25 27 -27 -28 -29 29 -31
leaf_value=0.013327068229028599 0.030100621397980521 -0.10873977104310545 -0.09041240919587322 0.047114967454978264 -0.055986765835830177 -0.081814686616421148 0.032091796808844733 0.048010641800287517 -0.062688401065348162 0.03338344333063014 -0.079125728100459813 0.027577434454677682 0.023062235335217143 -0.068971690864143495 0.013104282349357491 -0.075708162883206642 0.052788396573102747 -0.077515811381451846 -0.076440144558081236 0.050617520829745168 -0.08745377330597405 -0.067732987662658423 0.037417037665843748 -0.063451670694731857 0.048487084527929269 -0.075000430071344298 0.051765987314180188 0.072056450584315243 -0.064288244614028503 0.023976599294647502
leaf_weight=405.52414433518425 312.99620317295194 4.8069596351124337 6.4680509408935887 4.7610219866037369 7.5674667551065786 3.397110939025878 17.847663654014472 88.440305623225868 10.876957355067132 47.648941510706209 32.179195930366404 14.155747746117411 8.4721517905127239 3.655216780491175 36.494836508529261 4.557936202036216 42.225129744969308 3.2067220923490813 9.006336693651976 14.94810906914063 3.8327961694449177 6.2386116883717468 191.36535676009953 5.4962772354483596 30.561086853500456 14.891813763417302 4.4726690566167235 10.752805508673189 13.305412353714926 33.755330750718713
leaf_count=2817 810 63 56 3 493 28 69 123 288 75 437 45 44 51 150 86 80 60 187 36 81 81 151 69 52 234 3 2 338 219
internal_value=0.01888 0.016132 0.0279463 -0.0321021 0.0166956 0.0172158 0.0175351 0.035309 -0.00379798 0.015312 -0.00360887 -0.0357698 -0.0578287 0.0176355 -0.0110768 0.0198411 0.0204065 0.0185283 0.0269 -0.0096088 0.02244 0.0120989 0.0304171 0.0166183 0.0214237 -0.0494128 -0.00253133 0.0250138 0.018497 -0.000978386
internal_weight=1393.91 1069.68 324.225 11.2291 1064.88 1057.31 1053.91 117.165 28.7246 936.747 102.456 54.8071 40.6513 834.291 59.5145 774.776 770.218 727.993 316.23 27.7872 18.7809 411.763 288.443 97.0776 91.5814 23.0197 8.12789 88.3746 77.6218 47.0607
internal_count=7231 6362 869 59 6299 5806 5778 480 357 5298 601 526 481 4697 438 4259 4173 4093 1195 304 117 2898 891 740 671 288 54 611 609 557
is_linear=0
shrinkage=0.05


Tree=58
num_leaves=31
num_cat=0
split_feature=14 0 0 12 10 3 3 1 1 0 0 1 1 1 13 13 12 1 10 10 3 1 5 0 13 3 14 3 12 1
split_gain=13.9023 23.9916 13.913 24.5675 13.3232 12.4837 12.0445 28.0442 13.6627 11.3495 13.1629 23.4199 11.9247 38.3602 31.8021 44.4779 35.1251 22.728 42.1252 16.3578 19.901 17.1304 22.0811 13.3393 12.646 21.2471 29.4392 10.1818 23.1306 9.80716
threshold=85.500000000000014 19.340069403769689 5.7365156710377851 1.0000000180025095e-35 0.4250000000000001 0.029100529100529109 1.0950000000000004 0.080549564212560668 0.05602721497416497 17.745907011616051 12.472766162538383 0.63445630669593822 0.27326880395412451 0.20844714343547824 14.500000000000002 2.5000000000000004 1.4579038476059425 0.28681518137454992 0.17500000000000004 0.12500000000000003 0.67513157894736853 0.31689214706420904 0.40000000000000008 10.281598606523243 15.500000000000002 1.0537500000000002 69.500000000000014 0.047100840336134465 3.3370315807935782 0.6122155785560609
decision_type=2 2 2 2 2 2 2 2 2 2 2 2 2 2 2 2 2 2 2 2 2 2 2 2 2 2 2 2 2 2
left_child=1 4 3 -2 6 -5 9 8 -8 10 12 -12 13 24 15 16 -15 -14 19 20 21 22 -19 -20 -1 26 -26 28 -23 -6
right_child=2 -3 -4 5 29 -7 7 -9 -10 -11 11 -13 17 14 -16 -17 -18 18 23 -21 -22 27 -24 -25 25 -27 -28 -29 -30 -31
leaf_value=0.020373940203491567 0.040516928483830941 -0.073202681062461347 0.038501495529402345 0.01362820727366852 -0.062921348587792456 -0.079116912298545061 -0.026902717961758284 -0.091528614163992814 0.046441016654936843 0.054118923511962153 -0.094356439942298573 0.05517581221908429 0.051340812005150741 0.035424832231444318 0.032402838189140498 -0.079597548720614461 -0.071034880378399556 -0.078535904484776972 -0.069002661661605458 0.045208947470826738 -0.072233714746797226 -0.042531552063811498 0.047036754792087507 0.016756458931549655 -0.077414297316626635 0.045034399265041013 0.041655852601458716 0.033120018517479401 0.054691485066865435 0.018046082305640893
leaf_weight=671.13355337269604 19.47144918423146 7.444411886855959 138.87834688089788 5.8421844858676186 9.0209980838117172 9.5745232511544582 11.39396296720952 8.3406243573408556 14.342508139321579 21.712480938062072 6.7884942665696126 4.2627987861633301 70.82016178034246 25.42565966793336 24.978554096072912 29.424577184487134 11.143780390964819 9.1952277258969826 16.566235745092857 72.981917530298233 6.0898633787874124 14.812127514043825 5.6530590057373038 6.2431075926870099 15.627256069332363 11.542909160256384 7.7732383459806433 101.29950911435299 10.422322185244409 6.3884354330366468
leaf_count=3575 26 117 130 12 452 170 75 194 27 13 69 1 136 98 42 539 241 113 391 151 70 99 7 18 137 7 4 239 28 50
internal_value=0.0181918 0.016279 0.0314103 0.0031826 0.0168372 -0.043971 0.0174414 -0.0118512 0.0139705 0.0183141 0.0176213 -0.0366776 0.0181613 0.0149098 -0.0156492 -0.0338367 0.00298344 0.0264128 0.0191556 0.0258483 0.016267 0.020079 -0.0307277 -0.0455297 0.0188471 -0.0104782 -0.0378613 0.026041 -0.00237653 -0.0293539
internal_weight=1374.59 1200.83 173.767 34.8882 1193.38 15.4167 1177.97 34.0771 25.7365 1143.9 1122.18 11.0513 1111.13 797.05 90.9726 65.994 36.5694 314.084 243.263 220.454 147.472 141.382 14.8483 22.8093 706.077 34.9434 23.4005 126.534 25.2344 15.4094
internal_count=7231 6893 338 208 6776 182 6274 296 102 5978 5965 70 5895 4643 920 878 339 1252 1116 707 556 486 120 409 3723 148 141 366 127 502
is_linear=0
shrinkage=0.05


Tree=59
num_leaves=31
num_cat=0
split_feature=14 0 0 12 10 0 1 1 1 10 0 14 1 1 3 14 10 3 1 5 1 1 3 11 11 1 1 1 1 14
split_gain=13.1913 22.3341 12.8125 28.6136 12.2456 11.2917 12.4037 39.1527 22.3565 29.7064 20.4154 19.5962 20.3347 16.3422 33.6327 21.0744 15.5816 21.0581 17.5758 21.9714 9.8733 9.59116 31.1524 28.7077 14.363 14.214 32.5635 15.2738 31.8844 16.7447
threshold=85.500000000000014 19.340069403769689 6.4448732367024153 1.6289067424297814 0.4250000000000001 17.745907011616051 0.27326880395412451 0.20844714343547824 0.28681518137454992 0.17500000000000004 10.281598606523243 5.5000000000000009 0.26648825407028204 0.24120394140481952 0.039761904761904769 22.500000000000004 0.12500000000000003 0.67513157894736853 0.31689214706420904 0.40000000000000008 0.19959651678800586 0.18210846185684207 0.7577521008403364 0.29705882352941188 0.15314351547070443 0.17729674279689792 0.16938359290361407 0.16613907366991046 0.15261668711900714 2.5000000000000004
decision_type=2 2 2 2 2 2 2 2 2 2 2 2 2 2 2 2 2 2 2 2 2 2 2 2 2 2 2 2 2 2
left_child=1 4 3 -2 5 6 7 20 -8 16 -11 -9 13 15 -15 -13 17 18 19 -10 21 24 23 -23 25 26 27 28 29 -1
right_child=2 -3 -4 -5 -6 -7 8 11 9 10 -12 12 -14 14 -16 -17 -18 -19 -20 -21 -22 22 -24 -25 -26 -27 -28 -29 -30 -31
leaf_value=-0.0048144830249168911 0.024731728837206767 -0.072379972682840979 0.038385916776696033 -0.087660707987149755 -0.028712031974732495 0.053056955883755585 0.049563781353561348 -0.073786184888306808 -0.080192616514377549 -0.068264561914361407 0.019503328537891072 -0.071297065542272595 -0.10851325653565523 -0.10344457163589725 0.030208945465454995 0.021171671204143171 0.04261476185610702 -0.070906354795901447 0.024520260060206966 0.046162677460444716 0.040355910545684034 -0.08084520460652804 0.042045055686822527 0.053525366469799156 -0.069114763193052361 0.047041237048968371 -0.080148375835755042 0.050163814317107536 -0.067868577467786698 0.020182056939166425
leaf_weight=77.836157512501813 34.79029131680727 7.1597990118898442 128.18652674183249 6.7638603686355045 14.986623610311652 21.056474754586816 69.559222327545285 13.409882991341872 9.2534015057608467 15.924377359915526 11.346554150804876 15.312443146249281 4.7599116279743603 5.2932962505146852 42.493361254222691 10.31090042600408 72.180577665567398 6.9181598995346567 125.45814041269477 5.4766068700700989 41.697643369436264 16.503317061811689 16.884749168064445 5.2360855787992469 4.8362158141098908 38.007788924733177 8.7656787574524042 32.678461172967218 11.371951286331749 481.12135015917011
leaf_count=836 114 117 119 105 502 13 138 283 115 391 30 321 66 50 181 71 156 84 372 7 146 274 41 6 74 84 156 71 253 2055
internal_value=0.0175278 0.0156617 0.0305646 0.00643737 0.0161965 0.0167749 0.0161063 0.0128845 0.0245298 0.0174672 -0.0317472 -0.0179438 -0.00836421 -0.00187054 0.0154042 -0.0340874 0.0235876 0.0142515 0.018454 -0.0332138 0.016726 0.0153047 -0.00890713 -0.0484811 0.0167333 0.0173722 0.0155289 0.0169198 0.015015 0.0167012
internal_weight=1355.58 1185.84 169.741 41.5542 1178.68 1163.69 1142.64 826.519 316.117 246.558 27.2709 91.5798 78.1699 73.41 47.7867 25.6233 219.287 147.106 140.188 14.73 734.939 693.242 38.6242 21.7394 654.618 649.781 611.774 603.008 570.329 558.958
internal_count=7231 6893 338 219 6776 6274 6261 4968 1293 1155 421 972 689 623 231 392 734 578 494 122 3996 3850 321 280 3529 3455 3371 3215 3144 2891
is_linear=0
shrinkage=0.05


Tree=60
num_leaves=31
num_cat=0
split_feature=2 13 14 14 3 3 0 1 1 1 0 1 1 3 1 3 13 0 1 1 2 13 13 14 13 13 13 14 3 14
split_gain=26.4364 22.3475 57.7119 13.9304 31.7298 29.993 41.7356 32.8884 21.7237 41.7958 17.6089 17.24 34.9612 15.6356 23.4158 15.3988 31.1056 14.9844 23.9927 32.0573 26.7329 32.0447 16.9458 33.4866 20.7939 13.0305 29.7281 21.9606 22.1353 15.3835
threshold=2.2500000000000004 20.000000000000004 32.500000000000007 11.500000000000002 0.67513157894736853 0.13989130434782612 4.2894938075823115 0.0043633040040731439 0.015745282173156742 0.049253420904278762 2.1282003211443978 0.41190794110298162 0.29725795984268194 1.0950000000000004 0.080549564212560668 0.018614718614718622 15.500000000000002 1.6307080372290226 0.20637654513120654 0.17984239012002948 1.3500000000000003 6.5000000000000009 5.5000000000000009 3.5000000000000004 2.5000000000000004 9.0000000000000018 7.5000000000000009 277.50000000000006 0.073627819548872195 33.500000000000007
decision_type=2 2 2 2 2 2 2 2 2 2 2 2 2 2 2 2 2 2 2 2 2 2 2 2 2 2 2 2 2 2
left_child=1 3 -3 5 25 6 10 -7 -9 -10 17 12 13 -11 -15 -8 -17 18 19 20 21 22 23 24 -1 26 27 -5 -29 -27
right_child=-2 2 -4 4 -6 7 15 8 9 11 -12 -13 -14 14 -16 16 -18 -19 -20 -21 -22 -23 -24 -25 -26 29 -28 28 -30 -31
leaf_value=0.026927997778428567 0.039151855536060931 -0.078135698010792898 0.019942766583603971 0.020318067707744775 -0.051323995128422485 -0.078278528728363828 0.056372028799989982 0.061733874163121732 -0.090098891783759794 0.021606758351879578 -0.080096215483700911 0.056668852018130655 -0.078220354923230262 0.024083756285655535 -0.099155990665826546 -0.065332899734712166 0.063379790116368684 0.034141361884497345 -0.078812347207288747 0.038959925632810685 0.035245573197280007 -0.098341780864928896 0.050943404636156736 -0.071904006920507232 -0.07782165082898343 0.016125124260741325 -0.10838364995720945 -0.13737644798693949 0.005676004527087667 0.046223569071784744
leaf_weight=23.86134792119265 101.10128048807383 23.711180152371526 40.820348469540477 350.7502396114287 15.248953591450116 8.7696386442985368 29.908408099785447 28.332504353835247 9.0106358203338441 263.00820718426257 10.912444999907164 27.861459894571453 9.6225775058846903 8.8128822268918139 6.850314127164892 9.449804668314755 9.3266804665327072 14.420848276931791 15.126538652111774 24.541954345535487 15.347440029960124 16.71950189769268 7.3416542112827292 25.543470385717228 5.9114685440435997 75.11700576543808 4.7057045772671691 4.4449919015169126 6.904851084575057 97.627942085266113
leaf_count=118 111 192 50 2264 342 166 28 47 186 1799 117 25 130 28 179 114 2 37 228 74 30 82 3 478 113 108 27 27 24 48
internal_value=0.0146055 0.0125201 -0.0160948 0.0141608 0.0198025 0.00867609 -0.00643646 0.0173703 0.0197431 0.0160844 -0.0187894 0.0191107 0.015481 0.0187165 -0.0298153 0.0340914 -0.00139856 -0.0142938 -0.0194911 -0.0119674 -0.025162 -0.0368417 -0.0204311 -0.029904 0.00612969 0.0218127 0.0164804 0.0181031 -0.0503483 0.0331355
internal_weight=1291.11 1190.01 64.5315 1125.48 554.8 570.68 208.412 362.268 353.499 325.166 159.727 316.155 288.294 278.671 15.6632 48.6849 18.7765 148.814 134.393 119.267 94.7249 79.3774 62.6579 55.3163 29.7728 539.551 366.806 362.1 11.3498 172.745
internal_count=7177 7066 242 6824 2840 3984 1424 2560 2394 2347 1280 2161 2136 2006 207 144 116 1163 1126 898 824 794 712 709 231 2498 2342 2315 51 156
is_linear=0
shrinkage=0.05


Tree=61
num_leaves=31
num_cat=0
split_feature=2 14 3 0 1 1 1 3 0 11 1 1 1 10 0 3 1 3 0 0 1 1 2 14 3 10 1 14 1 0
split_gain=24.6437 14.6677 26.8389 37.9701 29.0006 22.2003 37.6663 19.6759 25.1942 44.9755 22.2676 18.4175 33.6883 18.3481 15.8105 15.7739 21.2774 15.5467 27.2037 14.6884 22.0949 29.6576 25.2192 24.7665 12.7741 8.59687 18.0082 19.0543 16.0129 47.2467
threshold=2.2500000000000004 11.500000000000002 0.13989130434782612 4.2894938075823115 0.0043633040040731439 0.015745282173156742 0.049253420904278762 0.24837500000000004 34.579682013638923 1.0000000180025095e-35 0.2792279720306397 0.41190794110298162 0.29725795984268194 0.47500000000000009 2.1282003211443978 1.0950000000000004 0.080549564212560668 0.018614718614718622 19.025979087023618 1.6307080372290226 0.20637654513120654 0.17984239012002948 1.3500000000000003 3.5000000000000004 0.2440065681444992 0.17500000000000004 0.11606018245220186 9.5000000000000018 0.14208731055259707 2.0829006902752769
decision_type=2 2 2 2 2 2 2 2 2 2 2 2 2 2 2 2 2 2 2 2 2 2 2 2 2 2 2 2 2 2
left_child=1 2 3 14 -4 -6 -7 13 9 10 -9 12 15 24 19 25 -17 -5 -19 20 21 22 23 -1 -3 28 -27 -28 29 -8
right_child=-2 7 4 17 5 6 11 8 -10 -11 -12 -13 -14 -15 -16 16 -18 18 -20 -21 -22 -23 -24 -25 -26 26 27 -29 -30 -31
leaf_value=-0.004512700384123213 0.038043485893080126 0.020440923362716426 -0.076737661130232115 0.053429362415667481 0.059601029874590511 -0.086835004419166417 -0.041479474774676596 -0.083084003936647305 0.051907296805206171 -0.079456136682862222 0.035587702007124904 0.055354281598729321 -0.077866230090424995 -0.069869442232664447 -0.078554626548359943 0.019878434574679693 -0.094439643398604486 -0.066836314206336969 0.053326774544377967 0.032991468696384668 -0.076896285414170956 0.03555277720304844 0.033214884297453597 -0.060551233791187535 0.072324887693848872 0.061855759517823232 -0.082028624539854184 0.044897629624186711 0.023351014656044569 0.042041090344374782
leaf_weight=34.052228218642995 98.901218200102448 515.90213599102572 8.5051741081988421 29.661327989771962 27.790772261680104 9.1723432625876722 39.280809841351584 4.7328010713681605 13.522659474518148 21.608716935676057 23.9889531712397 27.116028596181422 10.009014473180285 5.5358707809355101 10.620677548926322 8.9492234184872377 7.466060923121403 9.098133334890008 9.7656883951276541 14.183465101756154 15.390885145054197 24.722965944092721 15.210651830304412 46.833819031016901 12.142431154847143 27.853984443470836 5.3181729947682452 6.6594802965410054 159.35641715140082 29.762059864355251
leaf_count=264 111 2050 166 30 49 191 645 101 13 428 119 25 136 226 118 29 183 106 14 37 235 77 31 565 5 24 102 17 941 139
internal_value=0.0140738 0.0120549 0.00636745 -0.00791125 0.0145146 0.0166781 0.0130737 0.0175457 -0.00868444 -0.0249641 0.0160329 0.0159216 0.0122928 0.0206847 -0.0195957 0.0154631 -0.0321161 0.0308597 -0.0046286 -0.0154321 -0.0204744 -0.0132869 -0.025852 -0.0369596 0.021634 0.0183748 0.0398096 -0.0114586 0.0146367 -0.00547657
internal_weight=1273.11 1174.21 576.779 209.54 367.24 358.734 330.944 597.434 63.8531 50.3305 28.7218 321.771 294.655 533.58 161.015 284.646 16.4153 48.5251 18.8638 150.394 136.211 120.82 96.0967 80.886 528.045 268.231 39.8316 11.9777 228.399 69.0429
internal_count=7177 7066 4124 1477 2647 2481 2432 2942 661 648 220 2241 2216 2281 1327 2080 212 150 120 1209 1172 937 860 829 2055 1868 143 119 1725 784
is_linear=0
shrinkage=0.05


Tree=62
num_leaves=31
num_cat=0
split_feature=2 13 7 3 1 10 0 1 1 0 0 2 1 10 13 1 1 1 1 0 13 10 0 3 0 0 0 10 13 1
split_gain=22.9514 20.1908 26.1403 36.358 21.6126 9.59655 29.6897 13.0956 12.2902 10.6457 19.0345 18.5613 30.5638 24.4207 15.9633 16.5806 20.694 24.687 29.9225 28.311 26.6363 22.2469 13.2225 12.589 11.2937 12.8976 18.5072 17.5879 13.3948 9.78886
threshold=2.2500000000000004 20.000000000000004 1.0000000180025095e-35 0.031384615384615393 0.026255904696881775 0.32500000000000007 19.340069403769689 0.40255182981491094 0.39234508574008947 6.125991563620679 5.3817451039584991 1.0000000180025095e-35 0.090475406497716918 0.22500000000000003 9.0000000000000018 0.31966254115104681 0.26258634030818945 0.20637654513120654 0.19433004409074786 5.303411260527187 6.5000000000000009 1.0000000180025095e-35 0.57786776217074431 0.55000000000000016 4.5121224959929167 1.6307080372290226 1.0000000180025095e-35 0.12500000000000003 5.5000000000000009 0.049253420904278762
decision_type=2 2 2 2 2 2 2 2 2 2 2 2 2 2 2 2 2 2 2 2 2 2 2 2 2 2 2 2 2 2
left_child=1 5 3 -3 -5 7 -7 8 9 10 11 14 29 -14 15 16 17 18 20 -19 23 22 -18 24 25 26 27 28 -1 -13
right_child=-2 2 -4 4 -6 6 -8 -9 -10 -11 -12 12 13 -15 -16 -17 21 19 -20 -21 -22 -23 -24 -25 -26 -27 -28 -29 -30 -31
leaf_value=-0.014905952281702415 0.036946622906210251 0.015880703363736925 0.018737641428124157 -0.25138123285553482 -0.072962586263640314 -0.06350378760262157 0.035007119947197907 0.030642269372460243 -0.081068583464612806 0.023123255910130397 -0.098376091687829112 -0.016248076726536585 -0.078946328908078192 0.026530227159198921 0.021065157191659443 -0.039874102404462146 -0.0081707815797893886 -0.069974785365327391 0.044958405302026612 0.057237614994567657 -0.083218977661384932 -0.060533023513474019 0.056934015029445575 -0.053708593452227095 -0.081540536032452093 0.025924285284021877 -0.060658326670872002 0.030475661510596178 0.039144030750661939 0.042180732406643558
leaf_weight=83.130663750926033 96.799758680164814 13.808325275778769 28.871025009080768 1.8775305077433611 17.684438177384436 15.354845880588984 15.239602643065153 106.0434255952714 3.5246420727344221 188.33044490683824 4.0407428643666199 11.856260213884527 22.048087846371349 7.3060973004903635 314.89158198982477 18.804763857682701 9.4888902506791037 20.783921746653508 44.72634601010941 5.5391917228698722 9.1550812572240812 5.4716187025187528 43.785038375994191 9.1625187139143218 3.6170230661518863 66.470825744094327 11.782357093528843 44.748032683273777 13.295972913503645 18.129475858644582
leaf_count=1078 111 36 40 16 150 722 27 324 45 623 45 52 383 28 399 279 103 567 142 1 60 151 67 538 32 278 473 362 9 36
internal_value=0.0135572 0.0116037 -0.0160989 -0.0462385 -0.090087 0.0131759 -0.0144339 0.0139682 0.0121265 0.0124699 0.00985828 0.0104306 -0.0164259 -0.0526938 0.0126916 0.00592994 0.00825061 0.003131 0.00739442 -0.0432054 0.000433523 0.0354769 0.0453379 0.00373163 0.00609123 0.00753575 -0.000455395 0.00456911 -0.00745317 0.0190782
internal_weight=1255.77 1158.97 62.2413 33.3703 19.562 1096.73 30.5944 1066.13 960.09 956.565 768.234 764.194 59.3399 29.3542 704.854 389.962 371.157 312.412 286.089 26.3231 241.362 58.7455 53.2739 232.207 223.045 219.428 152.957 141.175 96.4266 29.9857
internal_count=7177 7066 242 202 166 6824 749 6075 5751 5706 5083 5038 499 411 4539 4140 3861 3540 2972 568 2830 321 170 2770 2232 2200 1922 1449 1087 88
is_linear=0
shrinkage=0.05


Tree=63
num_leaves=31
num_cat=0
split_feature=14 13 12 0 0 0 1 1 1 3 13 0 12 1 1 13 6 1 1 10 14 14 10 14 12 12 1 3 3 13
split_gain=19.7618 44.4595 23.0567 24.9878 20.3188 25.985 24.3068 15.3008 20.2615 15.0016 12.9747 12.4986 23.5878 13.9331 43.2361 30.5629 21.7058 21.6251 19.468 18.5369 16.6919 18.8792 28.4744 18.0964 21.0472 19.1376 16.5282 17.598 14.5144 13.2711
threshold=32.500000000000007 20.000000000000004 1.0000000180025095e-35 2.3138827358238676 13.490109295819193 8.3301373933810066 0.49758999049663549 0.44125390052795416 0.43019366264343267 0.045192307692307705 3.5000000000000004 4.2894938075823115 1.439735051136654 0.2170587703585625 0.27326880395412451 14.500000000000002 0.3000000000000001 0.20080568641424182 0.28681518137454992 0.17500000000000004 19.500000000000004 11.500000000000002 0.12500000000000003 3.5000000000000004 1.8592399146080612 1.9638617360286046 0.026255904696881775 0.67670033670033691 0.69176470588235317 3.5000000000000004
decision_type=2 2 2 2 2 2 2 2 2 2 2 2 2 2 2 2 2 2 2 2 2 2 2 2 2 2 2 2 2 2
left_child=1 4 -2 9 5 7 -7 8 11 10 -4 13 -13 17 15 -15 18 19 -16 20 21 22 23 24 -1 26 -25 -28 -29 -21
right_child=2 -3 3 -5 -6 6 -8 -9 -10 -11 -12 12 -14 14 16 -17 -18 -19 -20 29 -22 -23 -24 25 -26 -27 27 28 -30 -31
leaf_value=0.016967328000259727 0.042056743693332059 -0.054536407535791469 -0.06863497060271502 0.020751443969702979 0.04189557663131898 -0.068325953981529353 0.048869619070301684 -0.052539585035728732 0.054615763919700411 -0.069175091049424695 0.025452548469799247 -0.064704928707593534 0.035301280534214087 -0.076426026078669093 0.04888672219733961 0.045054370649673152 -0.074499149449590421 0.040232120116685685 0.0011361509597996912 -0.056115111081674857 -0.076870461563443307 0.027288486903079692 -0.072613367266456993 -0.00420319496601882 -0.060040803078104735 0.010919997676623506 -0.076996568651382102 0.040509276338085855 -0.078232324568341158 0.035387485695442193
leaf_weight=164.51595168979838 110.25445390935056 26.620592564344406 4.9463184645865175 206.23139743157662 50.337141561321914 19.097522058058534 5.7583430185914031 9.4364335098071006 26.343235348118469 12.63601162843406 14.135455293115227 6.3662276747636488 79.865726787596941 28.640385024133138 30.359010006650351 6.3200442567467681 7.2010861124144858 58.153754927683622 71.894588079303503 4.1922203033464021 6.3620603280141941 74.932769189123064 13.176474917912854 33.224879674147815 9.3786155409761687 50.513621231541038 24.471150299534202 7.2800171636044961 3.980797128751874 72.349674610479269
leaf_count=713 131 194 55 468 131 230 3 228 29 510 40 87 247 579 84 4 95 220 571 201 96 214 280 135 575 428 382 6 69 172
internal_value=0.0130553 0.00910724 0.0231552 0.0143972 0.0110678 0.00916102 -0.0411753 0.0107468 0.011513 -0.0269188 0.00106347 0.0100054 0.0279181 0.00768938 -0.00605729 -0.0544652 0.00940445 0.0114886 0.0153133 0.0078891 0.0034512 0.00479077 -0.000708704 0.00252089 0.0128141 -0.0124613 -0.029589 -0.0531936 -0.00146693 0.0303759
internal_weight=1238.98 890.772 348.204 237.949 864.152 813.815 24.8559 788.959 779.522 31.7178 19.0818 753.179 86.232 666.947 144.415 34.9604 109.455 522.532 102.254 464.378 387.836 381.474 306.542 293.365 173.895 119.47 68.9568 35.732 11.2608 76.5419
internal_count=7177 5973 1204 1073 5779 5648 233 5415 5187 605 95 5158 334 4824 1333 583 750 3491 655 3271 2898 2802 2588 2308 1288 1020 592 457 75 373
is_linear=0
shrinkage=0.05


Tree=64
num_leaves=31
num_cat=0
split_feature=2 13 13 0 13 13 1 11 10 11 1 1 11 12 0 13 0 0 1 0 1 1 1 1 12 1 12 0 1 12
split_gain=21.6727 17.7152 21.4113 14.1039 25.0927 49.5825 15.3653 10.3474 30.6884 16.4851 14.4636 50.5607 35.5207 21.1498 20.1944 16.5792 14.5775 17.6292 14.0534 36.3814 19.7144 14.2509 14.2129 22.0101 18.8422 12.8058 16.3282 30.1866 23.1809 19.7308
threshold=2.2500000000000004 20.000000000000004 27.000000000000004 11.005681806116822 40.500000000000007 86.000000000000014 0.0043633040040731439 0.049891774891774911 0.32500000000000007 0.042705167173252283 0.16613907366991046 0.10550985485315324 0.041241496598639467 2.4422480388209387 6.2120559585478743 5.5000000000000009 8.8278260143190561 9.6581034078425123 0.15261668711900714 0.99987383733576085 0.37664917111396795 0.37934288382530218 0.41190794110298162 0.33515408635139471 1.439735051136654 0.16938359290361407 1.6014684549625273 0.61223959779835269 0.38880927860736852 1.6289067424297814
decision_type=2 2 2 2 2 2 2 2 2 2 2 2 2 2 2 2 2 2 2 2 2 2 2 2 2 2 2 2 2 2
left_child=1 7 -3 4 -4 6 -6 8 9 10 11 13 15 -1 -15 -13 -16 -18 -9 20 -20 -22 23 24 -21 -12 27 -27 -29 -28
right_child=-2 2 3 -5 5 -7 -8 18 -10 -11 25 12 -14 14 16 -17 17 -19 19 22 21 -23 -24 -25 -26 26 29 28 -30 -31
leaf_value=0.014991329231538359 0.035679470311289506 -0.089823074420371268 0.031375386257040831 0.040675342266171428 -0.23839493130147169 0.048367293598133437 -0.086049756217524143 0.035307453147802183 -0.064373437133925196 -0.080750611868755678 0.050302512813449697 -0.029106075824750239 0.060223720569815502 -0.063684045734187442 0.046210626248780751 -0.091602858909021395 0.035417922559133265 -0.099837845994427993 -0.072342485138157317 -0.073266250952596174 0.054783935440905512 -0.064172586347849558 0.041505962944424407 -0.079175400430449239 0.025314053144424059 0.016226328089684567 0.065620548230282197 -0.076443298370771878 0.01022692642747982 0.01889551847417123
leaf_weight=364.91549237049185 93.838444067165256 8.3992968741804344 14.938550483435391 13.27261417172849 1.8915987014770514 8.0709518194198608 13.238025421742348 102.03708804066991 13.860835952742489 4.9008387807989484 29.898348321206868 21.725822442502249 7.2346648043021551 17.474039049004205 11.736858874559404 20.744026124477386 4.519723676145075 5.1590584507212043 17.591198342095598 5.2988206404261282 7.1515656542032939 3.8856635331758298 56.756117679411545 6.5916633820161215 56.870919596636668 98.138448706595227 26.535918425535783 18.313834388391118 13.330561659764497 152.08040370006347
leaf_count=1370 111 51 19 12 20 6 134 420 632 72 48 754 3 418 13 109 7 44 538 64 6 127 83 65 227 485 26 242 51 1020
internal_value=0.0125927 0.0106697 -0.0158096 -0.00371774 -0.0191668 -0.0517102 -0.105097 0.0121544 0.00938592 0.0106692 0.011235 0.00539848 -0.0421867 0.0112557 -0.0237965 -0.0596321 0.00874956 -0.0366771 0.0209137 0.0113858 -0.0394766 0.0129052 0.0229867 0.0077007 0.0169119 0.0190592 0.0160303 0.00253337 -0.0399325 0.0258372
internal_weight=1220.4 1126.56 59.811 51.4117 38.1391 23.2006 15.1296 1066.75 810.569 796.708 791.807 453.51 49.7045 403.805 38.8897 42.4698 21.4156 9.67878 256.183 154.146 28.6284 11.0372 125.518 68.7614 62.1697 338.298 308.399 129.783 31.6444 178.616
internal_count=7177 7066 242 191 179 160 154 6824 5294 4662 4590 2718 866 1852 482 863 64 51 1530 1110 671 133 439 356 291 1872 1824 778 293 1046
is_linear=0
shrinkage=0.05


Tree=65
num_leaves=31
num_cat=0
split_feature=11 13 0 13 0 1 12 13 13 12 12 12 13 1 1 1 0 1 2 1 2 0 0 0 0 1 2 1 1 12
split_gain=24.611 15.0165 14.8268 24.1266 18.1713 16.194 15.2651 14.4086 20.9023 11.7544 21.0661 23.2067 20.035 36.1735 18.4957 20.1971 19.5987 22.3741 17.9636 22.6611 17.1752 16.7728 33.0585 17.6078 15.7013 23.6006 15.5055 22.3242 14.8563 13.434
threshold=0.014599317988064794 40.500000000000007 8.2014539870942702 35.500000000000007 7.1395630368119418 0.02304220944643021 3.4654884253890437 27.000000000000004 20.000000000000004 1.6289067424297814 1.5888298744004119 1.5257085928350347 1.5000000000000002 0.20226479321718219 0.24284165352582934 0.2348379194736481 0.63505854554308561 0.27326880395412451 2.2500000000000004 0.21605522930622104 2.2500000000000004 0.10329616193342607 1.779354420957743 2.9438874179358376 2.0829006902752769 1.0000000180025095e-35 1.3500000000000003 0.020389707759022716 0.41562983393669134 3.4514933084675818
decision_type=2 2 2 2 2 2 2 2 2 2 2 2 2 2 2 2 2 2 2 2 2 2 2 2 2 2 2 2 2 2
left_child=1 7 3 4 5 -2 -7 8 9 10 11 14 20 -14 15 18 17 -16 19 21 24 26 -23 -24 25 29 -1 -28 -15 -11
right_child=2 -3 -4 -5 -6 6 -8 -9 -10 12 -12 -13 13 28 16 -17 -18 -19 -20 -21 -22 22 23 -25 -26 -27 27 -29 -30 -31
leaf_value=0.022806999459884486 -0.091688851013064468 -0.029745644787055683 0.040276708891020321 -0.093055926579892007 -0.084505025058309882 0.027708570967767934 -0.057869427215222452 0.053112497946961074 -0.085534832223445198 -0.0088239538841180815 0.046562387987542475 -0.079257868547988775 -0.034391916552593771 0.021146905553786479 -0.10452282511266858 0.060107300949002018 -0.053678461457394383 0.022927019795874332 0.051722364472321508 -0.08470835355709834 -0.081834208239474959 -0.078162926038032376 0.0332239333232116 -0.02493911877776632 0.034493758110807633 -0.060442095624133975 0.033265077550319204 -0.088577433492036395 -0.067924930061242644 0.051982579671167109
leaf_weight=302.96913736255374 2.9529659659601739 19.184672792907804 164.31211127061397 4.530946919694542 3.8578255097381762 266.47699029813521 5.3148683857289134 24.083644837141037 5.2523993737995616 19.409152502310462 60.485047053429298 6.3981741559691718 65.387430445989594 75.735196687106509 3.8365808413363984 29.204122258583084 17.946004413650371 33.614703582774382 34.478483339771628 5.7207598451059303 4.0668896902352563 13.170512048294766 32.771763561759144 21.581029187887907 92.477663675323129 12.305397677060681 7.3336937464773637 7.7134899653028697 4.9897650723578399 17.0735699190991
leaf_count=950 46 119 282 44 43 1501 263 11 32 104 86 115 1173 481 56 37 206 195 17 88 24 290 62 130 230 392 7 69 145 65
internal_value=0.0187154 0.0140255 0.028329 0.0213953 0.0232567 0.0247698 0.0260351 0.0149606 0.0139092 0.0145105 0.0186433 0.0153753 0.00632513 -0.00674935 0.0165618 0.0198833 -0.010716 0.00987082 0.0171241 0.0140752 0.0194697 0.015541 -0.00709164 0.01013 0.0223862 -0.000563688 0.0203465 -0.0291939 0.0156412 0.0196329
internal_weight=1364.63 917.189 447.446 283.134 278.603 274.745 271.792 898.005 873.921 868.669 577.224 516.738 291.445 146.112 510.34 454.943 55.3973 37.4513 425.739 391.26 145.333 385.54 67.5233 54.3528 141.266 48.7881 318.016 15.0472 80.725 36.4827
internal_count=7263 5084 2179 1897 1853 1810 1764 4965 4954 4922 2308 2222 2614 1799 2107 1650 457 251 1613 1596 815 1508 482 192 791 561 1026 76 626 169
is_linear=0
shrinkage=0.05


Tree=66
num_leaves=31
num_cat=0
split_feature=1 1 13 12 13 13 13 1 0 1 12 0 12 0 12 2 11 1 3 13 11 13 3 0 0 1 0 13 13 3
split_gain=22.7142 37.807 17.6501 17.2678 56.0014 17.1548 28.8086 16.9195 24.7134 36.1957 18.5351 21.6426 18.0222 16.4265 23.5931 15.3976 14.228 13.3132 12.293 12.2563 11.9944 12.6005 18.3305 11.6154 21.1776 36.19 26.151 10.8242 10.9303 10.779
threshold=0.2348379194736481 0.2170587703585625 40.500000000000007 1.6289067424297814 1.5000000000000002 5.5000000000000009 6.5000000000000009 0.24433899670839312 0.57786776217074431 0.34304684400558477 0.88735563278993945 4.966444657934054 2.1576065010327148 10.877848490814401 2.0914895534951747 2.2500000000000004 0.066987179487179499 0.63445630669593822 0.2440065681444992 35.500000000000007 0.096464019851116647 4.5000000000000009 0.28040540540540548 17.216839764902968 0.10329616193342607 0.10550985485315324 1.6307080372290226 27.000000000000004 5.5000000000000009 0.029100529100529109
decision_type=2 2 2 2 2 2 2 2 2 2 2 2 2 2 2 2 2 2 2 2 2 2 2 2 2 2 2 2 2 2
left_child=1 2 3 15 18 13 -7 -2 9 27 11 -10 20 -6 -15 23 29 -18 -5 -11 21 22 -12 24 -1 26 -26 28 -9 -14
right_child=7 -3 -4 4 5 6 -8 8 10 19 12 -13 16 14 -16 -17 17 -19 -20 -21 -22 -23 -24 -25 25 -27 -28 -29 -30 -31
leaf_value=0.020810578804084604 0.052407904996645729 -0.072615906993055132 -0.042052064235382214 0.024658526251209192 -0.064074738069309217 0.034386077370833178 -0.078688207475013081 -0.03526645815666591 -0.076130515249567141 0.028677797948163004 0.021641184611076485 0.01582190883901171 -0.066204466869743087 0.048849421889286287 -0.083093788119377732 0.05300756076269425 -0.070443829948006687 0.043123579969416702 -0.055561271500014914 -0.090951561497103844 0.053201420706060071 0.041606863692856766 -0.07070216883516299 0.050826559738443314 -0.074371720166823849 -0.070369023186083596 0.020540427876128059 0.014132520651338324 -0.105784812194563 0.025007528699790366
leaf_weight=419.91671798133757 54.847615552484058 12.748407858132849 13.723614820279179 140.32579550880473 38.150598332926165 19.572534367442135 7.909164259210228 20.001837488147434 8.3123110495507699 55.930118512362242 44.243424173095264 27.80312017723918 3.3631109315901986 8.9039541333913785 5.4691200791858128 32.864928839728236 8.4785263297380862 3.70963739324361 4.9439224618836297 2.2262527607381335 98.745009520091116 90.830302963615395 6.1170696101617059 25.282874302007258 8.1906766012543795 17.544866069045383 63.698306331411004 7.2192020006477824 7.5764754191040984 87.795441300899256
leaf_count=1423 148 341 109 414 1353 19 60 501 124 527 147 64 32 8 72 16 102 5 313 17 63 162 84 11 185 364 140 14 35 410
internal_value=0.0180261 0.0128165 0.0141669 0.0151401 0.00342788 -0.0301645 0.00184358 0.0261216 0.0230693 -3.62868e-05 0.0287303 -0.00534182 0.0323149 -0.0469119 -0.00135649 0.0197894 0.0148588 -0.035878 0.0219284 0.0240983 0.0398337 0.0304847 0.0104246 0.0177474 0.0161055 -0.00598632 0.00972661 -0.040372 -0.0546397 0.0216424
internal_weight=1346.44 819.245 806.497 792.773 225.275 80.0054 27.4817 527.199 472.352 92.9539 379.398 36.1154 343.283 52.5237 14.3731 567.498 103.347 12.1882 145.27 58.1564 239.936 141.191 50.3605 534.633 509.351 89.4338 71.889 34.7975 27.5783 91.1586
internal_count=7263 4828 4487 4378 2239 1512 79 2435 2287 1094 1193 188 1005 1433 80 2139 549 107 727 544 456 393 231 2123 2112 689 325 550 536 442
is_linear=0
shrinkage=0.05


Tree=67
num_leaves=31
num_cat=0
split_feature=11 0 13 10 11 12 14 12 11 0 2 1 12 13 13 14 13 13 12 12 13 13 0 1 12 2 0 14 14 12
split_gain=21.5234 13.6798 21.9872 17.6541 13.5392 12.1519 16.8872 12.0427 21.8762 12.6297 13.9043 12.4711 11.9851 22.9041 11.0306 29.3074 13.3109 19.2753 9.67991 19.2602 16.7851 31.795 26.9155 31.0747 18.7371 15.8803 15.1874 32.9188 14.0124 15.3532
threshold=0.014599317988064794 8.2014539870942702 35.500000000000007 0.27500000000000008 1.0000000180025095e-35 2.8570268642970738 4.5000000000000009 2.0667505158011652 0.035149493451939719 3.7133725547705683 2.2500000000000004 0.02304220944643021 1.0515018445150426 7.5000000000000009 40.500000000000007 57.500000000000007 27.000000000000004 20.000000000000004 1.6289067424297814 1.6154751663238869 1.5000000000000002 5.5000000000000009 10.877848490814401 0.40255182981491094 2.0914895534951747 2.2500000000000004 2.0829006902752769 5.5000000000000009 4.5000000000000009 1.9339345964608179
decision_type=2 2 2 2 2 2 2 2 2 2 2 2 2 2 2 2 2 2 2 2 2 2 2 2 2 2 2 2 2 2
left_child=4 2 3 5 14 7 -7 8 -2 -9 -11 -10 -13 -14 16 -16 17 18 19 -1 25 22 23 -22 -24 26 27 28 29 -20
right_child=1 -3 -4 -5 -6 6 -8 9 11 10 -12 12 13 -15 15 -17 -18 -19 20 -21 21 -23 24 -25 -26 -27 -28 -29 -30 -31
leaf_value=0.015868312366336176 -0.086366836477780817 0.038292245158088538 -0.092143191223349089 -0.061314151488067528 -0.080498835719900311 0.052923662679354215 -0.063977464931865166 0.045988956102732403 -0.090519409014559543 -0.073703961653265745 0.052345128902909321 0.028526711973263549 -0.062228247526892932 0.041326715880838638 -0.088895641202447986 0.036507605315322877 0.051699607791525187 -0.084201938541726196 0.032298560299535012 0.068907405745779471 -0.064543345427816909 0.022081405770434954 0.051556178006810761 0.029266064655845303 -0.034001289158630814 -0.08046564509494844 0.033402932594952355 -0.063017609529895699 0.061577159492679272 -0.062768931811558251
leaf_weight=543.06033837032737 4.9064682046882799 157.51715698465705 4.3161737397313109 6.2712208529119371 3.8588162764208382 4.7802525133010922 8.7333963973796909 85.824919313658029 2.4705341944936654 4.8458716142922622 3.9885566234588623 128.10144832264632 10.990292518283242 10.385355062782763 9.0998179833404738 9.547215558588503 23.009536251425743 5.0534545816481105 11.276917256647723 17.673298285342753 44.505505244829692 58.446127526462078 15.189175657927992 11.012135014694648 11.057956725358961 3.9535500761121503 89.181614777538925 14.964184042008126 15.237285634502767 6.8125323161948463
leaf_count=2266 74 282 44 319 68 20 270 227 39 63 2 453 376 10 110 6 11 32 23 13 1445 116 9 117 86 24 225 245 48 240
internal_value=0.017392 0.0265382 0.0198207 0.0216019 0.0129555 0.0235639 -0.0226254 0.0260457 0.0175463 0.0401294 -0.0167955 0.0209017 0.0227433 -0.0119161 0.0133611 -0.0246896 0.0141762 0.0131574 0.0137414 0.01754 0.00617855 -0.00608062 -0.0262111 -0.0459359 0.0155107 0.0183324 0.0211737 -0.00141073 0.0262516 -0.0035041
internal_weight=1326.07 433.132 275.614 271.298 892.939 265.027 13.5136 251.513 156.854 94.6593 8.83443 151.948 149.477 21.3756 889.081 18.647 870.434 847.424 842.371 560.734 281.637 140.211 81.7648 55.5176 26.2471 141.426 137.473 48.2909 33.3267 18.0894
internal_count=7263 2179 1897 1853 5084 1534 290 1244 952 292 65 878 839 386 5016 116 4900 4889 4857 2279 2578 1773 1657 1562 95 805 781 556 311 263
is_linear=0
shrinkage=0.05


Tree=68
num_leaves=31
num_cat=0
split_feature=11 0 14 11 0 12 12 11 0 2 14 14 14 11 12 12 12 0 14 12 6 0 12 12 12 12 12 12 12 14
split_gain=20.1459 12.6003 20.539 12.5596 12.5012 10.7553 8.66492 20.8238 10.3509 13.0645 9.81208 28.9835 11.4725 29.7414 7.72939 19.5422 21.1004 15.7115 32.4888 26.3767 21.7486 13.5015 13.3449 23.0232 13.0805 12.2502 38.094 19.468 31.177 16.356
threshold=0.014599317988064794 8.2014539870942702 71.500000000000014 1.0000000180025095e-35 7.1395630368119418 3.4654884253890437 2.0667505158011652 0.035149493451939719 3.7133725547705683 2.2500000000000004 40.500000000000007 19.500000000000004 17.500000000000004 0.11684397163120568 1.6289067424297814 1.5888298744004119 1.5257085928350347 6.125991563620679 16.500000000000004 1.7990871646976954 0.3000000000000001 6.9977672544038709 2.6953068189747609 4.6853219471441836 3.4714871709464243 1.5126576166751728 1.1836087162752891 1.0224921205566442 0.94417647524796544 49.500000000000007
decision_type=2 2 2 2 2 2 2 2 2 2 2 2 2 2 2 2 2 2 2 2 2 2 2 2 2 2 2 2 2 2
left_child=3 2 4 14 5 6 7 -2 -8 -10 11 12 13 -9 15 16 25 18 19 -16 24 -19 -23 -24 -21 26 27 28 29 -1
right_child=1 -3 -4 -5 -6 -7 8 10 9 -11 -12 -13 -14 -15 17 -17 -18 21 -20 20 -22 22 23 -25 -26 -27 -28 -29 -30 -31
leaf_value=0.0095335071537962918 -0.089910445483195281 0.037101121249027445 -0.07718834898710665 -0.078981825410479212 -0.081206728608996387 -0.055242887101958661 0.039859996257817977 0.023322374334399917 -0.071426644786236115 0.052226175255097533 0.040260261223403475 -0.068424016280234506 0.051808238362902659 -0.06552482279591676 -0.065218971805929213 0.043800969534307115 -0.078909549780738567 0.045884012157481252 -0.05285685996341706 0.021276036075008928 -0.056854720805668883 0.027484549821745943 -0.078361486405439204 0.019159839090112644 -0.057748186398270146 0.052927260588128716 -0.065037616528555345 0.045718723251630219 -0.08260841454029634 0.035568559909950136
leaf_weight=376.51141478295904 4.487536762317176 154.52294288715348 5.4158467276720321 3.7393281917320556 2.9485603668726972 4.3939620357705271 93.114288043172564 67.143918449757621 4.87442344939336 3.8024555444717407 41.019528356730007 10.258082819520494 21.900192481116392 10.956186832278034 11.908177854493259 57.296306540374644 6.1601848013233385 36.996657006442547 27.500624875014182 123.70505508640781 10.512726065993773 34.899449650198221 10.166424870956691 14.954685060773043 5.4680102384882039 19.630592618137598 15.298944199457763 46.924625354295131 8.5628329280298185 71.83470603544265
leaf_count=1437 102 282 107 68 36 258 370 351 71 2 98 218 40 244 203 86 115 45 492 652 717 76 128 66 204 16 438 107 132 102
internal_value=0.0167671 0.0257121 0.0192016 0.0124588 0.0211723 0.0223247 0.023648 0.0162343 0.0349928 -0.0172385 0.019383 0.011616 0.0198266 0.0108585 0.0128481 0.0160241 0.0131035 0.00592106 -0.00285742 0.00621297 0.0123025 0.0221262 0.00748192 -0.0203067 0.0179309 0.0141556 0.0126894 0.0150496 0.0118999 0.0137049
internal_weight=1306.91 424.838 270.315 882.071 264.899 261.951 257.557 155.765 101.791 8.67688 151.278 110.258 100 78.1001 878.331 602.22 544.923 276.112 179.095 151.594 139.686 97.0172 60.0206 25.1211 129.173 538.763 519.133 503.834 456.909 448.346
internal_count=7263 2179 1897 5084 1790 1754 1496 1053 443 73 951 853 635 595 5016 2433 2347 2583 2268 1776 1573 315 270 194 856 2232 2216 1778 1671 1539
is_linear=0
shrinkage=0.05


Tree=69
num_leaves=31
num_cat=0
split_feature=1 1 1 0 1 13 10 1 1 10 13 1 1 2 1 1 1 1 10 1 1 0 13 13 5 13 1 3 3 13
split_gain=19.5471 34.6691 15.8341 21.019 32.4993 15.1057 20.1361 10.4619 21.7491 10.6802 25.5063 17.7258 33.5688 30.4085 34.3968 24.2976 26.269 30.3516 26.0658 12.3129 41.7396 17.6802 9.76971 10.2278 9.88409 9.20303 9.0398 38.3827 15.1282 15.7766
threshold=0.2348379194736481 0.2170587703585625 0.24433899670839312 0.57786776217074431 0.34304684400558477 40.500000000000007 0.22500000000000003 0.2146469056606293 0.20637654513120654 0.17500000000000004 3.5000000000000004 0.015745282173156742 0.14208731055259707 1.3500000000000003 0.078742533922195448 0.10242973268032075 0.097205407917499556 0.080549564212560668 0.12500000000000003 0.16938359290361407 0.19433004409074786 6.125991563620679 27.000000000000004 5.5000000000000009 0.40000000000000008 1.5000000000000002 0.0043633040040731439 0.13989130434782612 0.11972222222222224 7.5000000000000009
decision_type=2 2 2 2 2 2 2 2 2 2 2 2 2 2 2 2 2 2 2 2 2 2 2 2 2 2 2 2 2 2
left_child=1 5 -2 4 22 7 -7 8 9 11 -11 26 13 14 -13 16 17 -16 -17 -14 21 -21 23 24 -4 -6 27 28 29 -1
right_child=2 -3 3 -5 25 6 -8 -9 -10 10 -12 12 19 -15 15 18 -18 -19 -20 20 -22 -23 -24 -25 -26 -27 -28 -29 -30 -31
leaf_value=0.022294582925964465 0.049894146753636709 -0.072395757812617326 -0.059590743638701177 0.0262663087060056 -0.06058771720383202 -0.092221531676074053 0.033730152316085622 0.050113476014497373 -0.084300167369888476 -0.036914339925682278 0.032115854495743106 -0.084163153718011252 0.027292602880268857 0.021791524309404994 0.042012631003977632 -0.079940704904525678 0.049583506827587026 -0.09496262466170155 0.023080582159049234 -0.079918338427321337 0.029498153218749986 0.0078398868987354757 0.013531954347064236 -0.10297267984563858 0.016295656483304961 0.027537695391720851 0.046313412478133115 -0.082049014656150429 0.071202295003286994 -0.013772934316471121
leaf_weight=205.93285316345282 52.456074071582407 12.19203060743166 12.762570598395547 358.32623781298753 3.1395375689608036 7.7445809356868249 5.3760827705264091 19.01851143152453 5.750904767366591 14.859500166028736 134.55080536205787 24.278619930613786 100.5920587485889 34.714630769914947 7.1894421484321382 20.317047091433778 20.750158606213517 9.2445454273838532 8.7988938275957498 17.161134084220979 44.145124864764512 8.6229868642985803 6.8554058186709872 7.4835881292819968 6.4642453560372806 52.557642126863357 27.476345831411891 9.5842550974921306 13.590002191253005 35.554057084023952
leaf_count=614 148 341 407 1193 87 104 5 46 143 349 333 503 479 122 22 506 63 199 77 359 177 53 14 35 94 457 66 173 20 74
internal_value=0.0161731 0.0112637 0.0239043 0.0208584 -0.000850645 0.0125794 -0.0406139 0.0134951 0.0125579 0.0133134 0.0252505 0.0102799 0.0016524 -0.0179972 -0.0332464 -0.014601 0.0121833 -0.0350395 -0.0488075 0.0160903 -2.41161e-05 -0.0505693 -0.0397139 -0.0533798 -0.034077 0.0225702 0.019016 0.0161821 0.019873 0.0169844
internal_weight=1287.49 787.445 500.045 447.589 89.263 775.253 13.1207 762.132 743.113 737.362 149.41 587.952 295.815 125.293 90.5787 66.3001 37.1841 16.434 29.1159 170.521 69.9292 25.7841 33.5658 26.7104 19.2268 55.6972 292.138 264.661 255.077 241.487
internal_count=7263 4828 2435 2287 1094 4487 109 4378 4332 4189 682 3507 2560 1492 1370 867 284 221 583 1068 589 412 550 536 501 544 947 881 708 688
is_linear=0
shrinkage=0.05


Tree=70
num_leaves=31
num_cat=0
split_feature=11 0 12 6 0 0 5 12 0 12 12 11 11 12 12 0 12 12 12 10 0 1 10 2 1 0 12 12 0 1
split_gain=17.5394 12.5994 12.4145 12.1891 8.53838 36.4503 22.4174 18.0336 9.9922 12.4712 28.5815 20.2289 16.2191 12.9976 27.4671 14.5346 27.8439 22.0675 17.3964 13.0077 10.6194 15.5366 9.60367 10.5564 52.2613 8.74152 12.2504 8.32113 8.08692 28.1421
threshold=0.10078125000000003 64.371183887988437 4.9695392937802128 0.3000000000000001 5.5208165614046418 4.5121224959929167 1.0000000180025095e-35 3.4714871709464243 4.2894938075823115 1.0000000180025095e-35 0.88079119342587353 0.05013966480446929 0.027323220258002871 1.0515018445150426 1.5126576166751728 1.4133353182350894 3.3370315807935782 1.9861552041756154 1.9638617360286046 1.0000000180025095e-35 1.0005857905995132 0.58469343185424816 0.27500000000000008 1.3500000000000003 0.061179427430033691 3.1836633579515281 3.1386333129076545 0.88609846275665027 0.73374768258528056 0.18878214061260226
decision_type=2 2 2 2 2 2 2 2 2 2 2 2 2 2 2 2 2 2 2 2 2 2 2 2 2 2 2 2 2 2
left_child=1 2 4 -4 5 7 -6 8 9 22 -11 12 13 19 -15 16 17 18 -16 -12 -14 -22 23 -1 -25 -17 -27 -21 29 -2
right_child=28 -3 3 -5 6 -7 -8 -9 -10 10 11 -13 20 14 15 25 -18 -19 -20 27 21 -23 -24 24 -26 26 -28 -29 -30 -31
leaf_value=0.020204335072230011 0.033819666396713327 0.062779124942370132 -0.066785386365258811 0.024199463156731764 0.026030378964567082 -0.076783811644568961 -0.044231921637738397 -0.056632159480339644 0.04926641032722455 -0.059388936238454149 0.031311026913780508 -0.061824257025040609 0.04768623392676679 -0.066446260276172855 -0.013237673858273021 0.02873303081282846 0.039258805335816646 -0.049167982093311025 0.052216000241133376 0.03378983522828876 -0.076390283344941426 0.055156835438930275 0.047682680088757562 0.029670056916842637 -0.089880124456767463 -0.064985025153888806 0.049347323877445351 -0.046947366308112998 0.038540952014823042 -0.069925502777784573
leaf_weight=350.20641100825742 32.188492140267044 13.423276365734635 9.2519589837174845 6.1134204862755714 241.36408415483311 11.338485815562306 11.912506998283787 9.0742825517663714 19.871992691420019 15.614213929860851 76.477267054375261 9.6353325927047972 43.123816715087742 14.283136389509307 49.351033229206223 67.624634980107658 27.433276859344915 35.550204573431984 12.780519262421874 4.7547748684883109 4.5907795927487296 4.3919211523607373 27.867994488333352 30.779470030218363 13.003637577872722 6.1578563540242595 3.7817451048176736 9.705749004497191 122.8570558661595 8.2024711094563809
leaf_count=733 156 7 244 44 611 125 142 523 32 652 216 312 186 449 559 286 120 886 22 5 77 2 66 35 86 94 6 110 214 251
internal_value=0.0168408 0.0146266 0.0140475 -0.0305853 0.0146705 0.0122629 0.0227257 0.0134706 0.0142398 0.0133774 0.00687364 0.00967267 0.0115862 0.00722038 0.00056955 0.00529226 -0.0052502 -0.0177503 0.000226209 0.0230882 0.0373843 -0.0120728 0.0193169 0.0173105 -0.0058365 0.0222978 -0.0214847 -0.0204001 0.0321601 0.0127514
internal_weight=1292.71 1129.46 1116.04 15.3654 1100.68 847.399 253.277 836.06 826.986 807.114 385.256 369.642 360.007 307.9 216.962 202.679 125.115 97.6818 62.1316 90.9378 52.1065 8.9827 421.858 393.99 43.7831 77.5642 9.9396 14.4605 163.248 40.391
internal_count=7251 6630 6623 288 6335 5582 753 5457 4934 4902 3982 3330 3018 2753 2422 1973 1587 1467 581 331 265 79 920 854 121 386 100 115 621 407
is_linear=0
shrinkage=0.05


Tree=71
num_leaves=31
num_cat=0
split_feature=3 2 3 14 10 1 1 14 12 12 14 3 1 1 3 14 1 3 12 12 14 0 3 1 14 14 0 14 14 1
split_gain=12.6176 16.8928 17.2508 49.2329 16.5476 16.7899 31.6466 16.2368 17.1524 16.4574 13.0832 42.6934 19.5251 15.0334 29.3895 38.6867 23.2087 42.4494 11.7085 23.1889 19.9971 13.4099 11.3822 23.7423 18.3837 20.3632 36.6815 14.1894 12.7187 25.9195
threshold=0.061602564102564115 2.2500000000000004 0.020526315789473691 15.500000000000002 0.17500000000000004 0.17984239012002948 0.18085987120866778 4.5000000000000009 1.7990871646976954 1.9339345964608179 5.5000000000000009 0.28509493670886082 0.0043633040040731439 0.015745282173156742 1.0950000000000004 3.5000000000000004 0.090475406497716918 1.0850000000000002 3.3370315807935782 2.6953068189747609 9.5000000000000018 0.11784952208767181 0.28040540540540548 0.10410118848085405 6.5000000000000009 15.500000000000002 14.344860019962153 6.5000000000000009 17.500000000000004 0.25571620464324957
decision_type=2 2 2 2 2 2 2 2 2 2 2 2 2 2 2 2 2 2 2 2 2 2 2 2 2 2 2 2 2 2
left_child=1 2 7 4 -4 -6 -7 8 -1 -10 11 -2 -13 -14 16 -16 17 -15 19 20 21 -9 27 -24 -25 -26 -27 -12 29 -29
right_child=10 -3 3 -5 5 6 -8 18 9 -11 22 12 13 14 15 -17 -18 -19 -20 -21 -22 -23 23 24 25 26 -28 28 -30 -31
leaf_value=-0.086524309273220912 -0.049271083480808102 0.041220110516605457 -0.073979954922359412 0.011174257876046405 -0.10168900435303373 0.066572196333984743 -0.08267949651886812 -0.001104871280534883 0.042436774884711745 -0.066056751953030207 0.04767662168572618 -0.074128420435561879 0.056835325232931978 -0.08021072348340974 -0.11106889456004841 0.050734798123619265 0.027120401309658117 0.062947434865182159 0.042912145631223572 -0.071280631884038631 0.0259346211621545 -0.078803069096494122 -0.088696776691029725 -0.077579865103540965 0.034353118537316721 -0.051759579010733484 0.03284541267470617 0.017344565281043611 0.029481891689899165 -0.071159017472214217
leaf_weight=7.6005428880453136 26.569362521637231 38.731098055839539 27.618160436744802 120.93037935323082 4.2419161552097675 9.5097354631870967 5.668768339790403 31.585128731094301 10.176587775349615 5.3240443216636768 79.791083934833296 5.6677946689305818 24.506951985997148 13.99318009975832 9.8265228295931575 5.9197368931490919 169.4345796732232 8.2200501170009375 41.802781504113227 7.7063532196916631 142.02827683929354 6.737853690981864 5.5579120774054891 5.0056042895885176 89.578961838094983 23.193974158959463 28.619659951422364 61.993427952053025 246.43443082031445 9.5465994760161248
leaf_count=79 527 31 477 441 78 2 69 128 6 98 192 133 43 316 217 16 996 2 112 97 283 60 96 96 357 448 53 401 1214 183
internal_value=0.0162431 0.00962081 0.00671326 -0.00570847 -0.0491119 -0.0137465 0.0108307 0.0149614 -0.024997 0.00517221 0.0199834 0.0108379 0.0175604 0.0198013 0.0154251 -0.0502395 0.0208203 -0.0272348 0.0189773 0.0136569 0.0172862 -0.0147656 0.0243777 0.0127374 0.0165883 0.0199221 -0.00502736 0.0288246 0.024094 0.00553428
internal_weight=1273.52 459.662 420.931 167.969 47.0386 19.4204 15.1785 252.962 23.1012 15.5006 813.86 264.138 237.569 231.901 207.394 15.7463 191.648 22.2132 229.86 188.058 180.351 38.323 549.722 151.956 146.398 141.393 51.8136 397.766 317.974 71.54
internal_count=7251 1961 1930 1067 626 149 71 863 183 104 5290 2250 1723 1590 1547 233 1314 318 680 568 471 188 3040 1050 954 858 501 1990 1798 584
is_linear=0
shrinkage=0.05


Tree=72
num_leaves=31
num_cat=0
split_feature=11 13 11 12 11 11 14 13 10 14 13 12 13 12 6 12 2 12 13 14 14 14 13 5 14 14 14 12 12 13
split_gain=15.9135 16.8682 38.3921 25.8535 19.6506 18.7723 15.6542 14.7165 13.8874 15.1193 12.9739 11.3912 11.4064 39.214 15.2143 13.4971 21.9268 45.4655 13.6562 18.2362 12.6977 16.6191 11.7023 10.4766 13.3002 10.1414 12.0197 14.8807 20.4417 15.7613
threshold=0.10078125000000003 5.5000000000000009 0.05013966480446929 0.76342292446103932 0.035149493451939719 0.023960599468213686 32.500000000000007 6.5000000000000009 0.7250000000000002 560.50000000000011 27.000000000000004 4.9695392937802128 1.5000000000000002 1.6882929624056546 0.3000000000000001 1.6014684549625273 2.2500000000000004 0.94417647524796544 3.5000000000000004 7.5000000000000009 58.500000000000007 11.500000000000002 4.5000000000000009 0.40000000000000008 22.500000000000004 34.500000000000007 250.00000000000003 0.32689343293555401 1.5888298744004119 11.500000000000002
decision_type=2 2 2 2 2 2 2 2 2 2 2 2 2 2 2 2 2 2 2 2 2 2 2 2 2 2 2 2 2 2
left_child=1 2 3 -1 5 8 7 -3 9 11 -9 12 14 15 -5 16 17 22 19 -17 21 -15 -14 24 -12 -8 27 -27 -29 -30
right_child=-2 6 -4 4 -6 -7 25 10 -10 -11 23 -13 13 20 -16 18 -18 -19 -20 -21 -22 -23 -24 -25 -26 26 -28 28 29 -31
leaf_value=-0.05393348861859313 0.03052187659144668 0.047566157405546379 -0.06342007447435026 0.02165973428800437 0.034567736558429485 -0.070709908549581854 0.059112469332044552 0.0084792770684086853 0.064420861992093445 -0.11512811894668243 -0.059656219033687334 -0.068650134846133512 0.022408107273150631 -0.057761745282135547 -0.05864211536868108 -0.083185822708242235 0.045928617397669479 -0.069700148085440616 0.053145487388498537 0.024149024477921346 -0.087296330316698839 0.002454851982423839 -0.06357890353296472 0.054938777673194175 0.036517296543421361 0.032619322920189549 0.055362467467542191 -0.072442921726463869 -0.035072995382146296 0.047320152381612739
leaf_weight=15.506491725798695 157.53267730685184 31.019477844238281 18.657269219052978 161.0462979740696 78.450497323879972 7.5792143553262568 29.986285678111017 344.85914450790733 10.88625362201128 2.5110811814665785 5.3622702318243709 4.792486429156269 47.11803861008957 20.374836905568372 6.1227240045554927 4.7367486680159372 22.065643768757582 22.750389283697587 34.449419364798814 24.046970437571872 9.5112499188398925 26.182299555977806 4.319556755013763 29.033897016197443 10.907144688069819 63.339708391577005 28.372572556138039 9.1199829429388029 9.49706595297903 14.927572607994078
leaf_count=726 621 21 633 606 353 138 12 639 42 13 90 189 171 949 348 117 14 664 57 75 112 384 102 25 10 49 8 35 35 13
internal_value=0.015661 0.013528 0.00700867 0.00962387 0.0116478 0.00724609 0.0194217 0.0144192 0.00871984 0.00716514 0.0117839 0.00795759 0.00891688 0.00131537 0.0187186 0.0139601 0.00217064 -0.0108442 0.0319059 0.00648563 -0.0346525 -0.0238978 0.0151872 0.0369398 0.00481927 0.0329937 0.0267409 0.0183591 -0.00856751 0.0152831
internal_weight=1255.07 1097.53 521.107 502.45 486.944 408.493 576.425 421.182 400.914 390.028 390.162 387.517 382.724 215.555 167.169 159.487 96.2536 74.188 63.2331 28.7837 56.0684 46.5571 51.4376 45.3033 16.2694 155.243 125.257 96.8843 33.5446 24.4246
internal_count=7251 6630 5693 5060 4334 3981 937 785 3843 3801 764 3788 3599 2645 954 1200 951 937 249 192 1445 1333 273 125 100 152 140 132 83 48
is_linear=0
shrinkage=0.05


Tree=73
num_leaves=31
num_cat=0
split_feature=11 14 14 3 2 2 14 0 0 0 14 3 14 14 11 10 1 1 0 1 0 7 1 1 10 1 2 0 1 1
split_gain=14.5053 11.3099 38.842 8.00089 12.473 7.19831 7.05445 12.1825 8.31228 19.8568 8.40459 14.906 14.7959 16.5657 14.0019 23.8215 11.8445 11.6018 22.2278 15.3587 11.5326 11.373 9.98253 29.3274 9.65526 32.3109 14.3887 19.8734 9.26341 18.1745
threshold=0.10078125000000003 236.50000000000003 174.00000000000003 0.070512820512820526 2.2500000000000004 2.2500000000000004 85.500000000000014 19.340069403769689 19.025979087023618 13.890772499340597 58.500000000000007 0.029100529100529109 49.500000000000007 42.500000000000007 0.05013966480446929 0.22500000000000003 0.50461918115615856 0.2146469056606293 7.5229806065981153 0.20637654513120654 6.125991563620679 0.20000000000000004 0.24433899670839312 0.26258634030818945 0.17500000000000004 0.28681518137454992 1.0000000180025095e-35 4.1112055706990605 0.15261668711900714 0.15140540152788165
decision_type=2 2 2 2 2 2 2 2 2 2 2 2 2 2 2 2 2 2 2 2 2 2 2 2 2 2 2 2 2 2
left_child=1 2 6 4 -2 -3 7 8 9 10 12 -12 13 14 16 28 17 18 19 20 -1 -15 -19 -24 26 -26 -25 -28 29 -16
right_child=3 5 -4 -5 -6 -7 -8 -9 -10 -11 11 -13 -14 21 15 -17 -18 22 -20 -21 -22 -23 23 24 25 -27 27 -29 -30 -31
leaf_value=0.0095369459845469282 -0.068019780550179931 0.022272193572166844 -0.15860719015300184 0.032126796775116227 0.054169262425663237 0.06015896989558657 0.026378963731892104 -0.064281087212614996 0.049258893740446529 -0.084038869084255924 -0.1114762297809498 -0.0016781690712135604 0.039659409413714916 -0.10948278910483489 -0.071639992567108499 0.03375960306300823 -0.068816170394749007 0.036735346535745693 -0.067067481813995564 -0.088205799642322516 0.044847628940166528 0.018826390351526591 -0.07452378343078335 0.029875690713408634 0.042499889009502856 -0.067119235268844932 -0.076972802021967768 0.027900484277114935 -0.070229567900328693 0.052422114442582005
leaf_weight=466.18996985972626 5.0477987945778278 37.924209661199711 3.3312834962271145 146.90820972906658 3.5626037120819092 18.728271991014481 82.957151421753224 5.3199275890365234 14.424603834748266 5.4625964220613232 3.4833023566752699 27.452100315655116 47.360890094365459 4.7799632582464247 6.0670856840442884 15.156116591300814 4.3871131329215123 79.63533654587809 9.4112398547586036 3.909729500534012 24.330356831196696 2.7039826691616327 8.6024268075125274 142.97833749715937 14.66425945289666 12.412157789978663 7.9055729421670575 10.540007947944103 15.277844936179461 5.7496826723217964
leaf_count=3143 102 69 40 518 1 5 226 109 7 57 21 195 95 119 142 99 145 360 144 90 46 9 154 458 58 379 94 22 341 3
internal_value=0.0151035 0.0130497 0.0118471 0.0293812 -0.0174634 0.0347969 0.0124032 0.0111674 0.0115977 0.0110062 0.0115749 -0.0140413 0.0124733 0.0109307 0.0116007 -0.0164382 0.0131099 0.0135704 0.00905273 0.0105016 0.0112884 -0.0631241 0.0217954 0.0157592 0.0198794 -0.00775085 0.0245139 -0.0170471 -0.0445178 -0.0112751
internal_weight=1236.66 1081.15 1024.49 155.519 8.6104 56.6525 1021.16 938.205 932.885 918.46 912.997 30.9354 882.062 834.701 827.217 42.2507 784.967 780.579 503.841 494.43 490.52 7.48395 276.738 197.103 188.5 27.0764 161.424 18.4456 27.0946 11.8168
internal_count=7251 6630 6556 621 103 74 6516 6290 6181 6174 6117 216 5901 5806 5678 585 5093 4948 3423 3279 3189 128 1525 1165 1011 437 574 116 486 145
is_linear=0
shrinkage=0.05


Tree=74
num_leaves=31
num_cat=0
split_feature=13 13 11 0 14 3 11 0 1 11 13 14 14 0 3 0 0 13 14 1 1 1 3 13 14 1 1 3 0 13
split_gain=13.5999 21.9981 17.7006 14.5423 25.0952 15.0516 22.4545 12.857 12.0095 11.1853 9.88488 19.5527 16.424 18.1165 17.9846 13.5992 15.739 14.3084 12.2864 11.3055 72.3125 16.1855 14.3859 60.1019 13.2499 14.0687 41.5473 11.17 10.6623 10.2076
threshold=27.000000000000004 20.000000000000004 0.014599317988064794 19.340069403769689 250.00000000000003 0.061602564102564115 0.05013966480446929 64.371183887988437 0.33103917539119726 1.0000000180025095e-35 5.5000000000000009 33.500000000000007 14.500000000000002 2.3138827358238676 0.089907407407407422 4.2894938075823115 7.5229806065981153 3.5000000000000004 2.5000000000000004 0.16613907366991046 0.10550985485315324 0.16938359290361407 0.044907407407407417 9.0000000000000018 5.5000000000000009 0.051598073914647109 0.097205407917499556 1.0850000000000002 3.1836633579515281 1.5000000000000002
decision_type=2 2 2 2 2 2 2 2 2 2 2 2 2 2 2 2 2 2 2 2 2 2 2 2 2 2 2 2 2 2
left_child=1 2 7 5 -5 6 -4 9 -3 10 12 19 15 -14 29 18 -17 -18 -1 20 22 -21 23 -12 25 27 -27 -24 -20 -15
right_child=-2 8 3 4 -6 -7 -8 -9 -10 -11 11 -13 13 14 -16 16 17 -19 28 21 -22 -23 24 -25 -26 26 -28 -29 -30 -31
leaf_value=-0.053733267126139454 0.033142966150464574 -0.097193954116283551 0.021368168280377936 -0.10296664675803545 0.043425801194558432 0.02822091148704875 -0.066322811504647847 0.061043519101230716 0.0036494134621814127 -0.082056512941919027 0.030688253449144911 0.038483327462534217 -0.047704356036000851 0.026173072225933298 -0.066787536387482652 0.043205188885712086 -0.06739620817437729 0.035607346188690402 0.0081820901789050812 0.057410210095125258 -0.090100930755670244 0.011961421177111622 -0.016486975391925052 -0.1357213822479067 0.032531733741549343 -0.1001172480409916 0.034808547739533069 0.037596832175534695 -0.064291479828060785 -0.012616736704440804
leaf_weight=8.9480609319580235 90.842377820052207 6.9115744326263648 22.435792997013777 6.0240886504761857 5.6950562298297882 311.78983514814172 10.82119271927513 11.888630274683235 5.1539164409041405 3.3843644482549271 16.843117356300354 70.495808337815106 28.2529768240056 36.058366499841213 9.1347326610703004 49.528218735940754 6.9869914329610747 6.5155701211187989 186.36667729367036 24.528503149747849 19.299549408257008 97.285582954064012 14.592199686914681 8.0044823288917559 75.922652095556259 10.948382187634708 11.914413549005983 27.611323282122612 5.2169919464504337 32.021383886225522
leaf_count=834 188 49 99 72 4 1658 226 5 9 65 26 58 749 49 162 138 125 58 1909 6 109 160 44 38 67 54 11 24 124 131
internal_value=0.0145302 0.0130346 0.013759 0.0229499 -0.0318255 0.0248103 -0.00716481 0.00945444 -0.0541175 0.00863653 0.00904771 0.0147369 0.00322876 -0.0134461 -0.000910884 0.00990138 0.0301596 -0.0176925 0.00353387 0.00928318 0.00149951 0.021113 0.0121597 -0.0229195 0.018342 0.00178462 -0.0298038 0.0188969 0.00620857 0.00792824
internal_weight=1221.42 1130.58 1118.51 356.766 11.7191 345.047 33.257 761.749 12.0655 749.86 746.476 377.446 369.03 105.467 77.2145 263.563 63.0308 13.5026 200.532 306.95 185.136 121.814 165.837 24.8476 140.989 65.0663 22.8628 42.2035 191.584 68.0798
internal_count=7251 7063 7005 2059 76 1983 325 4946 58 4941 4876 597 4279 1091 342 3188 321 183 2867 539 373 166 264 64 200 133 65 68 2033 180
is_linear=0
shrinkage=0.05


Tree=75
num_leaves=31
num_cat=0
split_feature=14 12 12 0 14 12 12 12 11 12 14 3 3 0 3 13 13 14 1 3 2 14 1 13 0 3 1 3 14 3
split_gain=15.5957 12.0916 22.339 22.4253 23.1602 35.2617 21.8042 19.7003 19.5531 15.8935 19.9504 15.0256 13.6653 29.6579 28.8407 18.5923 26.7218 13.5481 24.8 21.4732 39.8541 12.445 14.2843 12.311 11.9847 11.8703 22.4441 31.9419 17.4102 24.2794
threshold=185.00000000000003 1.1836087162752891 1.439735051136654 19.340069403769689 3.5000000000000004 1.5257085928350347 0.9275846187543545 1.6014684549625273 0.22902097902097904 1.6289067424297814 125.00000000000001 0.87487804878048803 0.13989130434782612 0.73374768258528056 0.11556007509386736 5.5000000000000009 2.5000000000000004 10.500000000000002 0.21605522930622104 0.073627819548872195 1.3500000000000003 2.5000000000000004 0.01205264311283827 9.0000000000000018 10.877848490814401 0.13989130434782612 0.097205407917499556 0.44970149253731345 2.5000000000000004 0.67670033670033691
decision_type=2 2 2 2 2 2 2 2 2 2 2 2 2 2 2 2 2 2 2 2 2 2 2 2 2 2 2 2 2 2
left_child=1 6 -3 4 5 -4 11 8 -6 -9 12 17 14 -14 15 16 -11 18 19 20 -1 22 -13 -21 -18 -25 27 -27 -28 -30
right_child=-2 2 3 -5 7 -7 -8 9 -10 10 -12 21 13 -15 -16 -17 24 -19 -20 23 -22 -23 -24 25 -26 26 28 -29 29 -31
leaf_value=-0.084574765321451195 0.036524249199395051 -0.063808845295008798 0.054790945139771119 -0.078896580571889835 -0.06658639940465387 -0.068450043846859529 0.036590145640190024 0.044621651479815422 0.049539575249239055 0.009560112173770785 -0.125263058150996 0.040682039030921699 -0.055382069422243753 0.02889267104140382 -0.070954840179360226 0.032654592861949001 -0.064658835197612882 0.016231182866815651 -0.079468927586390764 -0.055317103866765076 0.037029810655198232 0.04370494737765733 -0.03086524413292582 0.040548011028204156 0.018513428341118392 0.018607562297352425 0.035284988310710107 -0.081953840395799615 -0.096198022424415136 0.019711369930466349
leaf_weight=17.232226622290913 72.079479832260404 11.055754951492416 8.0654186084866542 7.28755561960861 14.278149271383883 20.701050590345403 116.06629112921655 40.264466821099631 4.8583139702677718 102.83775815751869 2.6465638191439202 13.441528105176987 11.202507344365584 153.30484996049199 12.160902807081582 55.784935291856527 20.558576568029824 260.46720495104091 9.663097982411271 6.7597388867288819 11.06349314842373 62.335579143371433 14.503195369616149 31.904241297394037 5.4872365184128276 16.493882734328512 54.925898809917271 15.149497598409651 6.771019862964752 13.577459141612051
leaf_count=209 102 405 43 126 325 950 370 55 5 610 40 20 707 601 281 63 505 877 180 332 12 86 75 43 20 26 61 87 47 17
internal_value=0.0139801 0.0125304 0.00642467 0.00811474 0.00951715 -0.0338963 0.0169475 0.0124668 -0.0371046 0.0148135 0.011516 0.0126804 0.0125179 0.0231538 0.00362849 0.00854 -0.00189757 0.00889951 -0.00150507 0.00282771 -0.0370279 0.0312755 0.0035493 0.0105742 -0.0471364 0.0137827 0.00579588 -0.0295369 0.0206489 -0.0188578
internal_weight=1192.93 1120.85 470.494 459.438 452.151 28.7665 650.354 423.384 19.1365 404.248 363.983 534.288 361.337 164.507 196.829 184.669 128.884 444.008 183.541 173.877 28.2957 90.2803 27.9447 145.582 26.0458 138.822 106.918 31.6434 75.2744 20.3485
internal_count=7280 7178 4736 4331 4205 993 2442 3212 330 2882 2827 2072 2787 1308 1479 1198 1135 1891 1014 834 221 181 95 613 525 281 238 113 125 64
is_linear=0
shrinkage=0.05


Tree=76
num_leaves=31
num_cat=0
split_feature=14 10 1 1 3 0 12 10 1 14 12 12 1 1 12 10 12 1 14 3 14 3 0 1 1 3 14 12 13 12
split_gain=14.52 13.8645 12.4155 16.5049 21.0509 39.2888 16.3249 21.767 21.3509 19.2582 30.5536 16.1156 15.474 40.2431 13.8201 49.8635 13.6749 13.5877 11.752 35.1503 31.691 11.4777 11.8118 10.38 22.6209 17.9873 29.2291 19.7436 10.101 15.9351
threshold=185.00000000000003 0.4250000000000001 0.19959651678800586 0.16938359290361407 0.7577521008403364 4.4828016547082781 1.0515018445150426 0.17500000000000004 0.14315017312765124 4.5000000000000009 1.5380943981363364 1.0224921205566442 0.097205407917499556 0.080549564212560668 2.2231115249540623 1.0000000180025095e-35 1.6014684549625273 0.098070491105318083 59.500000000000007 0.044907407407407417 9.5000000000000018 0.27664414414414423 10.157886278073329 0.16613907366991046 0.15261668711900714 0.55000000000000016 9.5000000000000018 0.93778201029957164 1.5000000000000002 2.2374523720810706
decision_type=2 2 2 2 2 2 2 2 2 2 2 2 2 2 2 2 2 2 2 2 2 2 2 2 2 2 2 2 2 2
left_child=1 2 3 6 5 -5 11 8 9 10 -8 12 13 18 -4 -16 -11 -14 19 20 -1 -3 -23 24 25 26 27 -19 -18 -30
right_child=-2 21 14 4 -6 -7 7 -9 -10 16 -12 -13 17 -15 15 -17 28 23 -20 -21 -22 22 -24 -25 -26 -27 -28 -29 29 -31
leaf_value=-0.019232282142173481 0.035491677679711946 -0.070404689371302273 0.023231895028568809 -0.085174579406992398 0.029501971393301258 0.025661040033004279 0.045060950533860444 -0.071829745369419357 -0.061928138354456257 -0.063494887781537862 -0.07115760570678141 0.058415723980946667 0.064777827641425992 -0.093436646348772634 -0.05643072179313674 0.024024133100124103 0.031049058965301846 -0.08067626509037909 0.034475118568914852 0.014263002268167891 -0.15084952405378615 -0.070663113684008669 0.030904173825394305 0.04965362964703518 -0.082509998667919804 0.041939632049698625 0.02895485791952461 0.028020977674791937 0.012954232392855855 -0.068614405107707319
leaf_weight=20.128526622895155 70.508223163778894 8.9913994265079982 380.20116392610362 20.434283526265062 14.962905219173988 13.135119862155987 8.4977941575925815 10.508525440236552 11.959718441532457 5.262751063797622 16.906405271234689 21.529579737689346 19.877372122369707 9.8557502399198693 26.471639053575927 70.674566525209229 70.721511957934126 14.069870711304249 39.548336397390813 136.0538982024882 5.9182295706123105 4.0042212401167481 10.03962800092995 24.384678073227406 5.8045449946075669 45.653021508594975 31.327083039097488 5.9419017708860329 43.89446130162105 6.9332980301696798
leaf_count=117 102 441 1647 428 75 82 129 293 341 116 747 23 8 100 475 431 191 179 52 422 46 128 17 20 91 84 66 23 205 201
internal_value=0.0134935 0.0120882 0.0129064 0.00813926 -0.0198215 -0.0418065 0.0105853 -0.00206655 0.00239883 0.00745304 -0.0322821 0.0163999 0.0138771 0.00521597 0.0189314 0.00210077 0.0154132 0.0263338 0.0100377 0.0040756 -0.0491378 -0.0262954 0.00194503 0.0203253 0.0133682 0.0191061 -0.00119861 -0.0484018 0.0188297 0.00182764
internal_weight=1174.2 1103.69 1080.66 603.31 48.5323 33.5694 554.777 174.684 164.176 152.216 25.4042 380.093 358.563 211.505 477.347 97.1462 126.812 147.058 201.649 162.101 26.0468 23.0352 14.0438 127.181 102.796 96.9919 51.3389 20.0118 121.549 50.8278
internal_count=7280 7178 6592 4039 585 510 3454 2223 1930 1589 876 1231 1208 737 2553 906 713 471 637 585 163 586 145 463 443 352 268 202 597 406
is_linear=0
shrinkage=0.05


Tree=77
num_leaves=31
num_cat=0
split_feature=14 10 1 1 3 0 12 10 1 14 12 12 12 1 1 12 12 10 1 14 3 14 14 3 0 3 14 12 10 0
split_gain=13.5194 12.7959 11.1806 15.1989 19.4732 36.8842 14.9715 20.5193 20.055 17.8336 28.7455 15.1066 19.3524 13.4644 38.1354 12.7215 12.5159 46.084 12.4905 11.1395 31.8596 29.783 12.4586 10.8683 11.0563 10.1263 14.2046 9.93109 14.7628 27.8873
threshold=185.00000000000003 0.4250000000000001 0.19959651678800586 0.16938359290361407 0.7577521008403364 4.4828016547082781 1.0515018445150426 0.17500000000000004 0.14315017312765124 4.5000000000000009 1.5380943981363364 1.0224921205566442 0.94417647524796544 0.097205407917499556 0.080549564212560668 1.6014684549625273 2.2231115249540623 1.0000000180025095e-35 0.098070491105318083 59.500000000000007 0.044907407407407417 6.5000000000000009 4.5000000000000009 0.27664414414414423 10.157886278073329 0.16461352657004835 16.500000000000004 0.91900249960484637 0.12500000000000003 0.41293818537966354
decision_type=2 2 2 2 2 2 2 2 2 2 2 2 2 2 2 2 2 2 2 2 2 2 2 2 2 2 2 2 2 2
left_child=1 2 3 6 5 -5 11 8 9 10 -8 12 13 14 19 -11 27 -18 -15 20 21 22 -1 -3 -25 26 -19 28 -4 -30
right_child=-2 23 16 4 -6 -7 7 -9 -10 15 -12 -13 -14 18 -16 -17 17 25 -20 -21 -22 -23 -24 24 -26 -27 -28 -29 29 -31
leaf_value=-0.080433621964526192 0.034470284257151866 -0.069773633468708046 0.021150203869535009 -0.083812249542253192 0.028450392483839793 0.024613634472881799 0.043677971457976257 -0.071235135757635321 -0.061417371558361883 -0.062912094398978255 -0.070595442091925323 0.057083985583964908 -0.077151965287048943 0.064279171842709801 -0.091787562269946388 0.018085942216637153 -0.055190224166677807 0.023838554564978912 0.02087639733896204 0.035707889843221166 0.015403648400579876 -0.12607634312827939 0.015710845315559045 -0.07004510096189917 0.029978500674424202 0.035126322342514081 -0.064502385277800708 0.028588444007814351 -0.086975177493487973 0.011581513988017966
leaf_weight=4.5528486417606535 69.006354271085002 8.6282924876140914 106.61072330980096 19.745653805090114 14.745805648679378 13.012577220099045 8.332789714913817 10.077357671805656 11.468655963079071 5.0512861267197868 16.206720149872126 20.945223926566541 5.8058751006610683 19.160563807934523 9.3779926260467601 120.22955911094323 25.732297939772252 13.055432312830819 122.89706237218343 38.056828756351024 132.71358535741456 7.9287211517803362 12.963500084355472 3.841690397122874 9.8373837862163764 49.89880834397627 6.9848672805819652 234.67974895896623 9.9731818963773531 25.604955264832824
leaf_count=58 102 441 381 428 75 82 129 293 341 116 747 23 101 7 91 597 475 110 429 50 371 72 29 128 17 166 155 941 228 97
internal_value=0.0130091 0.0116481 0.0124325 0.00786215 -0.019264 -0.0407422 0.0102232 -0.00201743 0.0023073 0.00718538 -0.031792 0.0158259 0.013381 0.0148929 0.00671354 0.0148201 0.0181707 0.00202017 0.0267305 0.0114213 0.0055774 -0.0456732 -0.00927902 -0.0258304 0.00188744 0.0230693 -0.00695189 0.0222706 0.0118431 -0.0160457
internal_weight=1157.13 1088.12 1065.81 593.273 47.504 32.7582 545.769 171.366 161.289 149.82 24.5395 374.402 353.457 347.651 205.593 125.281 472.54 95.6714 142.058 196.215 158.159 25.4451 17.5163 22.3074 13.6791 69.9391 20.0403 376.869 142.189 35.5781
internal_count=7280 7178 6592 4039 585 510 3454 2223 1930 1589 876 1231 1208 1107 671 713 2553 906 436 580 530 159 87 586 145 431 265 1647 706 325
is_linear=0
shrinkage=0.05


Tree=78
num_leaves=31
num_cat=0
split_feature=14 10 0 11 11 12 12 14 14 12 12 12 12 12 0 13 13 14 0 14 0 11 0 13 0 5 14 0 0 10
split_gain=12.5765 11.808 10.0835 9.53921 21.5942 9.87546 21.4537 19.5386 18.3578 32.5223 22.0185 17.0826 16.8952 14.0146 22.9014 16.6586 25.143 29.178 15.0446 14.6622 13.7747 10.7558 11.4661 15.8221 13.9662 10.6701 33.6298 8.42534 7.81109 16.7345
threshold=185.00000000000003 0.4250000000000001 34.579682013638923 0.09910714285714288 0.075922266139657454 1.1836087162752891 1.5126576166751728 128.50000000000003 3.5000000000000004 1.5257085928350347 1.6014684549625273 0.9275846187543545 1.6289067424297814 1.7990871646976954 13.490109295819193 5.5000000000000009 1.5000000000000002 4.5000000000000009 10.877848490814401 4.5000000000000009 11.005681806116822 0.072004608294930897 0.46060710610450101 3.5000000000000004 1.779354420957743 0.40000000000000008 40.500000000000007 0.41293818537966354 0.73374768258528056 0.17500000000000004
decision_type=2 2 2 2 2 2 2 2 2 2 2 2 2 2 2 2 2 2 2 2 2 2 2 2 2 2 2 2 2 2
left_child=1 3 -3 4 5 11 -7 8 9 -8 -10 21 -12 14 -14 16 19 -18 -19 -15 -20 22 23 -1 -24 26 -26 -25 29 -5
right_child=-2 2 -4 28 -6 6 7 -9 10 -11 12 -13 13 15 -16 -17 17 18 20 -21 -22 -23 24 27 25 -27 -28 -29 -30 -31
leaf_value=-0.059551320109386886 0.033460425242753118 -0.040401046778602914 0.05221322472523824 -0.015815091817494031 -0.078208986378410381 -0.059029986393947159 0.0595088777702713 -0.13208708130970603 -0.072149093096764316 -0.067107630478577776 0.044436711412237297 0.034444109297802922 -0.073553977723135364 -0.06981729582364235 0.05601323032124416 0.036039591010274923 0.033285489633221685 -0.062688448942312014 0.053882832273240325 0.021693248100397928 -0.038837862389752009 0.054037583695579684 -0.074383099818139772 0.012679285283255291 -0.071716428779319732 0.024729324090339608 0.021131865632998303 0.047233974888686636 0.029753027530194095 0.039665238172412291
leaf_weight=7.3560595447197548 67.571615540189669 18.101950526091972 3.5086123812943688 32.829785649490077 6.9094741153530768 13.024423146503976 6.9404425192624357 2.5271632239455348 7.762605140451341 18.833974218025105 37.639916778542101 91.650843165582046 11.747713772114368 4.5520787548739454 4.8055224418640128 54.053230262361467 18.179837827803567 29.905585175845772 6.4353876113891628 113.93269449635409 10.609073126688598 13.857713111676274 7.3208613595925263 323.81542600388639 16.638032206799835 24.198625126387924 23.565786699764431 18.656979495659471 120.42966306291055 23.194398898864165
leaf_count=373 102 583 3 471 199 485 2 25 122 947 44 263 160 55 1 51 109 985 2 506 100 7 145 852 185 53 43 11 302 94
internal_value=0.0125383 0.0112207 -0.0253645 0.0119727 0.00983389 0.0105347 0.00390384 0.00640343 0.007479 -0.0330128 0.0109622 0.0148242 0.0131727 0.00854377 -0.0359397 0.011642 0.00445972 -0.0204958 -0.0413208 0.0181775 -0.0038298 0.0106943 0.00926948 0.0130033 -0.0089422 -0.00150329 -0.0172927 0.0145617 0.0225779 0.00715415
internal_weight=1140.56 1072.98 21.6106 1051.37 874.919 868.01 340.95 327.925 325.398 25.7744 299.624 527.06 291.861 254.221 16.5532 237.668 183.615 65.1299 46.95 118.485 17.0445 435.409 421.552 349.828 71.7233 64.4024 40.2038 342.472 176.454 56.0242
internal_count=7280 7178 586 6592 5725 5526 3594 3109 3084 949 2135 1932 2013 1969 161 1808 1757 1196 1087 561 102 1669 1662 1236 426 281 228 863 867 565
is_linear=0
shrinkage=0.05


Tree=79
num_leaves=31
num_cat=0
split_feature=14 0 0 12 12 14 12 1 12 0 0 0 10 1 5 12 12 1 1 10 12 13 13 1 1 14 14 14 1 1
split_gain=11.7718 15.7559 12.5344 12.5642 12.2726 21.1897 18.4054 10.6715 22.1255 21.073 24.6211 19.6688 18.8155 15.5893 30.4766 12.8539 21.6609 12.2992 17.2345 9.58772 13.4644 29.6922 10.0875 11.1734 22.0542 26.8372 18.6407 15.6346 11.7561 40.8879
threshold=85.500000000000014 19.340069403769689 17.216839764902968 4.9695392937802128 4.6853219471441836 76.500000000000014 3.4654884253890437 0.19959651678800586 3.1879342431761795 0.10329616193342607 2.0829006902752769 2.9438874179358376 0.22500000000000003 0.16938359290361407 0.40000000000000008 1.9158717933306306 2.2773976737365413 0.16613907366991046 0.15261668711900714 1.0000000180025095e-35 3.4514933084675818 1.5000000000000002 35.500000000000007 0.14524205029010775 0.10242973268032075 44.500000000000007 12.500000000000002 59.500000000000007 0.026255904696881775 0.078742533922195448
decision_type=2 2 2 2 2 2 2 2 2 2 2 2 2 2 2 2 2 2 2 2 2 2 2 2 2 2 2 2 2 2
left_child=1 2 3 4 5 6 7 9 -9 13 12 -12 -11 17 -15 -13 -17 18 19 20 21 -1 23 24 26 -26 28 -28 -23 -30
right_child=-2 -3 -4 -5 -6 -7 -8 8 -10 10 11 15 -14 14 -16 16 -18 -19 -20 -21 -22 22 -24 -25 25 -27 27 -29 29 -31
leaf_value=-0.074628599888276401 0.025610224272986565 -0.070903726468427672 0.044029417217072486 -0.071456863504294699 0.046395595506999197 -0.12132301254173046 -0.058179513382392037 0.018078107519529554 -0.062847492968549842 -0.073787719117826792 0.023700732768461217 -0.065708728346226833 0.033245760943407039 -0.086371658774436685 0.022318183074056155 0.034397119538167396 -0.071932086056076303 0.048580280414878801 -0.076774813108936038 0.023343703019640994 0.05264796784503737 0.023186664238946077 0.041001527308315112 0.037505411304023309 -0.086214386013393166 0.046432725686208667 -0.12550145140237337 0.010504232532213177 -0.088688135731665896 0.02002565998455574
leaf_weight=11.710680473828686 140.97915157504031 5.9578754308167836 27.344090821221471 4.7459756937168995 22.729936135001481 3.0987968042027196 9.8945836860802938 400.45572975606774 8.6281926396186446 22.991215736547023 40.879781443160027 13.466776059707625 4.9986842325888565 11.739043681882322 14.313480825396255 13.576993116876112 7.4005232440540558 23.230651123449206 5.5036741975927717 126.35410642781062 14.420333022368139 75.567813072993886 19.994217257015407 21.062817393103614 14.331129179277925 5.1955124139785758 4.7615305518265796 3.7989741638302803 11.852514607133342 31.99995773070259
leaf_count=171 336 117 29 208 61 53 592 2211 170 695 156 170 31 237 56 68 127 35 132 552 23 315 62 40 252 4 47 9 182 139
internal_value=0.0120994 0.0101597 0.0106545 0.00969257 0.0101006 0.00920504 0.00964559 0.0103845 0.0163713 0.00547798 -0.0146313 0.000247868 -0.0546727 0.0107265 -0.0266565 -0.0275869 -0.00311408 0.0133603 0.0109994 0.0124158 0.00598447 0.00262458 0.00742234 0.0034395 -0.00142483 -0.0509206 0.00612697 -0.065145 0.011236 -0.00935767
internal_weight=1122.98 982.006 976.048 948.704 943.958 921.228 918.129 908.234 409.084 499.15 103.314 75.3241 27.9899 395.836 26.0525 34.4443 20.9775 369.784 346.553 341.05 214.695 200.275 188.564 168.57 147.507 19.5266 127.981 8.5605 119.42 43.8525
internal_count=7280 6944 6827 6798 6590 6529 6476 5884 2381 3503 1247 521 726 2256 293 365 195 1963 1928 1796 1244 1221 1050 988 948 256 692 56 636 321
is_linear=0
shrinkage=0.05


Tree=80
num_leaves=31
num_cat=0
split_feature=3 1 6 14 0 1 1 13 3 14 1 14 1 1 13 12 14 12 14 0 14 13 10 2 0 0 10 14 0 14
split_gain=11.4108 32.4054 28.4779 26.6695 17.5591 15.7825 37.0934 22.2386 12.5163 11.0639 20.5158 15.6919 14.0348 10.8563 16.5485 11.2733 31.7363 21.7436 14.7071 25.6561 15.8784 13.005 16.4374 30.9466 11.1722 22.0066 10.6455 29.599 10.3124 9.88755
threshold=0.16461352657004835 0.0043633040040731439 1.0000000180025095e-35 115.00000000000001 2.1060495699636372 0.020389707759022716 0.078742533922195448 35.500000000000007 0.14820175438596495 15.500000000000002 0.29270064830780035 51.500000000000007 0.29500409960746771 0.43452851474285131 1.5000000000000002 2.2231115249540623 12.500000000000002 2.8186305780363132 9.5000000000000018 0.10329616193342607 8.5000000000000018 3.5000000000000004 0.22500000000000003 1.3500000000000003 8.2014539870942702 12.949626532447603 0.22500000000000003 39.500000000000007 10.446097521339617 3.5000000000000004
decision_type=2 2 2 2 2 2 2 2 2 2 2 2 2 2 2 2 2 2 2 2 2 2 2 2 2 2 2 2 2 2
left_child=2 -2 8 5 -4 -3 7 -7 13 -8 -11 12 -12 15 -15 18 17 -17 19 20 21 29 23 -23 -18 -26 28 -28 -20 -1
right_child=1 3 4 -5 -6 6 9 -9 -10 10 11 -13 -14 14 -16 16 24 -19 26 -21 -22 22 -24 -25 25 -27 27 -29 -30 -31
leaf_value=0.047617814358186211 -0.085567581060869174 0.044014064838273269 -0.069767863309530595 -0.11258476070014461 0.0064390950888817827 -0.086330510445656664 0.014607371752453352 0.027544480270718576 0.042139451518413022 -0.080889209981102508 0.049297495723240888 0.021007705799408218 -0.048913488411488508 0.020045721338090527 -0.085702982962596444 -0.062850231006655696 -0.066278926601916352 0.034301535988359812 0.022265069663937449 -0.068954844449077957 -0.080347744544004632 -0.076556677695666875 0.059753462621828859 0.037362039501184906 0.017449796067933589 -0.089336506893897646 -0.099331058975364303 0.020341948793861916 0.044571001176162306 -0.0028088532963092697
leaf_weight=33.655057241907343 9.6875122144119796 28.855260050739162 15.313468754058706 4.605443562148138 14.926678211661054 16.54277658829233 258.46838562897756 5.787230370566248 47.678537069965387 8.4150550329941307 4.4912766435882103 40.566148137673736 19.140019403217593 8.4183728130301443 6.5999959541368289 6.4423216455616048 15.687670994782819 54.321482269559056 334.21794498170493 11.312515946105121 4.4706451173406085 13.927693451172678 6.8750627760309717 10.423087949398903 17.451671060174707 6.6680214700754723 6.522518455632965 24.858994678419549 61.322533618658781 13.669139816076493
leaf_count=76 220 79 339 64 89 396 2046 14 137 223 10 198 439 44 119 110 405 326 952 162 80 186 2 13 59 78 211 72 44 96
internal_value=0.0115582 0.00475621 0.015332 0.00701798 -0.0321518 0.00845892 0.00555592 -0.0568177 0.0174297 0.00976276 -0.00748193 0.00214035 -0.0302479 0.0155797 -0.0264268 0.0165943 0.00126753 0.0240013 0.0195514 0.00168451 0.0113099 0.0165266 -0.00851927 -0.027795 -0.0334343 -0.0120719 0.0234993 -0.00453159 0.0257233 0.0330526
internal_weight=1111.32 396.559 714.763 386.872 30.2401 382.266 353.411 22.33 684.523 331.081 72.6125 64.1974 23.6313 636.845 15.0184 621.826 100.571 60.7638 521.255 94.3332 83.0207 78.55 31.2258 24.3508 39.8074 24.1197 426.922 31.3815 395.54 47.3242
internal_count=7289 3689 3600 3469 428 3405 3326 410 3172 2916 870 647 449 3035 163 2872 978 436 1894 615 453 373 201 199 542 137 1279 283 996 172
is_linear=0
shrinkage=0.05


Tree=81
num_leaves=31
num_cat=0
split_feature=11 11 3 14 1 3 14 11 14 0 0 1 1 13 13 13 14 3 3 1 1 13 1 1 0 0 13 1 1 1
split_gain=11.1904 26.8444 15.6615 35.417 19.7817 16.2262 15.1997 14.9052 14.5677 12.3066 31.3847 12.7322 33.1138 20.6149 9.64865 11.6268 9.00434 8.2744 16.6141 8.20371 12.6159 7.77351 6.91297 61.8519 19.1778 36.2076 12.0772 11.609 24.7164 8.97189
threshold=0.21954449152542374 0.15108695652173917 0.089907407407407422 115.00000000000001 0.0043633040040731439 0.12009433962264153 46.500000000000007 0.14760348583878 85.500000000000014 9.0726705992596699 4.6667857112489406 0.020389707759022716 0.078742533922195448 35.500000000000007 46.000000000000007 20.000000000000004 2.5000000000000004 0.16461352657004835 0.20140762463343112 0.31689214706420904 0.31966254115104681 6.5000000000000009 0.16613907366991046 0.1171526648104191 1.4588002792670163 4.2430762618455171 1.5000000000000002 0.097205407917499556 0.080549564212560668 0.2170587703585625
decision_type=2 2 2 2 2 2 2 2 2 2 2 2 2 2 2 2 2 2 2 2 2 2 2 2 2 2 2 2 2 2
left_child=1 2 16 4 8 6 7 19 -4 10 11 -7 13 -13 15 22 -1 -11 -19 -6 -21 -5 23 27 26 -26 -24 28 -14 -28
right_child=-2 -3 3 21 5 9 -8 -9 -10 17 -12 12 14 -15 -16 -17 -18 18 -20 20 -22 -23 24 -25 25 -27 29 -29 -30 -31
leaf_value=-0.057650860131563779 0.034108577367710023 -0.077355728403874321 -0.084719878032342447 -0.073021842392933231 -0.070009639068273136 0.041571270645961514 0.028387269938916399 0.042120216513018144 0.03016181821200984 0.048004866330167609 -0.069370549905487286 -0.085247349864894656 0.048010113080975581 0.026287057123520221 0.043648612029853776 -0.075740972460826728 0.017053987632492322 -0.084918958209582188 0.024009171455600664 0.052583089169438026 -0.065741560742150415 -0.1880428551980505 -0.057891273817436674 -0.082627962526237053 -0.073175190002856508 0.032660675715511366 0.036825922809421215 0.037757503707013168 -0.085924996033822712 0.011750098206046262
leaf_weight=4.063463391037657 50.569332201266661 8.7160625581163895 10.02304425530019 4.9562611320288843 19.548533373163085 28.434640408144332 11.644810726400463 4.9608366698957971 3.8078403179533771 32.202531429938972 13.084402218228204 14.990889050357511 7.2623902673367393 5.7250622026622286 21.055489968974143 4.0374303637072435 549.09889748285059 3.8187085231766096 42.017103147227317 4.0926638437667844 5.0108044482767582 2.0876835435628891 4.5146334449236738 18.310851878777612 16.04865751543548 16.277617101790383 76.709242838202044 39.367355714115547 6.5524202309898101 66.676253458339488
leaf_count=148 120 145 239 101 429 79 44 16 12 32 211 391 15 15 50 30 2252 34 179 6 125 13 239 554 305 47 304 216 156 782
internal_value=0.0111371 0.0100256 0.0107604 0.00418414 0.00583052 0.00759315 -0.0208425 -0.0378976 -0.0530913 0.0106787 0.00655817 0.00960601 0.00655111 -0.0544237 0.0111143 0.00843588 0.0165052 0.0285807 0.0149341 -0.051752 -0.0125461 -0.107112 0.00978603 -0.00336989 0.0150048 -0.0198825 0.02263 0.023919 -0.0155158 0.0251653
internal_weight=1095.67 1045.1 1036.38 483.218 476.174 462.343 45.2576 33.6128 13.8309 417.086 339.047 325.963 297.528 20.716 276.812 255.757 553.162 78.0383 45.8358 28.652 9.10347 7.04394 251.719 71.493 180.226 32.3263 147.9 53.1822 13.8148 143.385
internal_count=7289 7169 7024 4624 4510 4259 620 576 251 3639 3394 3183 3104 406 2698 2648 2400 245 213 560 131 114 2618 941 1677 352 1325 387 171 1086
is_linear=0
shrinkage=0.05


Tree=82
num_leaves=31
num_cat=0
split_feature=9 12 14 14 12 12 14 12 12 14 10 2 1 13 1 1 1 1 1 1 1 1 1 12 10 10 1 12 14 14
split_gain=10.2634 9.07016 9.18826 21.7015 13.7086 13.5843 19.8385 18.1468 11.9123 11.8664 17.0257 12.3052 43.3481 22.2247 26.3197 11.8986 30.2643 17.9966 28.7858 22.6523 26.1193 13.9895 30.1589 10.9644 10.0739 12.1506 9.88227 14.4513 9.55636 9.55126
threshold=0.25000000000000006 5.4103734435467947 9.5000000000000018 8.5000000000000018 2.8186305780363132 2.6817505102530386 12.500000000000002 3.3370315807935782 3.4514933084675818 3.5000000000000004 0.22500000000000003 1.3500000000000003 0.10410118848085405 5.5000000000000009 0.10550985485315324 0.16613907366991046 0.12385080382227899 0.12175370380282403 0.015745282173156742 0.078742533922195448 0.098070491105318083 0.2170587703585625 0.43019366264343267 2.8570268642970738 0.4250000000000001 0.57500000000000018 0.058203052729368217 3.1386333129076545 3.5000000000000004 93.500000000000014
decision_type=2 2 2 2 2 2 2 2 2 2 2 2 2 2 2 2 2 2 2 2 2 2 2 2 2 2 2 2 2 2
left_child=1 2 3 8 -5 24 -7 -8 9 15 11 12 -11 23 -15 16 17 18 -1 -20 -21 -17 -23 -14 -4 -26 -13 -28 -10 -9
right_child=-2 -3 5 4 -6 6 7 29 28 10 -12 26 13 14 -16 21 -18 -19 19 20 -22 22 -24 -25 25 -27 27 -29 -30 -31
leaf_value=0.024012507095976719 -0.081101461417069809 -0.064725895738261582 0.018830021680475931 -0.079154349420040404 0.011557969245209333 0.033066237074326037 -0.073471442349925142 0.0048017792886638662 -0.058864580938771865 -0.075391039836632465 0.046841496856398532 0.036829513409994262 0.016729639324917459 0.055986659238537018 -0.077451499979115032 0.040030181046992686 -0.08229721930518083 0.071936545208947003 -0.088929949634426131 0.0221538106950879 -0.097867034519039817 -0.073709899269194135 0.061173950891058919 -0.060280763259451302 -0.076101468714948869 0.011107399514900035 -0.066575878717790707 0.037082919504867411 0.037381052296001881 -0.077679153469909556
leaf_weight=66.98790317834937 3.0343919357983387 3.9414965318574096 550.75315506517654 11.957147829642055 6.3909317487850776 22.459279308037367 13.319957609579431 30.392254011298064 2.7392456760280757 25.333163949428126 14.594417351181617 22.005171163473278 67.537900624331087 4.7888302803039577 16.184316690079868 59.77066296339035 9.459079933469182 10.878261814592404 11.552180860890074 20.184346206136983 5.8458967251935965 9.0214138573210239 7.6653988542966536 4.9614947182126334 6.1791932584601481 11.294780917989554 7.105493101757018 6.3824234213680029 44.118922361114528 3.968157058232463
leaf_count=357 38 113 2040 186 50 135 235 475 204 490 33 28 728 1 117 205 241 10 260 124 145 167 3 117 251 145 122 13 208 48
internal_value=0.0107252 0.0109838 0.0112616 0.00566179 -0.0475578 0.0150816 -0.00567865 -0.023929 0.0080028 0.00499687 -0.00477694 -0.00965929 -0.0173769 -0.00165382 -0.0469834 0.0131946 0.00368545 0.0107303 0.00436311 -0.0306605 -0.00480058 0.0287295 -0.0117485 0.0114594 0.0176442 -0.0197316 0.016174 -0.017525 0.0317547 -0.00472364
internal_weight=1080.81 1077.77 1073.83 435.465 18.3481 638.367 70.1396 47.6804 417.117 370.258 168.893 154.299 118.806 93.4725 20.9731 201.365 124.908 115.449 104.57 37.5824 26.0302 76.4575 16.6868 72.4994 568.227 17.474 35.4931 13.4879 46.8582 34.3604
internal_count=7289 7251 7138 3809 236 3329 893 758 3573 3161 1649 1616 1453 963 118 1512 1137 896 886 529 269 375 170 845 2436 396 163 135 412 523
is_linear=0
shrinkage=0.05


Tree=83
num_leaves=31
num_cat=0
split_feature=11 11 3 14 1 3 14 11 14 1 1 3 3 1 1 14 3 3 14 1 6 11 1 14 1 12 1 1 12 1
split_gain=10.2828 24.7199 13.3766 31.9171 18.5534 14.5217 13.808 13.8554 13.4012 10.5503 32.7558 21.7779 20.5396 14.1292 54.6619 12.3473 20.8333 15.4909 30.229 11.9866 9.83186 8.58941 25.397 8.43086 8.3607 24.9251 7.40851 11.7921 6.78087 28.5966
threshold=0.21954449152542374 0.15108695652173917 0.089907407407407422 115.00000000000001 0.0043633040040731439 0.12009433962264153 46.500000000000007 0.14760348583878 85.500000000000014 0.020389707759022716 0.097205407917499556 1.143050541516246 1.0608536585365858 0.12385080382227899 0.16613907366991046 4.5000000000000009 0.16461352657004835 0.71467391304347838 51.500000000000007 0.39234508574008947 0.80000000000000016 0.020204081632653064 0.57332026958465587 2.5000000000000004 0.2170587703585625 2.1466012901733391 0.31689214706420904 0.31966254115104681 2.2231115249540623 0.37934288382530218
decision_type=2 2 2 2 2 2 2 2 2 2 2 2 2 2 2 2 2 2 2 2 2 2 2 2 2 2 2 2 2 2
left_child=1 2 23 4 8 6 7 26 -4 -7 11 -11 13 -12 -15 24 -17 18 20 -19 -18 -20 -23 -1 -16 -26 -6 -28 29 -25
right_child=-2 -3 3 -5 5 9 -8 -9 -10 10 12 -13 -14 14 15 16 17 19 21 -21 -22 22 -24 28 25 -27 27 -29 -30 -31
leaf_value=-0.057458213513498758 0.032694709383496078 -0.076215187854884792 -0.083266695215356581 -0.10354115226643541 -0.068831377391667434 0.040008998457809163 0.027156685832990569 0.041364067274817014 0.028804263467666982 -0.073923893597680299 0.038469640092413555 0.005933770720649734 -0.081656918458466871 -0.078860626344989207 0.041783843237313108 0.031888934607745556 -0.057575225234777719 0.026698787395334812 0.040690956008938711 -0.069277925903029142 0.0066624724742862657 -0.090267243381311271 0.044295897436714034 0.019950446411299994 -0.073791502274538651 0.032809619567124908 0.052126671380497237 -0.065102986061740933 0.0033758005404702141 -0.081031028885198253
leaf_weight=3.9539513378404072 49.003302714321762 8.3918037721887213 9.7455797023430915 6.8312485984060904 18.542055978789001 27.370088116382249 11.267562532331793 4.7740650605410329 3.6726986549329004 19.24865950513049 50.730926490214188 15.341979958553564 5.6875807007600079 16.373922156286426 57.520987960451748 58.905416598077863 34.641924246272538 40.536095597373787 18.083900845958851 3.5370046883472233 7.1934574164915821 5.9508793809218323 8.5364485704340023 441.23037024086807 6.965029608225449 25.778081209631637 3.8691050766501558 4.8143520611920394 90.99665059405379 7.1240534152602768
leaf_count=148 120 145 239 114 429 80 44 16 12 528 270 81 183 488 227 287 710 257 87 73 53 87 16 1416 113 99 6 125 763 73
internal_value=0.010323 0.00924566 0.00995627 0.00374021 0.00533656 0.00708068 -0.0204441 -0.037205 -0.0525919 0.0100402 0.00785306 -0.0385046 0.0125632 0.0141641 0.00982272 0.0152481 0.00758733 -0.00449487 -0.0184094 0.0189964 -0.0465298 0.0177092 -0.0109779 0.0152869 0.0303028 0.0101337 -0.0509823 -0.0128687 0.0158202 0.0183459
internal_weight=1066.62 1017.62 1009.22 465.919 459.088 445.67 43.2671 31.9996 13.4183 402.402 375.032 34.5906 340.442 334.754 284.023 267.649 177.385 118.48 74.4066 44.0731 41.8354 32.5712 14.4873 543.305 90.2641 32.7431 27.2255 8.68346 539.351 448.354
internal_count=7289 7169 7024 4624 4510 4259 620 576 251 3639 3559 609 2950 2767 2497 2009 1570 1283 953 330 763 190 103 2400 439 212 560 131 2252 1489
is_linear=0
shrinkage=0.05


Tree=84
num_leaves=31
num_cat=0
split_feature=9 12 14 14 12 12 14 0 12 0 14 0 10 10 0 2 1 1 1 13 1 1 1 1 2 1 9 1 14 1
split_gain=9.06648 8.39015 7.82243 20.3176 12.4857 11.8586 18.0702 17.2943 10.895 10.7417 10.635 16.1967 15.425 12.9935 11.3727 27.4422 35.2005 17.0269 14.9142 13.387 10.3018 23.2583 18.2925 22.2139 11.2567 9.32234 9.21675 14.753 8.81382 8.4442
threshold=0.25000000000000006 5.4103734435467947 9.5000000000000018 8.5000000000000018 2.8186305780363132 2.6817505102530386 12.500000000000002 8.2014539870942702 3.4514933084675818 20.295735126050783 3.5000000000000004 1.4588002792670163 0.22500000000000003 1.0000000180025095e-35 0.73374768258528056 1.3500000000000003 0.20449486374855044 0.061179427430033691 0.10410118848085405 4.5000000000000009 0.16613907366991046 0.12385080382227899 0.12175370380282403 0.098070491105318083 1.0000000180025095e-35 0.27719601988792425 1.0000000180025095e-35 0.58469343185424816 3.5000000000000004 0.43019366264343267
decision_type=2 2 2 2 2 2 2 2 2 2 2 2 2 2 2 2 2 2 2 2 2 2 2 2 2 2 2 2 2 2
left_child=1 2 3 8 -5 26 -7 -8 10 29 11 13 14 20 15 16 -12 -17 -16 25 21 22 23 24 -1 -18 -4 -28 -10 -9
right_child=-2 -3 5 4 -6 6 7 9 28 -11 12 -13 -14 -15 18 17 19 -19 -20 -21 -22 -23 -24 -25 -26 -27 27 -29 -30 -31
leaf_value=0.010203363348456873 -0.078029516972995649 -0.064407992175871884 0.017263776494370841 -0.077849134921001428 0.0099915131217355995 0.031724078403358669 -0.065810443312153133 -0.019498303402418829 -0.058577113140578244 -0.071891186081372654 -0.073478029015542914 -0.063783242945041702 0.045464332320629283 0.048440632804111011 -0.065674423161731846 0.042164572461320209 0.037241694672683082 -0.06573011757070335 0.013741443936592324 -0.072963024251975248 0.026564541390130692 -0.082405567946446323 0.06984791336543214 -0.099051400137686069 -0.082527630675628391 -0.061470140094336413 -0.081548449354429023 0.050240422221212791 0.03593087007223935 0.037469779496605016
leaf_weight=75.841662769147661 2.9202731001423663 3.7554028957674737 546.71647984994343 11.561033190926539 6.222868306329473 22.002033811528236 15.784900716971604 12.162752981763338 2.6171475778101003 4.5993101722560814 33.965879854280502 6.7258912161341859 13.913160211406646 25.396916028228588 6.563331287004984 19.99806306837127 16.867289876798175 4.4747820316697462 59.562380962772295 4.4310095180990166 59.358504618227016 7.8331725989119141 10.388735066284424 5.3514051971724248 3.4202405441901638 2.7870123428292564 5.8038857614155841 3.3488239129073918 42.997841887059622 13.983305484987794
leaf_count=554 38 113 2321 186 50 135 582 97 204 54 802 237 33 133 123 18 123 96 324 77 262 173 9 112 32 53 110 5 208 25
internal_value=0.00994841 0.0101935 0.0104616 0.00518797 -0.0471123 0.0140113 -0.00561295 -0.0232679 0.00749882 -0.00142628 0.00455781 0.0124525 -0.00487893 0.0151858 -0.0095909 -0.0219708 -0.0406916 0.0224364 0.00585899 0.00554481 0.00997867 0.000404977 0.00723293 -0.000454875 0.00620192 0.0232442 0.0164307 -0.0333291 0.0305085 0.0109691
internal_weight=1051.36 1048.44 1044.68 420.278 17.7839 624.401 68.5323 46.5303 402.494 30.7454 356.879 194.317 162.563 187.591 148.65 82.524 58.0512 24.4728 66.1257 24.0853 162.194 102.835 95.002 84.6133 79.2619 19.6543 555.869 9.15271 45.615 26.1461
internal_count=7289 7251 7138 3809 236 3329 893 758 3573 176 3161 1512 1649 1275 1616 1169 1055 114 447 253 1142 880 707 698 586 176 2436 115 412 122
is_linear=0
shrinkage=0.05


Tree=85
num_leaves=31
num_cat=0
split_feature=10 14 14 6 14 10 14 14 6 12 14 13 12 14 14 13 13 13 10 13 13 11 13 12 14 14 13 9 9 12
split_gain=10.6944 9.63824 7.68748 6.26444 12.5973 13.7369 32.6422 12.5606 13.661 16.9649 12.6783 11.8107 10.5224 14.588 13.8748 19.2954 14.8453 12.8619 12.5155 13.043 10.9113 11.8935 9.48493 14.9865 11.0128 10.0991 9.36082 8.70348 10.0718 8.61436
threshold=0.62500000000000022 380.50000000000006 560.50000000000011 1.0000000180025095e-35 11.500000000000002 0.12500000000000003 8.5000000000000018 5.5000000000000009 0.3000000000000001 3.4514933084675818 6.5000000000000009 9.0000000000000018 3.4514933084675818 8.5000000000000018 3.5000000000000004 2.5000000000000004 5.5000000000000009 3.5000000000000004 1.0000000180025095e-35 2.5000000000000004 6.5000000000000009 0.049891774891774911 5.5000000000000009 0.76342292446103932 250.00000000000003 248.50000000000003 1.5000000000000002 0.15000000000000005 1.0000000180025095e-35 2.6817505102530386
decision_type=2 2 2 2 2 2 2 2 2 2 2 2 2 2 2 2 2 2 2 2 2 2 2 2 2 2 2 2 2 2
left_child=2 -2 3 4 5 12 11 8 9 -5 -9 -7 13 14 15 -1 -16 18 19 -15 -18 -22 23 -6 -24 27 -10 28 29 -25
right_child=1 -3 -4 7 22 6 -8 10 26 -11 -12 -13 -14 17 16 -17 20 -19 -20 -21 21 -23 24 25 -26 -27 -28 -29 -30 -31
leaf_value=0.036499522141599308 -0.017211562858824761 0.066790273847462389 -0.05665391790724883 -0.065363884343489553 -0.056373645248853327 -0.055848895874055317 -0.088484383608465583 0.043365501545632769 -0.055744110168371025 0.034675891306533591 0.0076415561468502861 0.038409417915464365 0.034687873664057706 -0.091561485360379183 -0.071683683682592869 -0.055146996104380758 0.043271963828681689 0.029375337638033613 0.03501134954058624 0.00774675674452886 -0.080828890333906792 0.015797321481779255 0.017912114861464212 0.015255507689602488 0.054936296538190113 -0.054164150887869349 0.016952317119085607 0.041662887907216929 -0.070574846745962302 -0.0072289262421845069
leaf_weight=19.350620726589117 4.3237079641257905 16.243414845317602 3.976774468086659 11.814324287232013 8.8279744859319162 4.4605274659115883 13.792395501455756 78.476244786288589 4.5245316597283809 6.6082908646203569 36.335288794361986 13.035702580586074 25.530893041461241 7.2794238438364136 17.113839393481612 8.1674306045752001 6.7938908934593227 49.203179313102737 7.291936323978006 6.0578086958266795 6.7366736978292447 6.0398443965241313 248.52218458009884 178.91618035617284 21.850758358836174 6.023323585279285 207.99401799553016 21.671263338590506 3.9532434299180741 55.911133886227617
leaf_count=74 101 3 19 333 417 165 252 299 391 31 244 14 138 81 337 112 5 154 23 40 39 17 385 1149 7 29 1477 48 72 778
internal_value=0.0134129 0.0491311 0.0127366 0.0129916 0.0103852 -0.000671562 -0.0309644 0.0185436 0.0118241 -0.0294791 0.0320597 0.014379 0.00526845 -0.000335356 -0.0175387 0.00929859 -0.0376702 0.015481 -0.0176588 -0.0464554 -0.00792623 -0.0351508 0.0142524 0.00771969 0.0209043 0.00984302 0.0154046 0.0113233 0.00856971 0.00990208
internal_weight=1106.83 20.5671 1086.26 1082.28 736.53 190.854 31.2886 345.753 230.941 18.4226 114.812 17.4962 159.566 134.035 64.2023 27.5181 36.6842 69.8323 20.6292 13.3372 19.5704 12.7765 545.676 275.303 270.373 266.475 212.519 260.452 238.781 234.827
internal_count=7234 104 7130 7111 4336 1451 431 2775 2232 364 543 179 1020 882 584 186 398 298 144 121 61 56 2885 2493 392 2076 1868 2047 1999 1927
is_linear=0
shrinkage=0.05


Tree=86
num_leaves=31
num_cat=0
split_feature=0 3 14 3 14 12 14 3 14 3 1 14 14 1 0 14 14 0 12 0 0 1 2 14 3 1 14 12 1 1
split_gain=13.8732 7.79822 18.4466 9.405 38.8501 23.5955 24.7792 14.017 20.7567 13.4862 12.0453 9.10054 25.95 13.9731 12.3128 16.6465 19.6071 12.2706 15.162 9.96607 16.1021 8.84928 8.81138 8.72138 8.44337 30.5319 12.6272 17.6977 12.2379 17.7766
threshold=33.031562964630126 0.11972222222222224 123.50000000000001 0.020526315789473691 16.500000000000004 1.7501218624419115 8.5000000000000018 0.042678571428571434 50.500000000000007 0.073627819548872195 0.37934288382530218 21.500000000000004 25.500000000000004 0.31505014002323156 4.1112055706990605 236.50000000000003 57.500000000000007 3.066815318185641 0.88735563278993945 0.055558731237459011 4.966444657934054 0.088539652526378645 2.2500000000000004 39.500000000000007 0.16504716981132078 0.0043633040040731439 5.5000000000000009 3.4514933084675818 1.0000000180025095e-35 0.11606018245220186
decision_type=2 2 2 2 2 2 2 2 2 2 2 2 2 2 2 2 2 2 2 2 2 2 2 2 2 2 2 2 2 2
left_child=1 3 24 -1 5 6 9 8 -6 -5 11 19 -13 14 17 16 -16 18 23 -9 -21 -7 -12 -14 26 -26 27 -3 -28 -30
right_child=-2 2 -4 4 7 21 -8 10 -10 -11 22 12 13 -15 15 -17 -18 -19 -20 20 -22 -23 -24 -25 25 -27 28 -29 29 -31
leaf_value=0.014690963634476393 0.045283271502437342 -0.065988364059526405 -0.090550480468327227 -0.046544482362861343 -0.094203268159570974 -0.074832411699983586 -0.088140473662798924 0.051954107011432604 0.0087520685546116517 0.049507176476292131 -0.070400362151410156 -0.10032361138862884 -0.0380630537728626 0.050013888485968265 -0.015604819805174247 0.016110024539919634 -0.16740372253792246 0.051144315332244561 -0.071208373987122819 -0.089163321227727368 0.036943019136303885 0.007282699673417584 0.052079544776662656 0.026310318578214892 -0.086738518088082583 0.014923177006786345 0.077352439017488436 0.049833930881101718 -0.075200059131813657 0.030296357571250956
leaf_weight=235.74734850169625 32.081996881403029 8.0922321545658615 4.0340066077187648 8.6839443467324582 7.1896914902608868 3.6372839303221545 23.870031665603165 36.577081150026061 15.342212490737436 6.3097673404263324 6.2181309082079661 4.8299609071691512 6.3357653967104843 26.081370211322792 5.2038642028346676 10.239833399653433 3.5980363562703133 19.885386237874627 5.8442070024902923 3.5916935425484544 8.5742047978565079 33.492129363061395 1.9224183559417722 31.03241202281788 7.5247320407070211 399.13626409863355 13.2207609055622 5.5672001985367379 4.1349788722582153 116.4005990094447
leaf_count=899 43 241 83 161 119 90 355 74 34 21 102 69 31 36 35 12 21 13 141 51 22 330 1 59 178 3301 29 24 61 598
internal_value=0.0128892 0.0119109 0.0159826 0.00740376 0.00100451 -0.0292658 -0.0564981 0.0129564 -0.0240999 -0.0061233 0.0178698 0.0208557 0.0130692 0.01813 0.00800609 -0.0272331 -0.0776571 0.0186406 0.00368315 0.0389151 -0.000286893 -0.000761488 -0.0414763 0.0153958 0.0167583 0.0130421 0.0270098 -0.0187825 0.0316861 0.0266773
internal_weight=1094.4 1062.32 558.111 504.207 268.459 75.9932 38.8637 192.466 22.5319 14.9937 169.934 161.794 113.051 108.221 82.1395 19.0417 8.8019 63.0978 43.2124 48.743 12.1659 37.1294 8.14055 37.3682 554.077 406.661 147.416 13.6594 133.756 120.536
internal_count=7234 7191 4515 2676 1777 957 537 820 153 182 667 564 417 348 312 68 56 244 231 147 73 420 103 90 4432 3479 953 265 688 659
is_linear=0
shrinkage=0.05


Tree=87
num_leaves=31
num_cat=0
split_feature=0 14 0 12 0 12 1 13 0 1 0 12 12 12 12 13 12 12 9 13 1 14 14 14 14 12 0 1 14 0
split_gain=13.0066 7.40242 8.24139 9.82917 6.61162 16.1528 7.64627 34.8291 14.3366 13.6666 21.9351 8.54503 18.138 10.6728 21.0916 8.35116 17.4632 14.0803 9.76737 9.68913 13.6687 7.70765 18.2941 11.799 7.45707 8.00392 6.92587 31.9138 7.91892 7.62334
threshold=33.031562964630126 364.50000000000006 20.295735126050783 0.72307810995979738 17.216839764902968 4.9695392937802128 0.44125390052795416 3.5000000000000004 5.5208165614046418 0.40255182981491094 13.890772499340597 4.6853219471441836 3.4654884253890437 3.4514933084675818 3.1879342431761795 3.5000000000000004 1.0224921205566442 2.8570268642970738 1.0000000180025095e-35 2.5000000000000004 1.0000000180025095e-35 159.50000000000003 88.500000000000014 99.500000000000014 9.5000000000000018 1.3636167624379854 2.7087705369925517 0.24284165352582934 54.500000000000007 2.9438874179358376
decision_type=2 2 2 2 2 2 2 2 2 2 2 2 2 2 2 2 2 2 2 2 2 2 2 2 2 2 2 2 2 2
left_child=1 2 4 -4 5 6 9 8 -8 10 11 12 13 14 15 16 -1 18 19 26 24 22 -17 -24 25 -21 27 28 -18 -28
right_child=-2 -3 3 -5 -6 -7 7 -9 -10 -11 -12 -13 -14 -15 -16 21 17 -19 -20 20 -22 -23 23 -25 -26 -27 29 -29 -30 -31
leaf_value=-0.050259563227727871 0.044163020008325948 -0.04509011858679611 0.052265879261782125 -0.075411901463898132 0.034591166553788147 -0.073459039342840177 -0.047450870014855338 -0.080130934035631263 0.03860554463096319 0.035332054563533798 -0.12667885736696091 0.042888085697720457 -0.063037834852548782 0.040354462564361065 -0.065083685943103015 0.014062667852970782 0.021885192692243198 -0.069034416502545479 -0.077770691775052095 0.051493831356166447 -0.065513451923725513 0.043202874454961473 0.011766309956726315 -0.12760750146084551 0.019862808700502131 -0.089468756209780287 0.058961201469338503 -0.076185441540458809 -0.072106237393449443 0.018847453029788967
leaf_weight=14.542519956419708 31.271837939275429 5.759118703659623 2.0797657966613761 5.4772355910390615 31.763394240289927 5.5738202309876206 6.1277303195383892 12.189639254647771 23.02473636996001 62.897742244880646 2.8744549481198183 21.388107973674778 8.2166752439952671 31.113176590355579 9.1220046155503933 593.38807657186408 65.089136091322871 5.953523066447814 3.1778680855641133 1.4125541448593164 9.1804168140224629 22.139966313668992 2.5418065111152819 3.7720163321355358 19.565324664290529 3.5075633099768311 15.425715192221103 10.215639815345638 2.3208402880700296 51.009914110181853
leaf_count=605 43 27 1 107 41 231 197 231 32 184 29 66 503 49 287 2661 696 218 65 1 377 27 11 39 59 62 6 175 33 171
internal_value=0.0123864 0.0114408 0.0117523 -0.0402736 0.0121312 0.0114219 0.0118949 -0.00915896 0.0205168 0.0128027 0.0112211 0.0116649 0.0108988 0.0116024 0.0105277 0.0113655 0.00251658 0.00662396 0.00911385 0.0106674 -0.0134824 0.0142314 0.0131619 -0.0714987 0.00602574 -0.0489987 0.016311 0.00616882 0.0186492 0.0281615
internal_weight=1082.12 1050.85 1045.09 7.557 1037.53 1005.77 1000.2 41.3421 29.1525 958.855 895.957 893.083 871.695 863.478 832.365 823.243 201.401 186.858 180.905 177.727 33.6659 621.842 599.702 6.31382 24.4854 4.92012 144.061 77.6256 67.41 66.4356
internal_count=7234 7191 7164 108 7056 7015 6784 460 229 6324 6140 6111 6045 5542 5493 5206 2468 1863 1645 1580 499 2738 2711 50 122 63 1081 904 729 177
is_linear=0
shrinkage=0.05


Tree=88
num_leaves=31
num_cat=0
split_feature=0 3 14 3 14 12 14 3 14 3 1 14 14 12 1 0 0 0 11 1 11 2 0 3 1 14 12 1 1 1
split_gain=12.1738 6.90287 16.4039 8.48234 35.4645 22.218 22.9209 12.9908 19.3789 12.5068 10.5664 8.96038 23.9836 26.8872 9.40415 17.7521 16.8251 9.1457 17.967 8.32575 8.71582 8.01252 7.74109 7.58579 28.1819 11.3337 16.2784 11.2373 16.1996 9.53842
threshold=33.031562964630126 0.11321428571428573 123.50000000000001 0.020526315789473691 16.500000000000004 1.7501218624419115 8.5000000000000018 0.042678571428571434 50.500000000000007 0.073627819548872195 0.37934288382530218 21.500000000000004 30.500000000000004 1.9638617360286046 0.31505014002323156 4.1112055706990605 17.745907011616051 0.055558731237459011 0.13100686498855837 0.088539652526378645 0.15314351547070443 2.2500000000000004 3.066815318185641 0.16504716981132078 0.0043633040040731439 5.5000000000000009 3.4514933084675818 1.0000000180025095e-35 0.11606018245220186 0.020389707759022716
decision_type=2 2 2 2 2 2 2 2 2 2 2 2 2 2 2 2 2 2 2 2 2 2 2 2 2 2 2 2 2 2
left_child=1 3 23 -1 5 6 9 8 -6 -5 11 17 13 -13 15 22 -17 -9 -19 -7 -21 -12 -14 25 -25 26 -3 -27 -29 -26
right_child=-2 2 -4 4 7 19 -8 10 -10 -11 21 12 14 -15 -16 16 -18 18 -20 20 -22 -23 -24 24 29 27 -28 28 -30 -31
leaf_value=0.013598610256281667 0.043050578981986672 -0.065461333332121299 -0.08863256499636446 -0.045804027541627802 -0.093170977818845424 -0.075084032798933109 -0.086656559328476851 0.051004860976417002 0.0080024658804577938 0.048342472812520298 -0.070019514584961737 -0.11008613844586371 0.013155587252171603 0.032094852285403312 0.051845595402440575 -0.079303662887357129 0.025103904529879491 -0.086316253361505682 0.04493552228291129 0.013863498533522388 -0.087629294134917074 0.051899258315879819 0.052497340369384943 -0.085224057371040815 0.04356999212334884 0.073676688040392263 0.048895919574980656 -0.073914334591550043 0.028274445139321938 0.011771821573368356
leaf_weight=231.99845950689632 30.495877490378916 7.7213254672242311 3.8038663906918364 8.4429461625404638 6.9071690192795385 3.4246911086374885 23.116351600561757 35.042756910377648 15.036272464320062 6.0591873531229785 5.6680010160780503 7.8617997393012029 39.117534087446984 5.7621350098634139 19.605254340101965 8.9355908297002298 6.7912991628982118 3.9791039787232858 7.563540888717398 30.567423036089167 2.2725969005259676 1.7679741382598875 18.377938613295555 7.3171775855589649 25.199867125484161 13.072038555837933 5.2127588537987322 4.0123181683011344 116.07340584692429 367.72954728473269
leaf_count=899 43 241 83 161 119 90 348 73 34 21 95 87 190 44 23 43 9 59 11 297 29 1 10 178 71 29 24 62 630 3230
internal_value=0.0119135 0.0109991 0.0148397 0.00667207 0.000402263 -0.0288226 -0.0557436 0.012239 -0.023844 -0.00646835 0.0171731 0.0200013 0.0119977 -0.0499518 0.0210898 0.012855 -0.0342176 0.0382901 -0.000310993 -0.000896581 0.00683999 -0.0410322 0.0257308 0.0155601 0.0120006 0.025312 -0.0193725 0.0296524 0.0248601 0.0138111
internal_weight=1068.94 1038.44 550.142 488.298 256.3 73.8832 37.6185 182.416 21.9434 14.5021 160.473 153.037 106.452 13.6239 92.8276 73.2224 15.7269 46.5854 11.5426 36.2647 32.84 7.43598 57.4955 546.338 400.247 146.092 12.9341 133.158 120.086 392.929
internal_count=7234 7191 4548 2643 1744 946 530 798 153 182 645 549 406 131 275 252 52 143 70 416 326 96 200 4465 3479 986 265 721 692 3301
is_linear=0
shrinkage=0.05


Tree=89
num_leaves=31
num_cat=0
split_feature=0 14 0 12 0 10 12 12 9 1 0 12 1 12 12 1 1 1 0 14 0 12 12 14 12 12 14 13 12 10
split_gain=11.3928 6.58635 7.49238 9.08723 6.05419 15.2498 11.1222 6.84397 9.1573 6.79257 12.3607 8.64079 11.9631 8.68307 12.6492 7.91852 27.7542 13.2221 11.398 43.9527 20.9658 10.4391 36.9535 9.89637 8.41144 12.2031 10.815 8.36762 7.42497 6.80707
threshold=33.031562964630126 364.50000000000006 20.295735126050783 0.72307810995979738 17.216839764902968 0.4250000000000001 4.9695392937802128 4.4899284006300695 0.25000000000000006 0.51657181978225719 14.344860019962153 3.4654884253890437 0.48657840490341192 3.4514933084675818 3.3703496293710251 0.28510612249374395 0.27719601988792425 0.28681518137454992 7.5229806065981153 77.500000000000014 10.877848490814401 1.9158717933306306 0.98685623639513631 159.50000000000003 0.91900249960484637 0.88609846275665027 10.500000000000002 6.5000000000000009 2.8570268642970738 1.0000000180025095e-35
decision_type=2 2 2 2 2 2 2 2 2 2 2 2 2 2 2 2 2 2 2 2 2 2 2 2 2 2 2 2 2 2
left_child=1 2 4 -4 5 6 7 8 9 11 -11 13 -13 14 15 16 18 -17 23 20 -20 22 24 28 25 26 -19 -23 -1 -28
right_child=-2 -3 3 -5 -6 -7 -8 -9 -10 10 -12 12 -14 -15 -16 17 -18 21 19 -21 -22 27 -24 -25 -26 -27 29 -29 -30 -31
leaf_value=0.010781444183585771 0.041945807971753818 -0.042642631468666724 0.052125323643705104 -0.073891892142040547 0.033136452315426161 -0.044365470283428105 -0.080086318975457135 0.037671291548824253 -0.073216139215477247 -0.091261428924550803 0.052564336371705149 -0.062868718939328369 0.043677001995790263 0.038446103977977056 -0.063971666007143588 0.057737783658506237 -0.10086409875183425 -0.075227072361690156 -0.07015837997868897 -0.20846150879387204 0.027321761782820666 0.032287698319070982 -0.063217117090674124 0.042814773785339544 0.040423492328440343 -0.073268359937583141 0.036756342046520146 -0.031406276398410621 -0.034420640668500084 0.0008273400171049934
leaf_weight=600.54775350555428 29.753239479847252 5.7842327731195828 1.9612915515899647 5.286818633787334 30.573149661533535 12.48448277893476 3.321730676572769 24.465787879889831 3.225594892865046 4.1722104431828475 2.3270561695098877 8.5433581875840883 3.8092850579414508 30.214828523166943 5.5625010308576739 20.936976787168533 5.7022236469492773 3.2200079412432379 7.740694588981575 2.8112115226685992 19.191855342593044 84.769857776555 16.605049513746053 24.024134589359164 28.513071315246634 4.3433965381700537 26.919717424549162 5.4903492368757716 9.2243995226162934 25.834091490134597
leaf_count=3837 43 27 1 107 41 580 115 162 31 55 1 450 5 50 151 18 72 66 135 20 56 323 234 29 32 43 57 18 326 149
internal_value=0.0114444 0.0105613 0.0108625 -0.0397925 0.0112244 0.0105435 0.0112492 0.0115625 0.0108857 0.0111741 -0.0397648 0.0115285 -0.0300123 0.0120853 0.0111918 0.0116638 0.00897426 0.0199725 0.00991817 -0.020332 -0.000695043 0.0159321 0.00524732 0.0113378 0.0180454 0.00746683 0.0137316 0.0284133 0.0100976 0.0191615
internal_weight=1057.36 1027.61 1021.82 7.24811 1014.57 984.002 971.517 968.195 943.73 940.504 6.49927 934.005 12.3526 921.652 891.437 885.875 669.242 216.633 663.54 29.7438 26.9325 195.696 105.435 633.796 88.8303 60.3172 55.9738 90.2602 609.772 52.7538
internal_count=7234 7191 7164 108 7056 7015 6435 6320 6158 6127 56 6071 455 5616 5566 5415 4475 940 4403 211 191 922 581 4192 347 315 272 341 4163 206
is_linear=0
shrinkage=0.05


Tree=90
num_leaves=31
num_cat=0
split_feature=14 12 10 12 13 2 10 13 5 13 2 12 12 14 6 11 7 12 11 14 14 14 10 13 13 10 2 14 14 11
split_gain=15.8151 10.3818 16.75 18.2682 12.5874 10.717 24.3013 13.3373 9.08286 28.1017 25.0308 10.8253 8.16624 11.1854 12.5357 7.12816 26.517 13.0636 12.5932 8.77797 8.70169 13.1785 22.8037 21.8 12.7278 25.2106 21.3971 8.50287 9.51249 30.6718
threshold=634.50000000000011 2.1576065010327148 1.0000000180025095e-35 2.2653345859208631 1.5000000000000002 1.0000000180025095e-35 0.17500000000000004 2.5000000000000004 1.0000000180025095e-35 15.500000000000002 1.0000000180025095e-35 0.88609846275665027 0.88079119342587353 6.5000000000000009 0.80000000000000016 0.096464019851116647 0.40000000000000008 0.79893541518223798 0.076655982905982925 17.500000000000004 30.500000000000004 17.500000000000004 0.17500000000000004 11.500000000000002 46.000000000000007 0.12500000000000003 2.2500000000000004 34.500000000000007 47.500000000000007 0.035533910533910543
decision_type=2 2 2 2 2 2 2 2 2 2 2 2 2 2 2 2 2 2 2 2 2 2 2 2 2 2 2 2 2 2
left_child=1 8 4 -4 -3 6 7 -5 15 10 11 12 13 14 -10 16 18 19 20 -17 21 23 24 -1 25 26 -23 -22 29 -29
right_child=-2 2 3 5 -6 -7 -8 -9 9 -11 -12 -13 -14 -15 -16 17 -18 -19 -20 -21 27 22 -24 -25 -26 -27 -28 28 -30 -31
leaf_value=0.015971320116977657 -0.10589324488057068 -0.0036633222211206098 -0.12195826576967056 0.026158396794522362 -0.047342102215415433 0.032191840685677417 -0.063803563520164974 -0.063108289148522762 -0.097488756808574634 0.037756268247404322 -0.082364315330179766 -0.058243038665783758 0.030341425382588424 0.012135242063303672 -0.011891351824224286 -0.063880840210389242 -0.11348353197476627 0.036643377481375868 -0.074483850556938763 0.011556056064946776 0.045929725430205487 -0.091355758618653526 -0.10590681243818081 -0.063924587033337296 0.057311377575805712 0.03052669831751095 0.0434706439997809 -0.11781396093181525 0.023930416462179457 0.025769820788228329
leaf_weight=369.93991688507958 2.9061264712363473 49.822993761103135 2.4696568559738798 41.265100180637091 24.657523891917663 51.256112466915511 11.630809680122182 4.6565497655537902 5.8996398693416277 36.791888993233442 11.691200833243782 8.2014727295609173 19.101937521249056 29.157871272298507 15.5539006680483 5.2941982457996373 4.0856812418205655 81.296620456269011 3.9648936977027907 14.197969641420057 36.27217890357133 12.145254094153644 5.9206886810134156 8.739533322863279 7.632517058402299 15.649803381878884 3.8836854100227347 5.1844525143096716 116.43404534494039 13.161527252057565
leaf_count=2146 18 554 66 224 806 160 554 154 80 41 139 395 22 161 68 108 72 313 108 54 77 119 174 121 4 41 2 111 311 40
internal_value=0.0105806 0.0109138 0.000228531 0.012512 -0.0181236 0.0155641 0.000755396 0.0171066 0.0133046 0.000963785 -0.0141431 -0.0039064 0.00248607 -0.00802719 -0.0354303 0.015521 0.0134638 0.0278291 0.0143298 -0.00893309 0.0149216 0.0110805 -0.0144276 0.0141274 -0.000649832 -0.0146147 -0.0586884 0.0244408 0.0186577 -0.014806
internal_weight=1018.87 1015.96 185.759 111.278 74.4805 108.809 57.5525 45.9216 830.201 126.398 89.606 77.9148 69.7133 50.6114 21.4535 703.803 603.014 100.789 598.928 19.4922 594.964 423.911 45.2319 378.679 39.3113 31.6787 16.0289 171.052 134.78 18.346
internal_count=7243 7225 2518 1158 1360 1092 932 378 4707 906 865 726 331 309 148 3801 3326 475 3254 162 3146 2607 340 2267 166 162 121 539 462 151
is_linear=0
shrinkage=0.05


Tree=91
num_leaves=31
num_cat=0
split_feature=12 0 0 12 2 5 0 7 5 13 2 12 13 2 12 10 11 12 12 7 0 0 11 12 12 0 13 12 0 13
split_gain=9.86018 17.9226 20.3876 16.2763 13.9454 10.5756 8.74752 11.0599 9.31388 22.3983 22.5364 8.72457 8.56574 24.2414 8.35334 10.5636 8.29397 7.01767 15.9122 9.64792 9.50497 30.5947 6.34408 6.31895 9.06871 25.5634 16.7562 15.5613 18.4953 12.866
threshold=2.1576065010327148 2.0829006902752769 20.295735126050783 2.2653345859208631 1.3500000000000003 0.40000000000000008 15.538787777514528 0.40000000000000008 1.0000000180025095e-35 17.000000000000004 1.0000000180025095e-35 0.88609846275665027 1.5000000000000002 1.0000000180025095e-35 0.88079119342587353 0.17500000000000004 0.049891774891774911 2.1466012901733391 2.0914895534951747 1.0000000180025095e-35 7.5229806065981153 10.877848490814401 0.051903735632183916 1.9861552041756154 1.0224921205566442 0.42657375255014723 3.5000000000000004 1.0515018445150426 2.7580659675969876 7.5000000000000009
decision_type=2 2 2 2 2 2 2 2 2 2 2 2 2 2 2 2 2 2 2 2 2 2 2 2 2 2 2 2 2 2
left_child=6 4 3 -3 -2 12 7 8 17 10 11 14 -5 16 15 -10 -14 18 19 20 23 -22 -18 24 25 26 -1 -26 29 -29
right_child=1 2 -4 5 -6 -7 -8 -9 9 -11 -12 -13 13 -15 -16 -17 22 -19 -20 -21 21 -23 -24 -25 27 -27 -28 28 -30 -31
leaf_value=-0.058734233812495873 -0.040549182525808983 -0.0833740913626278 -0.069429025732243771 0.031016293252873119 0.015825476343609885 -0.057149914145513417 0.033625923307705204 -0.080650737760131638 -0.023436434762866235 0.035440271518647357 -0.080715411201101761 -0.057069760227340907 -0.069041480789259216 0.03574307512675564 0.02933431625211752 0.030348226752771275 0.049925304355494665 0.037555543412950781 -0.071451541624562367 0.028607606325135565 -0.094328240632646332 0.02143097217517926 -0.057528286201726099 -0.022439990485435476 0.051570346212928844 -0.037597724239858299 0.014782312706570662 0.0046186215974622401 0.034863001623544214 -0.07583158463890953
leaf_weight=7.9812973117805077 38.582605083414819 4.0888934902613974 7.6499968019779763 74.589809743105434 15.32793894302449 4.4931708947988218 46.34562155790627 3.2590616967354427 36.370309274992906 30.437808342278004 11.17193963791942 7.1514013726264229 10.972598343971187 22.742445395560935 18.778247490525246 12.188670974981504 3.3198227547109118 30.071986218972597 5.5507853809103826 91.14430160477059 8.7752414727583545 16.329339677002281 2.3431144988862798 12.623273785837226 36.034418006893247 27.852884499356151 268.37668681121431 79.927609033533372 66.074763939483091 5.2991728456690899
leaf_count=369 1456 78 140 172 118 149 48 75 244 37 138 385 278 66 22 63 7 56 138 350 111 36 59 243 38 359 791 1039 134 44
internal_value=0.0101817 -0.000276885 0.00976148 0.0147048 -0.0245206 0.0180902 0.012525 0.0112638 0.0116517 -0.00140218 -0.0144934 -0.00456133 0.0210565 0.00219078 0.00101521 -0.00993608 -0.0436786 0.0139618 0.0128284 0.0135824 0.010995 -0.0190324 0.00546497 0.0124902 0.0133872 0.00805773 0.0126591 0.0220416 0.0150089 -0.000383557
internal_weight=1005.86 184.11 130.2 122.55 53.9105 118.461 821.745 775.399 772.14 116.098 85.6606 74.4886 113.968 39.378 67.3372 48.559 16.6355 656.042 625.97 620.419 529.275 25.1046 5.66294 504.17 491.547 304.211 276.358 187.336 151.302 85.2268
internal_count=7243 2523 949 809 1574 731 4720 4672 4597 889 852 714 582 410 329 307 344 3708 3652 3514 3164 147 66 3017 2774 1519 1160 1255 1217 1083
is_linear=0
shrinkage=0.05


Tree=92
num_leaves=31
num_cat=0
split_feature=14 1 14 14 14 0 0 2 14 1 14 0 14 2 11 0 1 1 11 13 1 6 10 1 1 5 6 6 14 14
split_gain=14.4056 8.18085 31.5328 23.2848 9.5473 11.2435 8.23085 15.6751 20.7428 18.9524 17.1707 17.1333 15.2871 13.2684 12.8294 15.5654 9.82136 9.76529 8.14044 7.86348 13.3677 13.3384 10.2041 9.60851 8.21758 7.22381 15.4083 9.02641 7.7709 43.8368
threshold=634.50000000000011 0.072356902062892928 2.5000000000000004 123.50000000000001 155.00000000000003 8.8278260143190561 4.2894938075823115 1.0000000180025095e-35 53.500000000000007 0.54401981830596935 10.500000000000002 3.6859311122709069 7.5000000000000009 2.2500000000000004 0.12361111111111114 3.616436121837598 0.44125390052795416 0.49758999049663549 0.11457528957528959 9.0000000000000018 0.19433004409074786 1.0000000180025095e-35 0.17500000000000004 0.14907393604516986 0.11606018245220186 1.0000000180025095e-35 0.80000000000000016 0.3000000000000001 8.5000000000000018 14.500000000000002
decision_type=2 2 2 2 2 2 2 2 2 2 2 2 2 2 2 2 2 2 2 2 2 2 2 2 2 2 2 2 2 2
left_child=1 2 -1 6 5 25 7 8 11 10 12 14 13 -9 16 17 18 -16 19 20 21 -3 -22 24 -23 27 -27 28 -4 -30
right_child=-2 3 4 -5 -6 -7 -8 9 -10 -11 -12 -13 -14 -15 15 -17 -18 -19 -20 -21 22 23 -24 -25 -26 26 -28 -29 29 -31
leaf_value=-0.057319570670940803 -0.10313858324635608 -0.06306195137285095 0.020002646550343187 -0.11482082497667077 0.027850838806752393 -0.05438366486748783 0.022037719632254205 -0.075773545366283016 -0.089437580304548236 0.048300323690909946 -0.073297334524431171 -0.074066477681177564 0.027592435704201342 0.013571074594841588 -0.066307391338508506 0.053187623215793706 -0.064585369475026105 0.036588321321919269 0.051180143675121074 0.023364728581674786 0.019895126752304638 -0.055360404781417141 -0.057907469426894148 -0.056235059178287465 0.031286882891156727 -0.092318742994400599 0.037251181025945344 -0.064734895802155981 -0.091078700074428753 0.010352704153405057
leaf_weight=20.045784748464939 2.8150909189134827 11.233522523631107 89.469733311445452 3.536521372763672 48.171015566738788 8.1238824445754272 210.32780608697794 10.449469338927885 4.8335440267401273 9.9908678142237459 14.289121523383072 5.3592053822940207 15.932358794147147 6.8991098795086137 12.642379880242517 5.1003934144973746 3.5684071384021072 2.8202299945987752 18.41819647338707 210.57232621638104 110.31389319128357 3.2446508703287753 4.3816860498627639 5.5751942858623798 17.46765050922113 5.416520735336233 3.9808153304038569 4.2577819860889567 11.78084801963996 111.17361856986827
leaf_count=481 18 434 385 58 96 46 932 221 161 21 247 148 74 24 346 2 257 6 23 329 850 320 381 316 297 99 10 111 119 431
internal_value=0.00980799 0.0101294 0.00327687 0.013146 0.00757862 0.00340903 0.0138082 0.0101496 0.0135369 -0.0143039 -0.0274523 0.0147489 -0.00776878 -0.0402434 0.0159231 -0.0225559 0.0179795 -0.0475402 0.0187524 0.0171061 0.00844803 -0.0174581 0.0169229 0.00202993 0.0177133 0.00548574 -0.0374315 0.00734702 0.00879182 0.000634082
internal_weight=992.192 989.377 302.42 686.957 282.374 234.203 683.42 473.092 415.531 57.5609 47.5701 410.698 33.2809 17.3486 405.339 20.563 384.776 15.4626 381.207 362.789 152.217 37.521 114.696 26.2875 20.7123 226.079 9.39734 216.682 212.424 122.954
internal_count=7243 7225 1778 5447 1297 1201 5389 4457 3870 587 566 3709 319 245 3561 354 3207 352 2950 2927 2598 1367 1231 933 617 1155 109 1046 935 550
is_linear=0
shrinkage=0.05


Tree=93
num_leaves=31
num_cat=0
split_feature=14 12 0 0 12 2 0 3 3 13 2 14 5 13 2 12 12 12 0 14 10 14 0 3 0 14 0 12 14 14
split_gain=13.3078 8.61246 16.5287 15.4859 14.8647 12.6176 10.1111 11.875 27.2586 9.94027 13.6752 12.5744 9.70948 7.93618 22.4757 7.88177 15.4826 7.02107 23.358 21.6399 16.7682 15.3958 19.4571 15.5071 13.7331 39.5435 13.5627 10.259 15.2239 10.0165
threshold=634.50000000000011 2.1576065010327148 2.0829006902752769 20.295735126050783 2.2653345859208631 1.3500000000000003 15.538787777514528 0.68026315789473712 0.81928571428571451 35.500000000000007 1.0000000180025095e-35 4.5000000000000009 0.40000000000000008 1.5000000000000002 1.0000000180025095e-35 2.1466012901733391 2.0914895534951747 0.9275846187543545 0.42657375255014723 39.500000000000007 0.22500000000000003 5.5000000000000009 0.41293818537966354 0.55000000000000016 2.5169948144992862 12.500000000000002 2.3138827358238676 1.1836087162752891 9.5000000000000018 6.5000000000000009
decision_type=2 2 2 2 2 2 2 2 2 2 2 2 2 2 2 2 2 2 2 2 2 2 2 2 2 2 2 2 2 2
left_child=1 6 5 4 -4 -3 7 15 -9 10 11 -10 13 -6 -15 16 17 18 21 -20 24 22 23 -1 25 27 -27 -19 -29 -23
right_child=-2 2 3 -5 12 -7 -8 8 9 -11 -12 -13 -14 14 -16 -17 -18 20 19 -21 -22 29 -24 -25 -26 26 -28 28 -30 -31
leaf_value=-0.025513784124042867 -0.10044496165947914 -0.039281146460820537 -0.082476798079551758 -0.067056514740131065 0.029626743814412999 0.015129523639827029 0.035333202119704421 -0.07164844992172277 -0.019412822252867969 0.042199351349237045 -0.088451745783274929 0.032954441353856376 -0.056857131648103978 -0.043716103272980318 0.034294746349808981 0.038633901716000257 -0.071180538932145473 0.039291658438001122 -0.055599417832029221 0.0089632460718235326 -0.044801468560900108 0.046874900356976085 0.062561281465794968 0.037938209354611986 0.032376127082680083 -0.072154578674864731 0.022206437725237158 0.015800263727808038 -0.073002535870429527 0.015494444139082787
leaf_weight=58.482024659169838 2.7477634912356725 37.472970309681841 3.8822508632438248 6.244360991055145 72.048205920960754 14.888050480716627 43.710889193695039 13.770691147394244 26.394967836415162 14.542009219527243 4.4451052140793754 20.263686443766346 4.2818369178567073 15.982971090474164 21.862540947739035 28.178027354297228 5.5967605350888325 47.492223182693124 25.935887512227055 25.979083340382203 10.146964537969323 29.062709424295463 9.1240620911121351 11.526886164210735 129.88390412204899 17.319669345451988 4.8812593482434741 64.777066260430729 5.2148067178204647 203.41725336975651
leaf_count=448 18 1456 78 135 172 118 43 347 252 11 42 80 149 344 66 51 149 149 374 78 394 63 2 23 238 304 13 844 83 719
internal_value=0.00943642 0.00974552 -0.000246203 0.00967994 0.0137387 -0.0238103 0.0119516 0.0106005 -0.00769091 0.00572563 -0.00465327 0.00333009 0.0170103 0.0198884 0.00134909 0.0127461 0.0116218 0.0123423 0.00776009 -0.0232912 0.0182975 0.0129333 -0.00611598 -0.0150665 0.0206726 0.00979025 -0.0514077 0.0213548 0.00918393 0.0194174
internal_weight=979.557 976.809 176.663 124.302 118.058 52.361 800.146 756.435 79.4165 65.6458 51.1038 46.6587 114.176 109.894 37.8455 677.019 648.841 643.244 363.528 51.915 279.716 311.613 79.133 70.0089 269.569 139.685 22.2009 117.484 69.9919 232.48
internal_count=7243 7225 2518 944 809 1574 4707 4664 732 385 374 332 731 582 410 3932 3881 3732 1707 452 2025 1255 473 471 1631 1393 317 1076 927 782
is_linear=0
shrinkage=0.05


Tree=94
num_leaves=31
num_cat=0
split_feature=1 3 12 12 13 12 3 13 1 1 12 3 2 12 12 13 12 13 12 3 1 10 12 12 2 2 10 3 11 3
split_gain=9.32501 37.1863 18.0252 15.6377 10.7397 10.8513 9.55638 7.74143 11.6178 7.73986 6.55243 5.80493 7.98717 8.03271 8.41886 23.6879 7.0982 10.1021 8.60291 14.0235 6.46002 16.696 5.67053 22.8847 11.045 17.6913 23.5558 15.6377 9.8638 9.5642
threshold=0.072356902062892928 0.20819892473118282 2.1576065010327148 2.3941462052069662 14.500000000000002 2.4422480388209387 1.143050541516246 35.500000000000007 0.015745282173156742 0.074171077460050597 3.4514933084675818 0.11972222222222224 1.3500000000000003 1.6725182684501305 1.5257085928350347 4.5000000000000009 1.0224921205566442 3.5000000000000004 1.0398722639508 0.029100529100529109 1.0000000180025095e-35 0.17500000000000004 2.0503714324563251 2.1466012901733391 1.0000000180025095e-35 2.2500000000000004 0.12500000000000003 0.1841666666666667 0.52030075187969926 0.74621212121212144
decision_type=2 2 2 2 2 2 2 2 2 2 2 2 2 2 2 2 2 2 2 2 2 2 2 2 2 2 2 2 2 2
left_child=1 2 11 -4 5 -5 -3 8 -8 -2 -7 12 13 14 16 -16 17 -1 -18 -20 -13 -22 24 28 -11 26 -26 -28 -24 -25
right_child=9 6 3 4 -6 10 7 -9 -10 22 -12 20 -14 -15 15 -17 18 -19 19 -21 21 -23 23 29 25 -27 27 -29 -30 -31
leaf_value=-0.070130720403180843 0.058037108995858649 -0.074558509929769506 -0.14525241150083656 0.043500229893912702 0.055640335587801619 -0.07053343490343128 0.001196421695007885 0.04452808481578667 -0.11437356761611857 0.01727480562926503 -0.01889229591360591 0.051589301554960415 0.044196828051845057 0.023041284420122043 -0.090616242888991727 0.044008010241625539 0.063831321218667511 0.0023166790160250479 0.02861414212374537 -0.095866907238068677 -0.079367610006135375 0.052553044537942552 -0.073915702843779088 0.011507295951432713 -0.077139677284802644 0.024339962463621849 0.032364708975282985 -0.08815335804794372 0.051922415950246006 -0.060575061895506932
leaf_weight=5.0905489991419008 9.1535687221912649 17.589402187892119 2.5013166923599774 4.6719905799254802 4.5681409835815421 10.169954728626182 5.824352704832565 3.5862218141555777 3.4701886164548341 428.66178118155221 15.511282599269178 18.488192583114145 15.689693408086894 55.196451570722274 8.189567883149719 5.4367096461355677 10.147019907832147 87.86133282398805 11.151903428137301 2.8383626008871934 3.8918375410139543 6.2503724303678609 12.069817159179362 152.90453690718277 14.805200865957888 26.472872990649194 13.835327510954814 3.3417004905058993 1.787935376167298 4.7446265137987202
leaf_count=110 27 499 28 10 1 196 39 2 54 2674 131 58 13 152 84 11 2 222 18 83 73 10 287 1826 205 47 74 72 1 234
internal_value=0.00909368 0.00174101 0.00769918 -0.0244847 -0.0158344 -0.0265913 -0.0505964 -0.0178749 -0.0419525 0.0123762 -0.0393426 0.0129305 0.00993851 0.00704735 0.000293679 -0.0369029 0.00462244 -0.00165093 0.028781 0.00335927 0.0339982 0.00193156 0.0117416 0.00392285 0.0144945 -0.00589385 -0.0309195 0.00891855 -0.05768 0.0093379
internal_weight=965.902 298.125 267.655 37.4227 34.9214 30.3532 30.4702 12.8808 9.29454 667.777 25.6812 230.232 201.602 185.912 130.715 13.6263 117.089 92.9519 24.1373 13.9903 28.6304 10.1422 658.624 171.507 487.117 58.4551 31.9822 17.177 13.8578 157.649
internal_count=7243 1796 1202 366 338 337 594 95 93 5447 327 836 695 682 530 95 435 332 103 101 141 83 5420 2348 3072 398 351 146 288 2060
is_linear=0
shrinkage=0.05


Tree=95
num_leaves=31
num_cat=0
split_feature=14 11 11 0 0 10 1 1 7 14 0 1 14 14 14 0 10 10 0 0 10 13 14 14 14 13 1 14 0 1
split_gain=11.6999 9.61213 19.1889 8.89297 23.2129 11.8689 12.3024 21.19 9.76461 8.82921 8.24586 7.0291 6.62731 7.02956 24.5711 16.5837 15.5413 17.771 12.7471 11.8772 19.4349 17.7907 14.4255 14.7604 13.1264 24.4655 12.2998 11.2814 11.2069 10.4587
threshold=634.50000000000011 0.21954449152542374 0.16421568627450983 17.745907011616051 15.921762939279661 0.4250000000000001 0.40255182981491094 0.36185109615325933 0.20000000000000004 50.500000000000007 11.005681806116822 0.6122155785560609 120.50000000000001 34.500000000000007 32.500000000000007 7.5229806065981153 0.12500000000000003 0.22500000000000003 13.490109295819193 0.41293818537966354 0.17500000000000004 27.000000000000004 16.500000000000004 25.500000000000004 21.500000000000004 7.5000000000000009 0.29500409960746771 85.500000000000014 0.10329616193342607 0.18878214061260226
decision_type=2 2 2 2 2 2 2 2 2 2 2 2 2 2 2 2 2 2 2 2 2 2 2 2 2 2 2 2 2 2
left_child=1 2 3 4 5 6 7 8 12 -10 -9 -7 13 14 15 19 -15 -18 -17 20 21 26 -21 -24 29 -26 28 -19 -1 -22
right_child=-2 -3 -4 -5 -6 11 -8 10 9 -11 -12 -13 -14 16 -16 18 17 27 -20 22 24 -23 23 -25 25 -27 -28 -29 -30 -31
leaf_value=-0.003327072613759534 -0.094341770022758786 0.031839705024498448 -0.074755111744047448 0.028703202912183857 -0.13893148083018478 -0.067857273090447742 0.026792925399049469 -0.072476222340641314 0.011566263564374814 -0.10013378990865496 0.02179047150396269 0.019279063679622357 0.028965335496956596 0.0065334423476879309 0.054480680883182232 -0.065475535485676042 -0.11021583315825395 -0.089380681101424123 0.031845417971822623 0.022435894377880437 0.041577294037489575 0.032278311318244643 -0.075386018505687033 0.013877992138973956 0.041233686231486141 -0.1552624693815472 -0.072149999101186621 0.030194764443270607 -0.074573708615002246 -0.0045830811391626191
leaf_weight=267.45313103818626 2.7256272542290381 45.462854872341268 6.9041668858844778 53.45905932947062 2.6911417860537759 8.0414275443035859 85.630762992775999 11.445399128890129 3.2010608356213188 3.9547704585129395 2.9095839057117692 3.2497233914327799 37.629227454774082 44.791283883969299 28.350843308726326 13.243758552824149 7.0623525561532032 2.8069929835619387 4.5105884256772688 183.21425868512597 56.490582053957041 33.1286103092134 7.9319119059946415 11.128638990165198 3.7050267548183902 2.7672810852527618 6.9509455130901179 6.6349652768112719 5.6357617627218124 15.67621236425475
leaf_count=2396 20 119 126 169 33 547 351 184 20 96 9 55 67 138 37 259 85 68 11 1409 202 100 165 50 53 13 143 17 162 167
internal_value=0.00910467 0.00939654 0.0082882 0.0089157 0.00768602 0.00814613 0.00882559 0.00680284 0.00796029 -0.0501663 -0.0533695 -0.0427784 0.00852305 0.00742648 0.00897525 0.00686665 -0.00874927 -0.0502252 -0.0407506 0.00828971 0.00321001 -0.00237026 0.0181291 -0.0232686 0.0254326 -0.0427796 -0.00646917 -0.00535373 -0.0047974 0.0315502
internal_weight=968.788 966.062 920.599 913.695 860.236 857.545 846.254 760.623 746.268 7.15583 14.355 11.2912 739.112 701.483 640.188 611.837 61.2956 16.5043 17.7543 594.082 391.808 313.168 202.275 19.0606 78.6391 6.47231 280.04 9.44196 273.089 72.1668
internal_count=7271 7251 7132 7006 6837 6804 6202 5851 5658 116 193 602 5542 5475 5167 5130 308 170 270 4860 3236 2801 1624 215 435 66 2701 85 2558 369
is_linear=0
shrinkage=0.05


Tree=96
num_leaves=31
num_cat=0
split_feature=14 11 11 0 0 3 14 12 12 6 3 0 3 14 3 14 11 14 3 0 0 0 0 0 13 14 12 14 3 3
split_gain=10.8605 8.87354 17.9062 8.22231 21.3288 7.03498 9.4843 21.0904 17.7547 15.8222 10.4079 9.58259 8.84351 10.3066 20.743 14.1738 9.49643 10.6914 9.35762 17.7745 8.79679 8.21336 7.61481 7.10845 7.11186 6.71242 7.28067 22.5678 26.4309 12.9078
threshold=634.50000000000011 0.21954449152542374 0.16421568627450983 17.745907011616051 15.921762939279661 1.0537500000000002 5.5000000000000009 2.1576065010327148 0.88079119342587353 0.55000000000000016 0.53865384615384626 1.0005857905995132 0.75846560846560873 6.5000000000000009 0.018614718614718622 9.5000000000000018 0.09910714285714288 8.5000000000000018 0.079741379310344848 13.490109295819193 0.41293818537966354 2.1060495699636372 2.8565704096905278 2.8565704096905278 35.500000000000007 12.500000000000002 1.7501218624419115 20.500000000000004 0.042678571428571434 0.72686061381074196
decision_type=2 2 2 2 2 2 2 2 2 2 2 2 2 2 2 2 2 2 2 2 2 2 2 2 2 2 2 2 2 2
left_child=1 2 3 4 5 6 7 8 9 -1 11 -10 13 14 -8 16 17 18 -15 -20 -11 -16 -14 24 -7 -17 27 28 -27 -30
right_child=-2 -3 -4 -5 -6 23 12 -9 10 20 -12 -13 22 15 21 25 -18 -19 19 -21 -22 -23 -24 -25 -26 26 -28 -29 29 -31
leaf_value=-0.068132870119652855 -0.092439009685131954 0.030771696013029804 -0.073774810005216601 0.027752353735697507 -0.13443460363640222 0.0047113629199909265 -0.080943435315930512 -0.063682310594929306 0.0061751121347176519 -0.014851567954639145 0.033864327033089912 -0.081550416289975489 -0.078819117795662544 0.0043120390591350347 0.043210638698667495 0.021320926390960698 0.02179862721200718 -0.074201961454564119 -0.072793726305556236 0.054168111416230319 0.03441000850346105 -0.011227893033469504 0.0024362671046982381 0.059845202671976933 0.04751267582090353 -0.10342791362396593 0.016320982639295632 0.0098723796429659085 -0.033152918283599904 0.033896592896376858
leaf_weight=12.384577026590703 2.6447039586491874 44.708300309837796 6.6525000300025559 52.549732821760699 2.6433539967983952 36.755088408011943 4.0256239334121338 13.502166750389732 41.512344220944215 52.504268956952728 43.768978798703756 3.3652992479037485 5.1778776605206058 27.239689465495758 53.778430152800865 119.89085622283164 14.772980148089117 8.7014638712862489 12.196252542082219 3.5617713928222647 10.953038469306192 7.9533262047916642 6.5065332724479958 11.352352206886279 13.187503851950167 9.7602584362030012 141.38071990005847 163.82569625545875 20.065051949059129 11.175948197254909
leaf_count=246 20 119 126 169 33 338 40 677 381 272 454 88 182 223 220 482 129 169 231 1 49 60 56 34 8 98 1205 849 286 26
internal_value=0.00874358 0.00902354 0.00795639 0.00855752 0.00737354 0.0078149 0.00654573 -0.00360925 0.00132189 -0.0164378 0.0165162 -0.000403278 0.00950877 0.0103501 0.0290257 0.00804416 -0.0135553 -0.0236577 -0.013429 -0.0440967 -0.00634878 0.0361969 -0.0335716 0.0241313 0.0160132 0.0111245 0.00759356 0.00156951 -0.0316057 -0.00916707
internal_weight=958.497 955.852 911.144 904.491 851.941 849.298 788.003 177.991 164.489 75.8419 88.6466 44.8776 610.012 598.328 65.7574 532.571 66.4722 51.6992 42.9977 15.758 63.4573 61.7318 11.6844 61.2949 49.9426 466.099 346.208 204.827 41.0013 31.241
internal_count=7271 7251 7132 7006 6837 6804 6424 2167 1490 567 923 469 4257 4019 320 3699 753 624 455 232 321 280 238 380 346 2946 2464 1259 410 312
is_linear=0
shrinkage=0.05


Tree=97
num_leaves=31
num_cat=0
split_feature=14 12 9 2 10 0 14 10 0 12 12 3 1 14 14 14 1 3 0 3 1 3 2 2 3 3 1 1 1 3
split_gain=10.0875 6.45691 12.4891 12.1698 17.2961 13.4298 14.9427 11.0683 10.2262 8.82009 15.2653 8.58794 7.97084 25.4078 8.69822 7.40907 20.6946 7.25754 9.28722 7.34437 6.86821 12.2654 9.79197 30.133 8.89341 8.29948 6.76416 19.1728 21.267 24.7783
threshold=634.50000000000011 2.2231115249540623 0.15000000000000005 1.0000000180025095e-35 1.0000000180025095e-35 12.949626532447603 5.5000000000000009 0.17500000000000004 17.216839764902968 2.1466012901733391 2.0914895534951747 0.28040540540540548 0.11056338250637056 92.500000000000014 20.500000000000004 15.500000000000002 0.34568002820014959 0.77612500000000029 2.7087705369925517 0.75846560846560873 0.41190794110298162 0.12745215311004787 1.0000000180025095e-35 2.2500000000000004 0.21408902691511392 0.020526315789473691 0.16613907366991046 0.10242973268032075 0.090475406497716918 0.42314102564102568
decision_type=2 2 2 2 2 2 2 2 2 2 2 2 2 2 2 2 2 2 2 2 2 2 2 2 2 2 2 2 2 2
left_child=1 2 8 5 -5 6 -3 11 9 10 17 12 13 -8 -14 16 -11 19 -19 20 22 -22 26 25 -23 -24 27 28 29 -1
right_child=-2 3 -4 4 -6 -7 7 -9 -10 15 -12 -13 14 -15 -16 -17 -18 18 -20 -21 21 24 23 -25 -26 -27 -28 -29 -30 -31
leaf_value=0.0058980947212893334 -0.090641324199049453 -0.062624299519260462 -0.075393356450127777 -0.047622681352861421 0.030039853995519575 -0.075334054554694885 -0.071779980337571506 -0.057072991044122182 0.036543316382868923 -0.077963949220030193 -0.073914915220772023 -0.066652017635977417 0.025041526044617343 0.038476688564001847 -0.05806327057819291 0.049264271128370882 0.038231031336480682 0.011836366490278128 0.047539540945205357 -0.06675840222951171 -0.063155125419270014 0.039182209454201318 -0.0092142669906273723 0.028999202273747061 -0.02513541694941232 -0.075887024210914381 0.014302305684314558 -0.029552718533996193 0.044104522891688855 -0.071228076084823941
leaf_weight=201.02349439432146 2.5643436214886597 10.26407127479615 4.205664370849262 8.436386352797852 47.725205411959905 7.4113538728561243 10.356924105086366 7.4747665343747931 37.31188752874732 5.1472301698522669 5.5965514982817686 3.8183547224325585 52.41116007004166 10.545310771791263 3.3498487751348867 25.066981284122448 14.996363781392573 60.956761455425294 25.976100722094998 3.3513132064254014 3.7020651971106409 43.308952441846486 6.5835616621188846 18.940500059165061 6.1361155122867777 16.038711762405001 220.35707246878883 39.799163383431733 34.74521079385886 10.982705090398666
leaf_count=909 20 677 51 188 157 132 159 520 30 64 160 153 329 15 113 36 17 394 48 73 76 106 30 34 126 281 1354 624 119 276
internal_value=0.00839303 0.00866147 0.0105377 -0.000432898 0.0183737 -0.0104318 -0.00553457 0.00112752 0.011001 0.00971787 0.00833065 0.00653292 0.010178 -0.0161548 0.020049 0.0311196 0.00854009 0.0089959 0.0225047 0.00705471 0.00746589 0.0246279 0.00580288 -0.0175285 0.0312004 -0.0564838 0.00771588 0.00265093 0.00784514 0.00190267
internal_weight=948.584 946.02 784.226 161.793 56.1616 105.632 98.2204 87.9564 780.021 742.709 697.498 80.4816 76.6632 20.9022 55.761 45.2106 20.1436 691.902 86.9329 604.969 601.618 53.1471 548.47 41.5628 49.4451 22.6223 506.908 286.551 246.751 212.006
internal_count=7271 7251 4808 2443 345 2098 1966 1289 4757 4727 4610 769 616 174 442 117 81 4450 442 4008 3935 308 3627 345 232 311 3282 1928 1304 1185
is_linear=0
shrinkage=0.05


Tree=98
num_leaves=31
num_cat=0
split_feature=14 11 11 0 0 10 1 1 7 3 12 12 11 11 1 14 3 1 0 1 9 0 14 11 12 0 12 12 3 1
split_gain=9.37945 8.00318 16.2549 7.32748 19.3499 10.4752 10.6195 19.3356 8.96583 9.14653 7.85703 35.608 8.31489 11.1151 16.3798 14.6016 11.8423 8.93894 7.55148 6.87042 6.02656 6.20848 5.95186 5.85842 7.90042 6.60894 20.0349 19.0765 34.1111 10.4532
threshold=634.50000000000011 0.21954449152542374 0.16421568627450983 17.745907011616051 15.921762939279661 0.4250000000000001 0.40255182981491094 0.36185109615325933 0.20000000000000004 0.11556007509386736 3.1879342431761795 4.6853219471441836 0.042705167173252283 0.09910714285714288 0.34568002820014959 7.5000000000000009 0.020526315789473691 0.088539652526378645 11.005681806116822 0.6122155785560609 1.0000000180025095e-35 6.125991563620679 12.500000000000002 0.014599317988064794 0.96468022764535366 2.7580659675969876 1.6154751663238869 1.6014684549625273 0.81928571428571451 0.16613907366991046
decision_type=2 2 2 2 2 2 2 2 2 2 2 2 2 2 2 2 2 2 2 2 2 2 2 2 2 2 2 2 2 2
left_child=1 2 3 4 5 6 7 8 10 -10 12 -12 23 14 16 -15 -14 -17 -9 -7 21 -13 -3 25 -25 26 29 28 -27 -1
right_child=-2 22 -4 -5 -6 19 -8 18 9 -11 11 20 13 15 -16 17 -18 -19 -20 -21 -22 -23 -24 24 -26 27 -28 -29 -30 -31
leaf_value=0.0048010186747045429 -0.088934557991695376 -0.0022383856533555744 -0.072457940642307442 0.026425667807030734 -0.12934661687542023 -0.067482813554642029 0.024952990243518061 -0.071389107841450736 0.023280858884309679 -0.09480275047133907 -0.066293026335251831 -0.067960640382741397 0.018636985847831879 -0.065765318923190194 0.041069013180601327 -0.088842493397563393 -0.072554739831998019 0.020997407866526065 0.020177620289639733 0.019506680272730097 0.056400711573743413 0.026430920237270533 0.040266797761268194 -0.018709145860989762 0.047156268511710758 -0.046036072433932276 -0.01971676101047028 0.03254119604487888 0.049619885330108332 0.02190010727115093
leaf_weight=241.82843795581721 2.4849010203033677 11.078727375250308 6.3400198534072834 50.280594200245105 2.6027382735628626 7.6262003993324452 81.662162710854318 10.990330941451246 2.6603741471189997 4.2752054548764136 17.646331218551495 2.3932719326985552 4.5327482800930801 6.0990837079589246 5.9278609133325508 1.9318324713967729 16.591073720075656 44.978260882897303 2.8317876383662215 3.2316628302505706 10.882845112122594 6.4020364489406347 32.095410315087065 5.7562085438985404 21.776411596918479 24.226499158190563 61.052418384337216 89.277151293703355 15.146908298600463 141.78563949442469
leaf_count=1334 20 63 126 169 33 547 351 184 18 98 762 114 19 206 12 28 404 228 9 55 5 19 56 37 68 238 1189 256 15 608
internal_value=0.00807779 0.00833592 0.00731689 0.00788878 0.00677137 0.00719744 0.00784295 0.00595222 0.00706881 -0.0495078 0.00761514 -0.0147213 0.00883952 -0.006297 -0.0323763 0.0070118 -0.0529868 0.016474 -0.0526295 -0.0415918 0.0315255 0.000746241 0.0293597 0.0108564 0.0333859 0.00977447 0.00688693 0.0197549 -0.00923733 0.0111209
internal_weight=936.395 933.91 890.736 884.396 834.115 831.513 820.655 738.993 725.171 6.93558 718.235 37.3245 680.911 80.0609 27.0517 53.0092 21.1238 46.9101 13.8221 10.8579 19.6782 8.79531 43.1741 600.85 27.5326 573.317 444.666 128.651 39.3734 383.614
internal_count=7271 7251 7132 7006 6837 6804 6202 5851 5658 116 5542 900 4642 897 435 462 423 256 193 602 138 133 119 3745 105 3640 3131 509 253 1942
is_linear=0
shrinkage=0.05


Tree=99
num_leaves=31
num_cat=0
split_feature=2 14 12 12 12 12 1 9 12 0 0 13 12 14 14 1 13 12 7 10 1 12 1 5 1 13 14 14 1 13
split_gain=6.21941 8.54404 7.71827 13.679 15.9964 18.1249 22.4807 12.1994 10.8672 18.059 21.7077 15.3485 13.8236 15.1381 10.8076 9.1815 8.62538 12.4771 7.93309 6.71339 16.4829 9.85363 17.7236 13.6575 18.1304 14.1591 12.6575 14.4779 9.9716 9.43211
threshold=2.2500000000000004 634.50000000000011 2.2773976737365413 4.6853219471441836 3.3703496293710251 3.3370315807935782 0.25083893537521368 0.15000000000000005 1.5888298744004119 2.7087705369925517 1.6533454149296289 6.5000000000000009 1.1836087162752891 3.5000000000000004 51.500000000000007 0.48657840490341192 4.5000000000000009 1.8592399146080612 1.0000000180025095e-35 0.17500000000000004 0.39564791321754461 0.93778201029957164 0.1479025483131409 0.40000000000000008 0.26648825407028204 9.0000000000000018 22.500000000000004 12.500000000000002 0.37329782545566564 1.5000000000000002
decision_type=2 2 2 2 2 2 2 2 2 2 2 2 2 2 2 2 2 2 2 2 2 2 2 2 2 2 2 2 2 2
left_child=1 2 7 4 5 6 -4 8 12 10 11 14 19 -14 16 -6 17 -10 -5 20 21 23 29 24 25 -1 27 -27 -26 -23
right_child=-2 -3 3 18 15 -7 -8 -9 9 -11 -12 -13 13 -15 -16 -17 -18 -19 -20 -21 -22 22 -24 -25 28 26 -28 -29 -30 -31
leaf_value=-0.042869282334681777 0.024678434429467558 -0.087307230615860945 0.0044922176919627082 0.029820830554024159 -0.066015792740493365 0.058416906231469778 -0.066784615423844715 -0.0770083609160815 0.014032905958470877 0.031357862925492919 -0.086092832533035374 -0.066976752159487923 0.038319076792996065 -0.050586210727641724 -0.091094712343580644 0.018185472171516108 0.033914567377110093 -0.056503647512930882 -0.061197287533461597 0.017057849786475125 -0.08349906652895045 0.012735977545836823 0.034953054073522366 0.016532081619029391 -0.089683173986673553 -0.00064192277781950559 0.026534672893374696 -0.065115815207423267 0.015853000400307769 -0.085975158372665728
leaf_weight=19.28621105797356 51.344330502673984 2.4066485562361768 44.332589950936381 31.088455554141547 18.430699155927872 10.356204713229088 14.740813784505006 4.1038279902422792 36.810710946505424 124.27647489204537 6.4248274897108777 6.2188680130057028 6.2625847620074664 20.33497814135626 2.36548760109872 3.9274470930686212 40.588530064851511 7.5563335416372857 2.5937494379322734 130.82892601183266 5.322890584357082 4.6444280445575696 51.808548544184305 98.289508324174676 9.4875808216165733 113.28265782818198 40.850862417370081 9.4321872722357494 2.9292603370267889 5.052795136696659
leaf_count=609 112 20 705 295 802 6 303 58 295 284 116 77 166 641 71 60 172 560 85 603 61 16 135 340 130 346 45 43 16 99
internal_value=0.00776613 0.00677263 0.00703239 -0.00444148 -0.0144423 -0.00259731 -0.0132938 0.00896178 0.00943722 0.018632 0.00281108 0.00891748 0.0054554 -0.0296528 0.0143225 -0.0512249 0.0172578 0.00201954 0.0228118 0.00735639 0.00383453 0.00514378 0.023341 0.00133114 -0.00632033 -0.00235013 0.00242753 -0.00559756 -0.0647861 -0.038698
internal_weight=925.379 874.035 871.628 125.47 91.7878 69.4296 59.0734 746.158 742.055 224.241 99.9648 93.5399 517.813 26.5976 87.3211 22.3581 84.9556 44.367 33.6822 491.216 360.387 355.064 61.5058 293.558 195.269 182.852 163.566 122.715 12.4168 9.69722
internal_count=7271 7159 7139 2256 1876 1014 1008 4883 4825 1575 1291 1175 3250 807 1098 862 1027 855 380 2443 1840 1779 250 1529 1189 1043 434 389 146 115
is_linear=0
shrinkage=0.05


Tree=100
num_leaves=31
num_cat=0
split_feature=10 10 13 3 13 13 13 0 14 14 12 0 0 14 10 9 3 13 10 13 12 12 3 3 3 14 3 3 12 0
split_gain=27.2233 9.52254 16.8466 19.4131 17.0322 17.712 14.3046 13.953 37.0399 23.4528 20.8755 35.6375 12.6312 16.7571 12.3204 12.848 11.3075 10.6372 24.9144 10.7455 10.5746 18.0135 9.90089 16.3451 9.50611 8.75373 8.68503 8.40599 8.87483 11.6424
threshold=0.7250000000000002 0.12500000000000003 3.5000000000000004 0.29745238095238108 27.000000000000004 20.000000000000004 5.5000000000000009 0.41293818537966354 26.500000000000004 8.5000000000000018 1.873088099096013 1.0454566292904686 10.281598606523243 11.500000000000002 0.22500000000000003 0.55000000000000016 0.14820175438596495 20.000000000000004 0.37500000000000006 40.500000000000007 1.6154751663238869 0.94417647524796544 1.0537500000000002 0.55000000000000016 0.0636904761904762 6.5000000000000009 0.065526315789473696 1.0850000000000002 0.93778201029957164 0.46060710610450101
decision_type=2 2 2 2 2 2 2 2 2 2 2 2 2 2 2 2 2 2 2 2 2 2 2 2 2 2 2 2 2 2
left_child=1 2 3 25 5 7 12 8 9 22 20 -12 13 -3 16 -16 24 -8 19 -19 21 27 23 -4 -15 -1 -14 28 29 -9
right_child=-2 6 4 -5 -6 -7 17 10 -10 -11 11 -13 26 14 15 -17 -18 18 -20 -21 -22 -23 -24 -25 -26 -27 -28 -29 -30 -31
leaf_value=0.030858816678838226 0.0810719923568856 -0.036824620895674606 -0.017752166697573495 -0.03493072975873749 0.02894001671554234 -0.098107638992978308 0.02727075213637872 0.056788489776440722 0.028020032667057035 -0.068735204202615571 0.029823487226494784 -0.085896009496658279 -0.11717323462285474 0.016283030099387828 -0.043370329881783264 0.053564233372689944 0.047249817499652763 -0.025058017751784397 0.03157443766091747 -0.13875137178363481 0.042225675260325765 -0.07873280826630516 0.0068433541643793871 -0.089462880479383194 -0.0613295273005715 0.010477830299883929 -0.02156506420735621 0.055637244849952611 0.05018149203930742 -0.026381304121884233
leaf_weight=86.896246692922432 12.944889899430562 17.433849626308074 79.729982520671911 18.417364960114355 37.462302604457363 5.2177240978926411 178.8700951738283 5.2779669761657741 41.989615308877546 25.573130787117407 12.916177307313776 13.721151532838119 2.7792394002899554 42.932095928583294 14.269938198849561 4.4952001506462684 33.117073675937718 4.4979053288698214 13.942571689374743 3.8632382182404399 34.602378962095827 5.5398116499418384 33.996769889228744 8.8258130190079083 4.3445370928384355 133.81606719148112 16.343617311213166 10.644940497353671 8.1823786795139295 20.751818425254896
leaf_count=538 57 688 602 1127 123 39 238 1 95 254 50 297 33 240 966 5 126 20 27 36 49 79 121 102 153 785 161 9 6 228
internal_value=0.00906771 0.00805506 0.00419098 0.0143867 -0.00288762 -0.00677184 0.0147485 -0.00519251 -0.0134315 -0.0251819 0.00883835 -0.0297848 0.00220449 0.00838206 0.0163302 -0.0201496 0.0248451 0.0232108 -0.00934864 -0.0775896 0.0209422 0.006329 -0.0160936 -0.0248991 0.00915074 0.018502 -0.0354604 0.0168341 0.00476064 -0.00951726
internal_weight=933.396 920.451 583.562 239.13 344.432 306.97 336.889 301.752 190.115 148.126 111.637 26.6373 135.716 116.593 99.1588 18.7651 80.3937 201.174 22.3037 8.36114 84.9993 50.3969 122.553 88.5558 47.2766 220.712 19.1229 44.8571 34.2122 26.0298
internal_count=7255 7198 4505 2450 2055 1932 2693 1893 1174 1079 719 347 2372 2178 1490 971 519 321 83 56 372 323 825 704 393 1323 194 244 235 229
is_linear=0
shrinkage=0.05


Tree=101
num_leaves=31
num_cat=0
split_feature=0 14 1 1 1 1 1 3 1 1 3 13 0 12 14 9 1 2 14 14 12 12 1 1 12 1 14 13 12 12
split_gain=23.9978 7.51995 25.3422 14.5824 26.6043 15.0659 8.78239 23.0356 10.3806 22.3015 6.91881 5.37063 11.8487 11.0345 12.7967 10.2919 9.57785 9.13409 13.54 21.3173 11.1057 16.6783 27.7511 24.4704 8.67895 9.55678 12.8579 17.3549 8.88651 7.52407
threshold=64.371183887988437 2.5000000000000004 0.16938359290361407 0.16613907366991046 0.098070491105318083 0.0043633040040731439 0.090475406497716918 1.143050541516246 0.015745282173156742 0.078742533922195448 1.0850000000000002 1.5000000000000002 10.735457104731305 3.3703496293710251 4.5000000000000009 0.15000000000000005 0.63445630669593822 2.2500000000000004 9.5000000000000018 8.5000000000000018 2.1576065010327148 1.0224921205566442 0.015745282173156742 0.19552563130855563 1.0515018445150426 0.31689214706420904 6.5000000000000009 2.5000000000000004 1.6014684549625273 3.4514933084675818
decision_type=2 2 2 2 2 2 2 2 2 2 2 2 2 2 2 2 2 2 2 2 2 2 2 2 2 2 2 2 2 2
left_child=1 2 3 4 5 -1 7 -7 -9 -10 11 12 29 15 -15 17 -14 18 19 20 21 22 -13 -24 -23 26 27 -26 -28 -3
right_child=-2 10 -4 -5 -6 6 -8 8 9 -11 -12 13 16 14 -16 -17 -18 -19 -20 -21 -22 24 23 -25 25 -27 28 -29 -30 -31
leaf_value=-0.06232062922698417 0.076448465104319338 0.012077582526613964 -0.079684420388200228 0.051839926737405284 -0.078201408380989185 -0.074045163342985568 0.049374759927025107 0.056044543280244143 -0.1046225185576653 0.047858595962150405 0.048856341483790255 -0.087601369143374505 -0.070197647193607604 0.025175004138872466 -0.064832116491316288 -0.06978374208693193 0.052298012766857027 0.033413461984120922 0.011777640989169988 -0.082598999537596238 -0.062197962705788284 0.063573016069737046 0.0073172282828455476 -0.079101755629834333 0.034186826642341302 0.041770992385005146 -0.065640506522412476 -0.070533074781069835 0.039848181730469029 0.034773636320628347
leaf_weight=6.6002110135596004 12.895954828709362 113.1048359060951 10.343924600136232 13.048228278988971 10.672103580829569 7.3715534387592951 15.330433809838722 13.432780634262601 3.906191342888631 6.2104965159960557 10.873905662709147 10.65493673738092 6.5798749527893943 6.1224651989759904 11.123765406009623 4.2595800355193196 2.1066675186157227 33.950614035129547 404.14792600391957 8.3908297438174468 7.0867643656674764 10.214041156694291 75.925293146865442 9.1821498087374476 6.1636453171959174 19.281268298625946 2.2748149009421494 11.048337959451599 16.315393330703955 53.927736209196155
leaf_count=248 7 660 273 7 321 221 47 11 51 12 69 116 123 65 545 58 1 46 2296 175 293 4 438 187 91 24 74 375 84 333
internal_value=0.00871987 0.00775969 -0.00622717 0.00369599 -0.00619312 0.0083472 0.0184317 0.00309033 0.0272356 -0.0110164 0.00923731 0.00870666 0.0164443 0.00656931 -0.0328793 0.00766859 -0.0404899 0.00820536 0.00673153 -0.00482056 -0.000939268 0.00175616 -0.0115301 -0.00200642 0.0212412 0.0133917 -0.00189204 -0.0330327 0.0269399 0.0194052
internal_weight=922.547 909.651 86.9159 76.572 63.5238 52.8517 46.2515 30.921 23.5495 10.1167 822.735 811.861 175.719 636.142 17.2462 618.896 8.68654 614.636 580.685 176.537 168.147 161.06 95.7624 85.1074 65.2975 55.0835 35.8022 17.212 18.5902 167.033
internal_count=7255 7248 1191 918 911 590 342 295 74 63 6057 5988 1117 4871 610 4261 124 4203 4157 1861 1686 1393 741 625 652 648 624 466 158 993
is_linear=0
shrinkage=0.05


Tree=102
num_leaves=31
num_cat=0
split_feature=10 10 13 13 13 5 13 14 1 1 14 1 1 1 13 14 5 12 2 2 13 10 1 1 1 12 7 6 12 13
split_gain=22.9607 8.67941 14.5279 15.8394 16.4621 13.7929 13.0213 11.4177 10.1908 15.8959 17.6214 10.75 9.94115 15.6321 14.2473 12.5957 22.7807 29.7051 13.084 11.6046 9.89895 22.8404 11.6421 9.82252 13.687 23.9297 25.9761 20.19 13.5551 9.78405
threshold=0.7250000000000002 0.12500000000000003 3.5000000000000004 27.000000000000004 20.000000000000004 1.0000000180025095e-35 5.5000000000000009 112.50000000000001 0.10242973268032075 0.1479025483131409 44.500000000000007 0.43452851474285131 0.090475406497716918 0.080549564212560668 5.5000000000000009 33.500000000000007 0.40000000000000008 1.7501218624419115 1.3500000000000003 2.2500000000000004 20.000000000000004 0.37500000000000006 0.36185109615325933 0.28510612249374395 0.16938359290361407 0.79893541518223798 0.20000000000000004 0.80000000000000016 1.873088099096013 1.5000000000000002
decision_type=2 2 2 2 2 2 2 2 2 2 2 2 2 2 2 2 2 2 2 2 2 2 2 2 2 2 2 2 2 2
left_child=1 2 5 4 8 7 29 -1 12 10 -10 23 13 14 19 16 17 18 -16 -4 -8 22 -22 24 27 26 -26 -11 -27 -3
right_child=-2 6 3 -5 -6 -7 20 -9 9 11 -12 -13 -14 -15 15 -17 -18 -19 -20 -21 21 -23 -24 -25 25 28 -28 -29 -30 -31
leaf_value=0.016534482923652113 0.075302969783076296 0.018618978763646765 -0.061942887564476495 0.028095541682364875 -0.096600478375362023 -0.056909683101146469 0.026039431109090558 -0.090743451462963615 -0.081520634194647806 -0.073852654898763456 0.040630322440849569 -0.098637656486619207 0.033666539104953819 -0.087354579193542656 -0.087883346211958896 0.040553658851272073 0.027363322355089315 0.030110187465356871 -0.00092667946629400332 0.036106890372324472 -0.1195682983560562 0.030300689091141409 0.0042591711616158032 0.011055889979979475 -0.10194183155193666 0.0090942942732180707 0.049078130853114577 0.037315472022882046 -0.070767996695982341 -0.0092144012877695917
leaf_weight=225.2664357238682 12.640928425913442 52.183161721215583 13.267968557585847 36.575542693724856 5.0138055263087145 6.8004793152504126 174.71980773354881 2.507873246446251 14.983449252467837 5.1740940246381824 3.6770283728837958 3.205285755917429 24.095546885277145 5.0827234436292192 16.240127813071016 24.717503804713488 35.532577343285084 13.171429077163337 5.8965291436761609 3.9061432480812064 5.3010512101463991 13.525162362493573 2.9570351224392653 51.377266436524224 16.119071933557283 27.981150731851812 3.4582733949646345 19.391012625419535 6.5586499746714244 79.945170581617276
leaf_count=1961 57 418 301 123 39 472 238 17 274 93 2 32 68 60 92 17 47 26 20 3 47 27 9 253 190 165 4 41 205 1954
internal_value=0.00838548 0.00744416 0.00371302 -0.00296237 -0.00676348 0.0132584 0.0139157 0.0153533 -0.00523057 -0.01423 -0.0574509 -0.00817794 0.00440393 -0.00158086 0.00228639 0.00982195 -0.000900858 -0.0293447 -0.0647207 -0.0396421 0.0220769 -0.00970569 -0.0752285 -0.00594859 -0.017052 -0.0311021 -0.0752647 0.0139004 -0.0060705 0.0017782
internal_weight=911.272 898.631 570 335.425 298.85 234.575 328.631 227.774 293.836 151.925 18.6605 133.265 141.911 117.815 112.732 95.5582 70.8407 35.3081 22.1367 17.1741 196.503 21.7832 8.25809 130.06 78.6823 54.1171 19.5773 24.5651 34.5398 132.128
internal_count=7255 7198 4505 2055 1932 2450 2693 1978 1893 1259 276 983 634 566 506 202 185 138 112 304 321 83 56 951 698 564 194 134 370 2372
is_linear=0
shrinkage=0.05


Tree=103
num_leaves=31
num_cat=0
split_feature=10 10 12 5 14 3 1 1 1 14 2 1 1 1 1 9 0 14 1 14 1 0 12 0 1 12 3 12 12 1
split_gain=21.0169 7.90503 13.3729 25.1998 24.2849 39.3373 19.8836 25.0452 34.6417 13.4357 12.618 18.1659 21.1111 29.3043 16.9618 11.265 9.6694 9.46125 15.6934 23.6942 16.6394 9.49893 14.6796 16.2231 12.921 11.861 9.17322 7.96915 13.9432 7.60092
threshold=0.7250000000000002 0.12500000000000003 0.91900249960484637 1.0000000180025095e-35 22.500000000000004 0.90261951667980056 0.3239493072032929 0.17005053162574771 0.16613907366991046 166.50000000000003 2.2500000000000004 0.020389707759022716 0.10242973268032075 0.097205407917499556 0.026255904696881775 0.15000000000000005 2.8565704096905278 21.500000000000004 0.28510612249374395 30.500000000000004 0.094467680901289 0.42657375255014723 2.0667505158011652 19.025979087023618 0.24433899670839312 1.9638617360286046 0.67038461538461569 1.1836087162752891 1.5126576166751728 0.015745282173156742
decision_type=2 2 2 2 2 2 2 2 2 2 2 2 2 2 2 2 2 2 2 2 2 2 2 2 2 2 2 2 2 2
left_child=1 2 4 9 5 6 7 8 10 15 11 -1 13 14 -13 27 29 21 19 -19 -21 24 23 -23 -3 -26 -24 -4 -29 -7
right_child=-2 17 3 -5 -6 16 -8 -9 -10 -11 -12 12 -14 -15 -16 -17 -18 18 -20 20 -22 22 26 -25 25 -27 -28 28 -30 -31
leaf_value=-0.090655740936449944 0.072498100909197852 0.034442414725053293 0.031164138670535604 -0.060840771197093746 0.020782475979219277 0.037994540223031309 0.021970577952599213 -0.091325182844395281 0.049594714093992465 -0.069359120287201106 0.053841690246554691 0.049628416819276447 -0.07643956882750047 0.045565997661732499 -0.071862679771700411 -0.075235223675214014 0.059670792565491175 -0.11359071866927649 0.018177667007885003 0.00208259415950997 -0.10274257486340116 -0.04715606600294265 0.0012010271875078091 0.055991154593006888 -0.070864539210562155 0.037947901248678945 0.049223440506275369 -0.059310677751937671 0.01313228895109597 -0.0060708252858446225
leaf_weight=16.993313208047766 12.477618075296048 107.73785283748293 62.106662315200083 12.04418471676763 64.204316278570332 14.656145034357904 15.026581470039671 19.055444345809519 12.323009238345547 4.8918794300407162 3.3227598667144767 3.539213856682184 16.857921689050272 14.524505607550962 15.260106288245877 3.4845452210865906 11.717168263625352 5.564610113768139 81.857426723421668 52.565602391347056 4.0794997129705726 18.646573275036648 21.148198753857287 4.7916560173034659 5.8586076550709532 4.3742917935305741 18.770599700510502 6.8338956241495898 236.77478883562435 29.451087987195933
leaf_count=207 57 600 211 603 159 21 60 293 7 24 1 6 231 17 196 35 7 111 747 260 117 340 210 1 152 93 62 256 2057 114
internal_value=0.00805746 0.00715245 0.00356714 0.0101348 -0.0054733 -0.0152328 -0.0317217 -0.0396412 -0.0277498 0.0128565 -0.0412696 -0.0459742 -0.0308434 -0.00777711 -0.0489904 0.0141572 0.0192968 0.0133565 0.00379145 -0.0151384 -0.00546677 0.0209561 0.00534028 -0.0260689 0.0293427 -0.0243501 0.0237821 0.0151761 0.0111001 0.00857141
internal_weight=900.94 888.462 563.068 326.136 236.932 172.727 116.903 101.876 82.8208 314.092 70.4978 67.1751 50.1817 33.3238 18.7993 309.2 55.8244 325.395 144.067 62.2097 56.6451 181.328 63.357 23.4382 117.971 10.2329 39.9188 305.715 243.609 44.1072
internal_count=7255 7198 4505 3186 1319 1160 1018 958 665 2583 658 657 450 219 202 2559 142 2693 1235 488 377 1458 613 341 845 245 272 2524 2313 135
is_linear=0
shrinkage=0.05


Tree=104
num_leaves=31
num_cat=0
split_feature=10 10 13 3 13 13 13 11 11 10 11 14 1 9 1 1 14 1 3 1 3 13 14 13 13 10 1 1 6 14
split_gain=19.2697 7.23963 12.2134 15.7379 14.646 15.274 11.8615 13.7768 17.1207 14.2464 10.9116 11.1322 10.9326 10.4578 9.08863 14.1826 15.7907 9.89107 9.58276 18.9483 33.0061 13.4249 12.9644 17.0994 8.99286 20.5044 10.4354 8.84553 26.956 18.2151
threshold=0.7250000000000002 0.12500000000000003 3.5000000000000004 0.29745238095238108 27.000000000000004 20.000000000000004 5.5000000000000009 0.14530791788856307 0.045584415584415595 0.17500000000000004 0.019769411151641485 128.50000000000003 0.24284165352582934 0.55000000000000016 0.10242973268032075 0.1479025483131409 44.500000000000007 0.43452851474285131 1.0850000000000002 0.090475406497716918 0.033794326241134758 5.5000000000000009 33.500000000000007 9.0000000000000018 20.000000000000004 0.37500000000000006 0.36185109615325933 0.26258634030818945 0.3000000000000001 52.500000000000007
decision_type=2 2 2 2 2 2 2 2 2 2 2 2 2 2 2 2 2 2 2 2 2 2 2 2 2 2 2 2 2 2
left_child=1 2 3 -1 5 14 7 8 9 10 11 12 -3 -11 18 16 -16 27 19 20 21 -4 23 -23 -8 26 -26 28 29 -17
right_child=-2 6 4 -5 -6 -7 24 -9 -10 13 -12 -13 -14 -15 15 17 -18 -19 -20 -21 -22 22 -24 -25 25 -27 -28 -29 -30 -31
leaf_value=0.015929064403265369 0.069913501738769188 0.0158940635108503 -0.037625615345250801 -0.033717991966526778 0.027395290620890606 -0.095551113319054679 0.024655900261141384 0.037888579798645398 -0.066675394135783925 -0.033322574013106558 0.042416325974680501 -0.11626826064804785 -0.064529008633347595 0.052673837194856479 -0.079029774625735516 -0.08042237057252416 0.039651199474172644 -0.096280408484545763 0.027573815913481778 0.037308084963858741 -0.073947898515882154 0.028942720591860413 0.042021377458086304 -0.056093807410108332 -0.11449421907054823 0.028875736075800656 0.0035137865780630962 0.0071252856834193735 0.0061815387566217742 0.045471992931967624
leaf_weight=213.69117919186829 12.296550635626771 31.801218684937339 15.627914698154198 17.251047616737196 35.695137046510354 4.7418063092045477 169.41609731921926 21.439999685971998 10.4919989357586 32.908669941796688 23.062401489587501 1.9882438424974669 4.8732987095136187 3.9607388256117693 14.226055662031287 19.723615241615338 3.4903516545891753 3.0938069429248563 33.224700000631856 22.513558783684857 18.150165620565531 12.825445026159286 23.651337407529354 10.966420233249664 5.2219637064263242 13.09954149276018 2.9214704977348447 64.72595528664533 38.705856141925324 3.3630634079454458
leaf_count=1323 57 371 136 1127 123 39 238 102 475 1254 37 16 113 4 274 359 2 32 72 60 287 24 16 39 47 27 9 335 251 6
internal_value=0.0077563 0.00688463 0.00343053 0.0122205 -0.00282084 -0.00655252 0.0128604 0.00124751 -0.00595397 0.000507734 0.0151969 -0.00103945 0.00520747 -0.0240843 -0.00506806 -0.0136878 -0.0556482 -0.00795229 0.00420423 -0.00328069 -0.0145314 0.00256705 0.0158066 -0.0102533 0.0208107 -0.00985551 -0.0721587 -0.00579237 -0.0193233 -0.0620832
internal_weight=889.15 876.853 555.667 230.942 324.725 289.03 321.186 130.527 109.087 98.5946 61.7252 38.6628 36.6745 36.8694 284.288 147.329 17.7164 129.612 136.96 103.735 81.2213 63.0711 47.4432 23.7919 190.659 21.243 8.14343 126.518 61.7925 23.0867
internal_count=7255 7198 4505 2450 2055 1932 2693 2372 2270 1795 537 500 484 1258 1893 1259 276 983 634 562 502 215 79 63 321 83 56 951 616 365
is_linear=0
shrinkage=0.05


Tree=105
num_leaves=31
num_cat=0
split_feature=3 0 12 3 0 3 12 12 14 0 12 1 3 14 3 14 1 1 1 1 14 1 1 3 1 14 0 2 0 11
split_gain=22.3005 20.0201 10.8787 18.6202 18.8511 12.513 9.05886 13.5876 11.8438 29.8732 27.8421 11.0257 33.0111 18.2316 14.9373 14.2172 37.6295 13.5762 9.16407 21.5051 8.58324 11.0909 11.7128 8.51059 13.3127 8.45952 10.7786 16.5806 10.2801 16.3906
threshold=1.0260526315789475 64.371183887988437 1.9861552041756154 0.029100529100529109 6.2120559585478743 0.072543103448275872 0.88079119342587353 0.88609846275665027 3.5000000000000004 0.53722337141813037 1.9638617360286046 0.097205407917499556 0.1841666666666667 54.500000000000007 0.12745215311004787 18.500000000000004 0.02304220944643021 0.10242973268032075 0.24120394140481952 1.0000000180025095e-35 3.5000000000000004 0.19433004409074786 0.015745282173156742 0.17968531468531471 0.063579592853784575 47.500000000000007 0.087094578385637 1.3500000000000003 0.42657375255014723 0.060751748251748269
decision_type=2 2 2 2 2 2 2 2 2 2 2 2 2 2 2 2 2 2 2 2 2 2 2 2 2 2 2 2 2 2
left_child=1 2 6 4 -4 -5 11 -8 -9 10 -10 12 15 17 -15 16 -1 -13 19 -11 21 22 -2 24 -18 26 27 -19 -28 -30
right_child=20 -3 3 5 -6 -7 7 8 9 18 -12 13 -14 14 -16 -17 23 25 -20 -21 -22 -23 -24 -25 -26 -27 28 -29 29 -31
leaf_value=-0.099468191799591918 -0.013785125642957731 0.071070326041058424 -0.073190846628676601 0.021715599301505267 0.0036652211561249387 -0.0068238720514062282 0.041826331867940839 0.032629545967130857 -0.047091878128846867 0.015582887494734713 0.052895435970660966 0.0501378411699741 -0.075034102233734176 0.029652134125089248 -0.13638934464920102 0.017509435862142108 0.020889826775083924 0.0016417683343774949 0.024679312627493875 -0.061897395305186488 0.040347939502244232 0.0094455799902202747 -0.10155745462630589 0.057360531719769292 -0.08746801630838881 0.044833480001034376 0.047612329964471276 -0.076519289973835655 -0.037453098767521564 0.034550566660706432
leaf_weight=10.911236431216819 5.8451091390015888 12.328589786775408 17.495941887143999 59.853856726113008 14.666844053659586 107.18644557063817 44.2136693559587 54.899706437048735 38.076386707572965 43.914556610863656 8.5202331095933896 22.251509391469881 16.042052483535372 2.1250312556512645 3.7355776438489556 58.510367366950959 10.516689363808839 104.62752138293581 111.99149058520561 11.249945752031634 2.96147716208361 5.7884330050146664 10.868087127455508 7.5034528905525795 3.8804583004675797 14.956265680957584 24.651165320421569 7.2556942357332437 13.46072089645895 19.144583435816457
leaf_count=130 44 5 351 446 64 2099 42 452 921 96 15 26 232 7 61 129 40 608 377 301 31 57 252 4 46 19 51 123 193 70
internal_value=0.00643076 0.00782168 0.00688405 -0.00330542 -0.038143 0.00340239 0.0100935 0.0161414 0.0119143 0.00659379 -0.0288091 0.00417253 -0.00888434 0.0107785 -0.0761834 0.00273581 -0.0236086 0.0132484 0.0164627 -0.000218016 -0.039671 -0.0502024 -0.0708608 0.0141858 -0.00831583 0.00878957 0.00560237 -0.00342702 0.0232465 0.00482469
internal_weight=869.433 843.97 831.641 199.203 32.1628 167.04 632.438 312.866 268.652 213.753 46.5966 319.572 107.364 212.208 5.86061 91.3222 32.8118 206.347 167.156 55.1645 25.4631 22.5016 16.7132 21.9006 14.3971 184.096 169.14 111.883 57.2565 32.6053
internal_count=7292 6908 6903 2960 415 2545 3943 2204 2162 1710 936 1739 581 1158 68 349 220 1090 774 397 384 353 296 90 86 1064 1045 731 314 263
is_linear=0
shrinkage=0.05


Tree=106
num_leaves=31
num_cat=0
split_feature=3 2 12 12 1 3 14 2 3 10 1 1 14 1 1 14 14 14 12 12 1 1 1 1 14 1 1 10 3 12
split_gain=20.3791 17.1658 13.6598 10.4081 10.2531 10.8973 9.3823 8.74315 24.4668 14.5089 11.835 9.66979 7.82535 10.1525 11.0223 7.55242 5.35319 22.0585 11.7119 13.178 9.06101 11.4984 8.87368 13.4283 11.613 7.23918 11.6688 6.99442 19.4644 14.8807
threshold=1.0260526315789475 2.2500000000000004 2.2773976737365413 2.5839279248542426 0.29725795984268194 0.044907407407407417 560.50000000000011 1.0000000180025095e-35 0.18019230769230773 0.12500000000000003 0.033005619421601302 0.51033577322959911 3.5000000000000004 0.19433004409074786 0.015745282173156742 122.50000000000001 110.50000000000001 99.500000000000014 2.0914895534951747 2.2653345859208631 1.0000000180025095e-35 0.49758999049663549 0.2348379194736481 0.2181469723582268 4.5000000000000009 0.2146469056606293 0.20226479321718219 0.17500000000000004 0.13393736805066855 0.95516262316225597
decision_type=2 2 2 2 2 2 2 2 2 2 2 2 2 2 2 2 2 2 2 2 2 2 2 2 2 2 2 2 2 2
left_child=1 2 7 -4 5 -5 -3 11 9 10 -9 16 13 14 -2 -6 17 18 22 20 -20 -22 23 25 -24 26 -1 -26 -29 -30
right_child=12 6 3 4 15 -7 -8 8 -10 -11 -12 -13 -14 -15 -16 -17 -18 -19 19 -21 21 -23 24 -25 27 -27 -28 28 29 -31
leaf_value=0.0070634496421989705 -0.013033597028851202 0.023432803569148355 -0.065307238763618672 -0.025989710777475184 -0.050400046558646897 0.013973969482736548 0.073093649978335576 0.032258013410397489 -0.077586442209798365 0.035109672264636814 -0.074936267508574086 -0.071040864864342565 0.039407690177341831 0.0090136953604875638 -0.098329087740768539 0.039089693664665748 0.025297307492530691 -0.11431611294826205 0.016180351026648436 0.042594208685216156 -0.077707987174293586 0.034915722011786714 -0.073178218541437967 -0.069035087352829844 0.026672483689283502 0.03977283050049446 -0.084479907814459701 -0.071743760423121514 0.03365438692809742 -0.069510438222008503
leaf_weight=320.7235619588173 5.872317877365286 50.974668161012232 8.1588227751053619 24.782936562492978 17.507659223774684 54.725412718529697 11.692475616931914 4.0227964669466036 11.097793862107208 19.480634019710124 7.1542014980805106 3.6894407563668201 2.8825641698786049 5.7631569143122752 10.668731058038246 2.724549851845949 53.2721631488821 3.6198240319499737 5.3228659357409986 6.1265822704299344 13.602200787951007 2.7193766905693328 3.2847609827294937 5.7942520857905029 144.48554525861982 16.756205990444869 3.5192540159914634 7.1555568909971035 26.288376239273934 4.03147983396775
leaf_count=2277 44 108 269 353 482 1043 2 4 233 85 98 131 31 57 252 7 127 37 28 26 287 8 66 184 465 42 103 179 112 152
internal_value=0.00619353 0.00753377 0.00548583 -0.011011 -0.0065696 0.0015172 0.0326986 0.00817406 -0.0139723 0.00905539 -0.0363552 0.00966463 -0.0381169 -0.0481361 -0.0680479 -0.038349 0.0101474 0.00871503 0.00951057 -0.0221442 -0.0404688 -0.0589435 0.0111629 0.00644345 0.019998 0.00772598 0.00606986 0.02168 0.00243153 0.0199371
internal_weight=857.9 832.713 770.046 107.899 99.7406 79.5083 62.6671 662.147 41.7554 30.6576 11.177 620.391 25.1868 22.3042 16.541 20.2322 616.702 563.43 559.81 27.771 21.6444 16.3216 532.039 346.793 185.246 340.999 324.243 181.961 37.4754 30.3199
internal_count=7292 6908 6798 2154 1885 1396 110 4644 420 187 102 4224 384 353 296 489 4093 3966 3929 349 323 295 3580 2606 974 2422 2380 908 443 264
is_linear=0
shrinkage=0.05


Tree=107
num_leaves=31
num_cat=0
split_feature=3 0 12 10 0 0 3 3 3 12 13 12 1 14 0 12 3 1 10 1 3 13 14 10 1 1 14 13 1 3
split_gain=18.6165 17.3108 9.08744 19.1051 15.3898 17.6354 16.836 16.4731 9.46695 8.22458 14.9531 12.7646 11.2504 11.0902 26.9149 25.4462 10.1239 10.2245 32.0913 17.1087 20.4734 21.6849 8.77776 26.3381 8.13899 19.6499 7.13952 10.1162 11.3144 7.11721
threshold=1.0260526315789475 64.371183887988437 1.9861552041756154 1.0000000180025095e-35 6.2120559585478743 10.735457104731305 0.13989130434782612 0.33019230769230778 0.072543103448275872 0.88079119342587353 9.0000000000000018 0.88609846275665027 0.50461918115615856 3.5000000000000004 0.53722337141813037 1.9638617360286046 0.020526315789473691 0.097205407917499556 1.0000000180025095e-35 0.098070491105318083 0.078611111111111132 22.500000000000004 69.500000000000014 0.17500000000000004 0.24120394140481952 1.0000000180025095e-35 3.5000000000000004 4.5000000000000009 0.015745282173156742 0.16461352657004835
decision_type=2 2 2 2 2 2 2 2 2 2 2 2 2 2 2 2 2 2 2 2 2 2 2 2 2 2 2 2 2 2
left_child=1 2 9 4 6 -6 -4 -8 -5 10 12 -11 -1 -13 15 -15 -12 18 -18 -19 21 -21 23 -20 25 -16 27 -2 -29 -26
right_child=26 -3 3 8 5 -7 7 -9 -10 11 16 13 -14 14 24 -17 17 19 22 20 -22 -23 -24 -25 29 -27 -28 28 -30 -31
leaf_value=-0.056518866555798242 0.0079458352183942073 0.067624716548016869 -0.069964368522644732 0.024590310599938381 0.022964683473254952 -0.071773777786406201 0.025763878072666176 -0.062448859176954301 -0.0037886069075789008 0.040533849102974528 0.025119280917355227 0.031279278599442219 0.047536476177567115 -0.045546366515327646 0.014503384030102387 0.052317581716335826 -0.075632349245831246 0.060812489447286427 -0.068385117777912494 -0.086899831475688791 0.011150890983785598 0.019988059978851086 0.032866325763090391 0.018597423541042046 0.030376787573736203 -0.061261859262034646 0.038448093913811293 -0.01166259381874879 -0.099310751483324022 0.00031194543899482443
leaf_weight=15.818377074494494 6.2067011135368437 11.699823913164435 23.814210434386041 55.773267306329217 25.348873534472663 6.09284402092453 13.292522802134046 8.7935019620490475 62.116941741420305 42.726348180323839 58.066564561799169 53.84075614597532 3.1080191446817471 37.415530750949983 42.981606794404797 8.0760046229697746 16.253622375428677 14.442643165588377 12.785632457584141 11.726897053420545 126.51692218799144 7.9698923057876518 17.991641860455275 27.253497786819935 82.712669037398882 10.685246087727135 2.8086888671386978 5.7973042249795972 10.091137076815356 25.832789743086323
leaf_count=1025 236 5 588 337 93 113 120 614 1095 42 88 452 27 921 96 15 120 2 60 65 276 27 16 33 186 301 31 21 96 191
internal_value=0.00595104 0.00723961 0.00636894 -0.00303155 -0.0223424 0.00460606 -0.040802 -0.00935783 0.00963732 0.00934729 0.00364219 0.0151961 -0.0394313 0.0110569 0.00581482 -0.0281728 0.00642446 0.00180396 -0.0135356 0.00889667 0.00376855 -0.0436499 0.00385687 -0.00917857 0.0153465 -0.000581724 -0.0366395 -0.0461845 -0.0673301 0.0232216
internal_weight=848.04 823.137 811.437 195.232 77.342 31.4417 45.9002 22.086 117.89 616.205 311.934 304.271 18.9264 261.545 207.704 45.4915 293.007 234.941 74.2844 160.656 146.214 19.6968 58.0308 40.0391 162.212 53.6669 24.9038 22.0951 15.8884 108.545
internal_count=7292 6908 6903 2960 1528 206 1322 734 1432 3943 1739 2204 1052 2162 1710 936 687 599 229 370 368 92 109 93 774 397 384 353 117 377
is_linear=0
shrinkage=0.05


Tree=108
num_leaves=31
num_cat=0
split_feature=3 0 12 10 0 6 0 3 12 3 2 7 1 12 13 12 1 14 0 12 3 1 10 1 3 13 14 1 1 1
split_gain=16.9929 16.1066 8.34852 17.6683 14.4688 19.3391 16.4402 11.5738 8.81026 9.12887 8.07087 10.7127 12.9687 7.57026 14.0619 11.9308 10.6672 10.1354 24.7051 23.4838 9.2714 9.35696 30.1392 16.2203 18.7678 20.1168 8.23588 42.5369 7.45038 18.4305
threshold=1.0260526315789475 64.371183887988437 1.9861552041756154 1.0000000180025095e-35 6.2120559585478743 1.0000000180025095e-35 10.735457104731305 0.34937500000000005 2.0667505158011652 0.072543103448275872 1.0000000180025095e-35 0.60000000000000009 0.20345768332481387 0.88079119342587353 9.0000000000000018 0.88609846275665027 0.50461918115615856 3.5000000000000004 0.53722337141813037 1.9638617360286046 0.020526315789473691 0.097205407917499556 1.0000000180025095e-35 0.098070491105318083 0.078611111111111132 22.500000000000004 18.500000000000004 0.061179427430033691 0.24120394140481952 1.0000000180025095e-35
decision_type=2 2 2 2 2 2 2 2 2 2 2 2 2 2 2 2 2 2 2 2 2 2 2 2 2 2 2 2 2 2
left_child=1 2 13 4 5 -4 -6 -7 -5 -10 11 12 -11 14 16 -15 -1 -17 19 -19 -16 22 -22 -23 25 -25 27 -24 29 -20
right_child=-2 -3 3 8 6 7 -8 -9 9 10 -12 -13 -14 15 20 17 -18 18 28 -21 21 23 26 24 -26 -27 -28 -29 -30 -31
leaf_value=-0.056403315092349339 -0.035130090046359252 0.066008384110522081 -0.070230644449054816 -0.073426210014430254 0.022086854883662688 0.020554370693619664 -0.070920226147841312 -0.062392593290301057 0.026464976931400347 0.0019433252605687492 0.018128334947649771 0.048601390049416146 -0.066380611258143374 0.039496470134280391 0.024194107395443191 0.0301203576510434 0.046887646124590766 -0.043899600666514715 0.013903065924751105 0.051832952753245634 -0.074471579650685807 0.060178345029612862 -0.11498070591881514 -0.084565519864161651 0.010648395902664686 0.019184480577013246 0.018221285881685444 0.032380407652142146 0.022372015401214678 -0.060810697042674701
leaf_weight=15.076956601056738 24.684058269856905 11.394766775891183 24.221907964849379 3.1391297847148953 25.04641987732612 14.222735472023489 5.8636810827301806 5.9710063234670079 53.765515671228059 14.528031508976712 27.482515983632766 5.0250246087671249 13.306797334516885 41.682985480874777 57.292772212997079 53.135109087743331 2.9963269821018903 36.891772475617472 42.60545262589585 7.7521586186485356 15.69576141797006 13.879355907440184 7.6811927687376764 11.454972973093392 125.87956839380786 7.8906120629981151 36.173603441566229 13.510970316827295 107.08399710207595 10.237625325273255
leaf_count=1025 384 5 629 111 93 190 113 503 315 271 124 6 605 42 88 452 27 921 96 15 120 2 47 65 276 27 43 19 377 301
internal_value=0.00573791 0.00698196 0.00614068 -0.00292991 -0.021825 -0.0401059 0.00444331 -0.00397188 0.0092093 0.0114826 -0.00186677 -0.0185898 -0.0307198 0.00901873 0.00350898 0.0146783 -0.039279 0.0106641 0.00561056 -0.0272762 0.00618058 0.0017353 -0.0130774 0.00853737 0.00360197 -0.0422483 0.00372053 -0.0210313 0.014791 -0.000571706
internal_weight=835.573 810.889 799.494 192.573 75.3258 44.4156 30.9101 20.1937 117.247 114.108 60.3424 32.8599 27.8348 606.921 307.532 299.389 18.0733 257.706 204.571 44.6439 289.459 232.166 73.0615 159.105 145.225 19.3456 57.3658 21.1922 159.927 52.8431
internal_count=7292 6908 6903 2960 1528 1322 206 693 1432 1321 1006 882 876 3943 1739 2204 1052 2162 1710 936 687 599 229 370 368 92 109 66 774 397
is_linear=0
shrinkage=0.05


Tree=109
num_leaves=31
num_cat=0
split_feature=0 3 0 0 10 13 12 2 2 10 9 1 7 1 12 1 1 0 0 3 1 1 0 0 12 7 1 1 13 13
split_gain=15.7984 15.9736 12.2278 8.03384 9.65597 6.96318 8.2395 6.80594 6.53426 16.0972 13.4875 11.7198 11.1979 9.77233 7.9459 17.8427 12.2595 12.2337 9.61609 12.345 9.22743 9.84824 8.11511 13.1589 7.83784 15.8341 7.23101 9.36298 6.48311 6.08436
threshold=33.031562964630126 0.88060810810810841 19.340069403769689 17.216839764902968 0.4250000000000001 4.5000000000000009 2.0575662385929818 2.2500000000000004 1.0000000180025095e-35 0.17500000000000004 1.0000000180025095e-35 0.090475406497716918 0.40000000000000008 0.49758999049663549 2.0914895534951747 0.20345768332481387 0.43019366264343267 9.6581034078425123 3.616436121837598 0.029100529100529109 0.2146469056606293 0.20226479321718219 7.5229806065981153 10.877848490814401 2.2125124158710308 0.20000000000000004 0.14315017312765124 0.11606018245220186 5.5000000000000009 40.500000000000007
decision_type=2 2 2 2 2 2 2 2 2 2 2 2 2 2 2 2 2 2 2 2 2 2 2 2 2 2 2 2 2 2
left_child=1 2 3 4 7 6 -4 8 10 11 14 -10 -13 -12 20 17 -17 18 19 -16 21 22 29 -24 25 -11 27 28 -21 -1
right_child=-2 -3 5 -5 -6 -7 -8 -9 9 24 13 12 -14 -15 15 16 -18 -19 -20 26 -22 -23 23 -25 -26 -27 -28 -29 -30 -31
leaf_value=0.0078726886951663889 0.043701928695100797 -0.034247955586145365 0.05212743958777466 0.035291686849188625 -0.042833665256293361 -0.12868064694163386 -0.069370416131264587 0.02515176868726024 0.0094698431880312871 -0.081608479205507289 -0.072170298950024692 -0.07226292234629092 0.039792017225592197 0.043015491705515947 -0.06410732810490434 -0.064144965064472689 0.012273365220598248 -0.090168383061277765 0.028972260101729781 -0.06020448477982783 0.018166903025952408 -0.083795450601539007 -0.11006284102916815 0.010195935604420255 0.048932626649949372 0.054742305300378102 -0.058754265066769944 0.044753813053915771 0.02320606367392708 -0.032951997356924549
leaf_weight=307.98475282787695 26.246815718826838 26.028230591786269 2.1557278265245241 23.075082724913955 10.26094484234636 2.2938504605554044 3.9564452143386006 43.656269337981939 9.524200149302489 4.3187897325260582 8.8674744809977692 17.427916857472159 2.5566053297370663 2.3239433616399756 7.630046992446295 18.065065981878437 7.3974166442349079 3.1238322702702126 36.023696598655079 4.8648031419288635 195.90771613255492 3.1304461671970776 3.94230770296417 5.37753019714728 11.465426753857171 4.1997142815962434 3.5099171170440959 13.612457271505264 4.4702669475227594 9.4053171030245704
leaf_count=2117 40 437 2 33 599 19 97 91 67 78 160 379 8 2 209 638 67 49 151 347 1064 97 61 20 41 2 233 90 5 89
internal_value=0.00553397 0.00427632 0.00557766 0.00623917 0.00533207 -0.0543969 -0.0265188 0.00601022 0.00479053 -0.0127086 0.00615306 -0.0361746 -0.0579278 -0.0482515 0.00712811 -0.00588947 -0.0419437 0.00664595 0.0109596 -0.0080763 0.00957187 0.00446687 0.00531258 -0.0406737 0.0219419 -0.0143861 0.00808245 0.0183054 -0.0202618 0.00666292
internal_weight=822.803 796.556 770.528 762.122 739.047 8.40602 6.11217 728.786 685.13 49.4927 635.637 29.5087 19.9845 11.1914 624.446 98.6975 25.4625 73.235 70.1112 34.0875 525.748 329.84 326.71 9.31984 19.9839 8.5185 26.4574 22.9475 9.33507 317.39
internal_count=7292 7252 6815 6697 6664 118 99 6065 5974 575 5399 454 387 162 5237 1789 705 1084 1035 884 3448 2384 2287 81 121 80 675 442 352 2206
is_linear=0
shrinkage=0.05


Tree=110
num_leaves=31
num_cat=0
split_feature=14 14 13 11 11 14 12 6 1 14 1 1 12 1 1 1 14 12 11 14 1 13 12 12 3 12 12 1 1 1
split_gain=7.91459 9.93403 24.3699 7.55368 20.5076 11.8529 39.5476 8.88289 21.2458 14.1307 9.68372 17.5914 12.4121 7.93917 17.3792 10.6059 11.5638 10.0178 10.1388 9.05876 14.4559 7.88708 6.91301 9.69558 6.66556 24.9893 15.5076 10.6983 7.1517 12.9811
threshold=478.50000000000006 195.50000000000003 9.0000000000000018 0.049891774891774911 0.042705167173252283 5.5000000000000009 1.6882929624056546 1.0000000180025095e-35 1.0000000180025095e-35 6.5000000000000009 0.42195227742195135 0.50461918115615856 1.2292338930939912 0.15261668711900714 0.18771057575941089 0.14208731055259707 5.5000000000000009 0.91900249960484637 0.10903532608695653 39.500000000000007 0.18878214061260226 40.500000000000007 2.1576065010327148 2.5839279248542426 0.45357142857142863 1.0224921205566442 1.5257085928350347 0.0043633040040731439 0.0091859051026403921 0.049253420904278762
decision_type=2 2 2 2 2 2 2 2 2 2 2 2 2 2 2 2 2 2 2 2 2 2 2 2 2 2 2 2 2 2
left_child=1 3 -3 4 5 6 21 9 -9 -7 -11 -12 -13 15 -15 16 -5 18 19 20 -16 24 -19 -24 25 -1 -27 -26 -29 -30
right_child=-2 2 -4 13 -6 7 -8 8 -10 10 11 12 -14 14 17 -17 -18 22 -20 -21 -22 -23 23 -25 27 26 -28 28 29 -31
leaf_value=-0.053028074375657708 0.044712526219878292 -0.11139723053770406 0.026402242260983255 -0.069032658080127846 -0.086871025745631658 -0.072415356971377673 -0.073041319565169696 0.088381468196856397 0.017609378480859448 0.015071709049143451 -0.076919739828843273 0.039249916073688336 -0.046613149418892282 -0.078316484064782352 0.043077788125936947 0.055150385292388929 0.025397210501584722 0.030988268317943518 -0.082698523845406061 0.032509896787834981 -0.077119614462332065 -0.077069097239133771 -0.070437470024586543 0.014111623657385788 -0.067936235142233126 0.047271265183272571 -0.079979922051214125 0.058667857922682143 -0.08533649434103413 0.017061127804301444
leaf_weight=17.447426108177751 18.800582331605256 5.5084939059161098 7.6842444688081741 3.6118350459728381 5.427258014373364 4.8968666264554477 16.967746354515839 13.241159143624825 53.254088311834494 383.12215348465543 8.2172257111524249 12.645592906410458 6.3087123089499064 4.9106870111427261 4.063804700970655 33.04336450714618 31.668587314459728 85.360642120154807 4.0868977351055937 12.049430069804655 6.5065361416782252 2.7144703345838925 3.9080861911352285 25.614691143855453 3.7658396820770568 16.854747362434868 2.7905968378763637 9.7417910725343955 3.1971566895954302 96.939139585214434
leaf_count=275 24 68 8 146 104 71 1077 14 445 2206 222 46 173 178 2 47 213 377 94 40 129 49 74 290 81 105 73 7 76 539
internal_value=0.0126102 0.0119286 -0.0311345 0.0125799 0.00992047 0.010726 -0.000607024 0.0147356 0.0317022 0.0120183 0.0130261 -0.0158179 0.0106714 0.0207198 0.0141556 0.0347948 0.0157299 0.0173627 -0.0102213 0.00287376 -0.0309093 0.00740234 0.0237751 0.00291941 0.00892351 -0.00948028 0.0291954 0.0149304 0.0177705 0.0137918
internal_weight=904.35 885.549 13.1927 872.357 657.532 652.105 170.419 481.686 66.4952 415.191 410.294 27.1715 18.9543 214.825 146.501 68.3238 35.2804 141.59 26.7067 22.6198 10.5703 153.451 114.883 29.5228 150.737 37.0928 19.6453 113.644 109.878 100.136
internal_count=7253 7229 76 7153 5563 5459 2282 3177 459 2718 2647 441 219 1590 1184 406 359 1006 265 171 131 1205 741 364 1156 453 178 703 622 615
is_linear=0
shrinkage=0.05


Tree=111
num_leaves=31
num_cat=0
split_feature=0 13 14 12 13 14 0 0 11 10 9 13 0 14 12 14 12 12 14 14 12 14 14 14 0 0 14 0 0 0
split_gain=9.48481 8.59197 21.0001 17.1974 12.7397 19.117 22.2873 10.5675 9.95208 10.5982 11.1866 8.33285 42.6775 10.8037 10.3741 8.01429 7.60695 18.1374 6.03388 9.82842 5.72619 5.35629 5.00522 15.0073 6.46719 22.7235 7.76505 6.84181 13.8414 4.55543
threshold=64.371183887988437 9.0000000000000018 195.50000000000003 0.76342292446103932 6.5000000000000009 37.500000000000007 2.7580659675969876 29.71492326368347 0.018019480519480525 0.17500000000000004 0.55000000000000016 1.5000000000000002 0.53722337141813037 5.5000000000000009 3.3703496293710251 7.5000000000000009 3.3370315807935782 2.2231115249540623 50.500000000000007 14.500000000000002 0.88735563278993945 277.50000000000006 120.50000000000001 73.500000000000014 0.61223959779835269 6.9458976486581685 2.5000000000000004 1.9078340360664081 3.108535574603692 2.7580659675969876
decision_type=2 2 2 2 2 2 2 2 2 2 2 2 2 2 2 2 2 2 2 2 2 2 2 2 2 2 2 2 2 2
left_child=1 2 3 -1 8 6 -6 -4 9 11 20 12 -5 -14 16 -15 17 22 19 -17 -11 -3 23 24 26 27 -13 -26 -29 -10
right_child=-2 21 7 4 5 -7 -8 -9 29 10 -12 14 13 15 -16 18 -18 -19 -20 -21 -22 -23 -24 -25 25 -27 -28 28 -30 -31
leaf_value=-0.054118168890348053 0.058202402882275441 0.016089041567034411 -0.10861119592905276 -0.072503715668148769 -0.068952532112258422 -0.11477211752828793 0.030145440605428522 0.0045461242941601809 0.029591085332557911 0.0093046524673064072 0.050493161631740696 -0.055314833108034492 -0.064543221142939949 0.041972964688515746 -0.062112665146897943 -0.093370789997416881 0.063232039703404963 -0.061150260743605668 0.025572275666748929 0.0049817265694183316 -0.063233322987241589 0.051705681162662866 0.047905524064750141 -0.10895437327329663 -0.086446109545362401 0.040177348257175727 0.026050687408354818 0.025151905740204435 -0.074888973730695571 0.013145150041535481
leaf_weight=10.70022578773205 11.03441009391099 380.99947252287529 5.816156436907475 17.853490683293785 8.7114791767671758 4.6551578820217392 16.270669393241405 3.1975185759365559 87.353594452870311 3.4848199061816585 3.5813150731846681 3.0185488806455387 3.8627141742763333 25.82808039576048 4.2774468252246143 3.4946982567198601 8.3628364661708456 7.588794639450497 14.058386822231112 9.2992393763270211 12.407217057116211 10.856759384274481 12.839704962447284 2.3886950411833814 5.3126802518672802 17.811840950278565 102.58514602266951 7.6971115782798716 6.2772140226443298 81.29164882141049
leaf_count=907 7 812 72 470 99 37 20 10 1074 29 6 266 191 48 300 42 2 467 21 38 836 7 9 15 174 49 584 72 98 491
internal_value=0.0121333 0.0115569 0.00714356 0.00856048 0.0099865 -0.0217454 -0.00441083 -0.0684697 0.0121206 0.00620436 -0.0293371 0.00894478 -0.00510973 0.0161699 0.0148137 0.0220881 0.0167061 0.0143554 0.0029617 -0.0218835 -0.0473271 0.0170758 0.0179835 0.0153356 0.0174161 -0.000542472 0.023725 -0.0381478 -0.0197861 0.0216637
internal_weight=892.917 881.883 490.026 481.013 470.313 29.6373 24.9821 9.01368 440.675 272.03 19.4734 252.557 74.3966 56.5431 178.16 52.6804 173.883 165.52 26.8523 12.7939 15.892 391.856 157.931 145.091 142.703 37.0988 105.604 19.287 13.9743 168.645
internal_count=7253 7246 6427 6345 5438 156 119 82 5282 3717 871 2846 810 340 2036 149 1736 1734 101 80 865 819 1267 1258 1243 393 850 344 170 1565
is_linear=0
shrinkage=0.05


Tree=112
num_leaves=31
num_cat=0
split_feature=0 13 14 12 0 11 13 0 1 12 1 14 12 12 1 13 0 12 12 0 0 0 14 12 13 0 0 14 13 14
split_gain=8.84263 7.67306 19.2772 16.1867 11.8247 11.6141 13.2679 9.88635 8.82494 7.46242 16.8445 12.8608 20.7239 12.2788 8.17599 12.7041 13.206 31.8929 8.01486 7.48438 6.78986 18.6298 6.71857 5.46369 10.4109 5.30007 10.4776 17.4352 7.70491 8.42793
threshold=64.371183887988437 9.0000000000000018 195.50000000000003 0.76342292446103932 20.295735126050783 0.014599317988064794 6.5000000000000009 29.71492326368347 0.44125390052795416 1.1836087162752891 0.29500409960746771 5.5000000000000009 1.6882929624056546 1.5126576166751728 0.40255182981491094 4.5000000000000009 6.125991563620679 1.8592399146080612 3.4514933084675818 0.63505854554308561 3.066815318185641 2.7580659675969876 50.500000000000007 1.6725182684501305 2.5000000000000004 15.538787777514528 4.1998583735178148 39.500000000000007 40.500000000000007 22.500000000000004
decision_type=2 2 2 2 2 2 2 2 2 2 2 2 2 2 2 2 2 2 2 2 2 2 2 2 2 2 2 2 2 2
left_child=1 2 3 -1 5 6 8 -4 9 10 19 12 23 -13 15 16 17 -15 -18 -5 21 -8 -21 24 -11 26 28 -28 -3 -30
right_child=-2 25 7 4 -6 -7 20 -9 -10 11 -12 13 -14 14 -16 -17 18 -19 -20 22 -22 -23 -24 -25 -26 -27 27 -29 29 -31
leaf_value=-0.054049594569904984 0.056735577029375053 0.01889895507061554 -0.10563322794585006 0.031337309824923228 -0.072322300774628187 0.020383004581319461 -0.072173578199931643 0.0043265627893167421 -0.069131700747758137 0.036501930401336424 -0.078907569658518265 -0.058647688424815193 -0.074648758649614719 0.012190602405232504 0.045126543140103718 0.035628606109610141 -0.0047782419405247682 -0.064710051867538324 0.04207172938868467 -0.060840785156290648 -0.11185408413128142 0.051243374645685451 0.01547317019268611 0.048874531711796398 -0.072205733611320766 0.03821623398014045 -0.070430668711450137 0.022438865082510171 -0.065072012482344829 0.0057632797636273415
leaf_weight=10.190958255872827 10.760708652436731 319.11256792303175 5.684497539943548 69.1171214809292 4.3572634633164844 178.8169793025736 8.0700870133005065 3.1919410936534405 3.7789008866093345 4.8128189461131132 4.1114145754254414 6.6284854324767357 13.223525267778312 35.122622707349365 15.58798111254873 28.976771683199331 16.552915452048182 21.882797366110026 20.354088156134821 4.336368753865826 2.7529733702540389 4.9230691194534293 8.6116240709088725 5.8887628340162328 4.0607410734664882 25.87831462174654 9.3159943895880151 11.046304382383822 5.4812538956757662 17.952202934771776
leaf_count=907 7 544 72 270 120 1595 95 10 188 121 78 252 1004 169 61 188 106 737 33 138 16 3 16 13 235 20 94 16 107 38
internal_value=0.0116881 0.0111308 0.00690893 0.00828132 0.00965634 0.0104369 0.00405754 -0.066092 0.00672624 0.00783189 0.0198539 0.00184651 -0.0291876 0.00783191 0.0110141 0.00668707 -0.00224287 -0.0173294 0.0210594 0.0248018 -0.0405245 -0.0254113 -0.0100849 0.0115347 -0.0132451 0.0163544 0.0147955 -0.0200501 0.0168669 -0.0108056
internal_weight=880.582 869.821 481.035 472.158 461.967 457.61 278.793 8.87644 263.047 259.268 86.1765 173.092 27.9858 145.106 138.477 122.889 93.9124 57.0054 36.907 82.0651 15.7461 12.9932 12.948 14.7623 8.87356 388.787 362.908 20.3623 342.546 23.4335
internal_count=7253 7246 6427 6345 5438 5318 3723 82 3609 3421 502 2919 1373 1546 1294 1233 1045 906 139 424 114 98 154 369 356 819 799 110 689 145
is_linear=0
shrinkage=0.05


Tree=113
num_leaves=31
num_cat=0
split_feature=0 13 11 10 0 9 0 1 0 0 13 0 0 0 13 1 0 1 10 3 11 11 3 3 11 11 1 1 3 13
split_gain=8.24406 6.92437 12.4786 15.1957 12.6084 11.0839 8.88949 6.73373 6.29827 16.8932 9.72359 32.1386 6.84849 19.5972 11.1098 8.84967 8.94469 5.95038 8.35453 5.8694 5.49666 12.6529 6.68865 11.3904 6.23491 17.7251 7.11101 8.26608 6.49968 5.76739
threshold=64.371183887988437 9.0000000000000018 0.014599317988064794 0.17500000000000004 13.890772499340597 0.55000000000000016 20.295735126050783 0.44125390052795416 5.7365156710377851 4.1998583735178148 1.5000000000000002 0.53722337141813037 0.61223959779835269 2.1060495699636372 6.5000000000000009 1.0000000180025095e-35 2.1282003211443978 0.24120394140481952 0.12500000000000003 0.78250000000000031 0.02793383270911361 0.035149493451939719 0.12009433962264153 0.09019230769230771 0.11938296445338702 0.066987179487179499 0.41865955293178564 0.3486799448728562 0.36022727272727278 2.5000000000000004
decision_type=2 2 2 2 2 2 2 2 2 2 2 2 2 2 2 2 2 2 2 2 2 2 2 2 2 2 2 2 2 2
left_child=1 2 3 4 7 -5 19 8 9 10 11 -1 14 -14 -12 -15 -17 -10 -19 20 -4 -22 23 29 25 26 27 28 -24 -23
right_child=-2 -3 6 5 -6 -7 -8 -9 17 -11 12 -13 13 15 -16 16 -18 18 -20 -21 21 22 24 -25 -26 -27 -28 -29 -30 -31
leaf_value=-0.071666995205902001 0.055323130615225202 0.015710610135381074 0.039638760051861899 -0.047742820152484759 -0.082898921532825826 0.049918072455942694 -0.077920139848471834 -0.073558804431489669 0.028935392873113683 -0.079492047858337966 0.0188748651759457 0.015493280563351589 -0.077813277349969553 0.036132722422056472 -0.064109175824321935 0.040855334445238783 -0.066755966788231133 -0.075878034373107792 0.038036047123356731 -0.057361083266527738 -0.074882996626071049 0.022514921243166439 0.024943349546859058 -0.07220573479381652 0.035614301032305347 -0.0734773813104143 0.041326856111782544 -0.080064689996290198 -0.064204160450949996 -0.022664772194493612
leaf_weight=16.370881131246279 10.490580987185238 384.55486258491874 27.90275853498315 23.471376820707523 4.1205472451401866 3.3157272569369516 2.438680858234874 2.6819341251393771 42.706192863523029 6.1317044020688618 119.22556985699339 29.879482542412006 7.9690453746588927 14.910453723627144 4.1744686318561426 3.0148877486353722 5.3714164409320801 3.4374478065874419 3.0268672751262784 2.53492162124894 3.7771484364639027 25.89865923213074 15.463325460033962 4.7540750143234609 57.132243467960507 5.4767112052650182 22.653196051716805 2.7442442230822044 2.356166726909577 9.7128281698096526
leaf_count=464 7 819 200 1054 68 6 55 48 157 111 1695 222 337 26 49 5 189 43 5 142 85 191 111 162 258 233 98 43 115 255
internal_value=0.0112677 0.0107285 0.0066751 0.00022201 0.0038758 -0.0356543 0.0169032 0.00525687 0.00608186 0.0022616 0.00475662 -0.0153582 0.0107716 -0.0101306 0.0160676 0.0130214 -0.0280696 0.0221682 -0.0225386 0.018185 0.0192616 0.0154703 0.0178048 0.000487935 0.02441 0.011264 0.0220029 0.000715549 0.0131559 0.0101924
internal_weight=867.698 857.208 472.653 289.808 263.021 26.7871 182.845 258.9 256.218 207.048 200.916 46.2504 154.666 31.2658 123.4 23.2968 8.3863 49.1705 6.46432 180.406 177.871 149.969 146.191 40.3656 105.826 48.6936 43.2169 20.5637 17.8195 35.6115
internal_count=7253 7246 6427 4479 3419 1060 1948 3351 3303 3098 2987 686 2301 557 1744 220 194 205 48 1893 1751 1551 1466 608 858 600 367 269 226 446
is_linear=0
shrinkage=0.05


Tree=114
num_leaves=31
num_cat=0
split_feature=0 13 14 12 0 0 13 0 13 3 3 12 14 12 12 10 14 0 14 0 14 1 1 0 3 14 14 12 12 14
split_gain=7.69473 6.17074 16.5481 15.0854 10.3745 9.63168 9.3663 15.1651 7.54165 9.57569 12.8213 10.378 14.7432 17.6469 8.35779 7.73405 7.55399 6.05203 24.8355 15.4238 6.99531 10.5596 6.4423 11.519 6.27724 9.33286 5.40735 4.78436 6.80733 11.9185
threshold=64.371183887988437 9.0000000000000018 195.50000000000003 0.76342292446103932 20.295735126050783 29.71492326368347 6.5000000000000009 2.7580659675969876 5.5000000000000009 0.11972222222222224 0.072543103448275872 1.1836087162752891 6.5000000000000009 1.5380943981363364 1.5126576166751728 0.17500000000000004 9.5000000000000018 2.8578925714594918 12.500000000000002 1.0000000180025095e-35 11.500000000000002 0.20449486374855044 0.015745282173156742 6.125991563620679 0.047100840336134465 7.5000000000000009 277.50000000000006 1.0224921205566442 0.88609846275665027 108.00000000000001
decision_type=2 2 2 2 2 2 2 2 2 2 2 2 2 2 2 2 2 2 2 2 2 2 2 2 2 2 2 2 2 2
left_child=1 2 3 -1 6 -4 8 -8 9 10 11 27 13 -13 -14 17 -12 18 19 20 21 -16 -19 -24 25 -25 -3 28 -5 -30
right_child=-2 26 5 4 -6 -7 7 -9 -10 -11 16 12 14 -15 15 -17 -18 22 -20 -21 -22 -23 23 24 -26 -27 -28 -29 29 -31
leaf_value=-0.054067348770600779 0.053958502160663217 0.014056662317852658 -0.1019391539678231 0.0253095851913205 -0.071062648742509213 0.0067854588151982156 -0.069622057686995684 0.0086106319663882061 0.03901928248555267 0.018080422763465817 0.015535935389292205 0.031238052740608525 -0.059432447681510917 -0.084807495706289093 -0.067538094215746233 -0.067903511053486285 -0.064526585454879964 0.033246963421342715 -0.069341801438124281 -0.074714182159916889 0.048003286101440217 0.032063027686453825 -0.081488747749519794 0.051278867249535842 0.043039941231531931 -0.068943934494088754 0.051382428481115842 0.037365392159470538 -0.065581635092173171 0.04567677349662766
leaf_weight=9.6574994686961855 10.224898350425063 371.96774921054021 5.5046666944253939 21.697851137025285 4.0002678076270959 3.2335335314273834 9.4834836246445793 17.861405931413174 23.796616336330771 189.83968875771825 4.067930582445114 4.7728338239248833 4.9430904528126112 10.446498673933091 3.9749436909332898 3.3278090754174618 10.683948955964295 35.91784692555666 11.010504267789655 4.0660958284861399 18.738776537007652 8.0507728508382552 3.7273638835176852 2.7009848840534678 9.1817944212816638 4.0123114791931584 9.9629127904772741 29.405097916489467 6.4510133439907786 3.8399254232645035
leaf_count=907 7 812 72 75 120 10 119 35 25 3222 51 35 128 232 110 113 410 38 288 77 22 52 60 2 16 63 7 45 97 3
internal_value=0.0108434 0.0103225 0.00645065 0.0077577 0.00909644 -0.0617061 0.00982191 -0.0185213 0.011691 0.0100272 0.00242179 0.00597546 -0.00229998 -0.0484152 0.00410065 0.00709991 -0.0424488 0.00956187 -0.00388491 0.0168071 0.0289033 -0.000858824 0.0206604 -0.00237867 0.0161725 -0.0205743 0.0150303 0.0228072 0.0094249 -0.0240671
internal_weight=856.55 846.325 464.395 455.656 445.999 8.7382 441.999 27.3449 414.654 390.857 201.017 186.266 124.872 15.2193 109.652 104.709 14.7519 101.381 45.8411 34.8306 30.7645 12.0257 55.5403 19.6225 15.8951 6.7133 381.931 61.3939 31.9888 10.2909
internal_count=7253 7246 6427 6345 5438 82 5318 154 5164 5139 1917 1456 1236 267 969 841 461 728 549 261 184 162 179 141 81 65 819 220 175 100
is_linear=0
shrinkage=0.05


Tree=115
num_leaves=31
num_cat=0
split_feature=14 14 14 0 11 1 13 13 0 11 0 0 14 11 1 1 0 13 14 0 14 11 0 14 0 1 10 1 1 13
split_gain=12.9779 29.7699 11.2801 9.31506 21.1563 18.9238 13.4726 11.7212 9.53919 9.39355 8.32556 12.9839 10.9525 9.07567 11.0672 7.39782 7.1674 7.03871 6.89631 6.82341 6.17108 6.10817 6.35466 6.02775 5.91811 5.34927 5.00276 13.4336 9.90452 8.67206
threshold=236.50000000000003 174.00000000000003 18.500000000000004 8.2014539870942702 0.01526806526806527 0.36667957901954656 3.5000000000000004 2.5000000000000004 34.579682013638923 0.14530791788856307 2.9438874179358376 2.7087705369925517 7.5000000000000009 0.22902097902097904 0.31191062927246099 0.43019366264343267 2.3138827358238676 1.5000000000000002 3.5000000000000004 2.5886835090271894 51.500000000000007 0.10435606060606063 6.9977672544038709 34.500000000000007 4.4828016547082781 0.31689214706420904 0.17500000000000004 0.25083893537521368 0.015745282173156742 2.5000000000000004
decision_type=2 2 2 2 2 2 2 2 2 2 2 2 2 2 2 2 2 2 2 2 2 2 2 2 2 2 2 2 2 2
left_child=1 2 10 4 6 7 16 -5 20 21 11 19 18 14 -14 -11 -4 -16 -12 26 -9 22 -6 -23 -20 -19 29 28 -28 -1
right_child=-2 -3 3 5 9 -7 -8 8 -10 15 12 -13 13 -15 17 -17 -18 25 24 -21 -22 23 -24 -25 -26 -27 27 -29 -30 -31
leaf_value=0.023687258462634239 0.035392593845395379 -0.1582966032808302 -0.065383523258354351 0.010513355789857732 -0.056983048099258339 0.032119782494475994 0.012017849128468169 -0.040331218304529695 0.02447417397006724 -0.069795773319538998 -0.057482249313474933 0.044108933032801417 -0.067799881677495538 0.025832193221341244 0.036211362169710513 0.036721196326384903 -0.010000465183797028 0.037108625705940708 -0.023158467110575079 -0.068813120028298466 -0.11909703628388878 -0.068752260549768685 0.010411796015173629 -0.19347015690764011 0.031092614794112586 -0.066007622018869269 -0.034624391859782548 -0.074181025579637724 0.034381598464323163 0.0059081192424601968
leaf_weight=91.075595023168717 44.875739529015846 2.6903642586257766 8.9677997055041505 14.853003635420466 19.769836786392268 47.840040834620595 84.5332646500392 5.2025706849526596 2.942786891013383 2.2809135523275463 3.021551299665588 34.386044865881559 14.285334253916519 7.0971626564860335 5.9143647029995901 5.7126609080005437 16.758943413617089 1.7016044007614253 6.1296229080762705 2.5825911242573047 4.7636149197351187 3.0088914607767938 4.2494868371868497 1.4288823569077065 27.944834627152886 4.8212333717383444 5.6424741108203298 3.301179672649595 66.304560248594498 277.764901225637
leaf_count=1287 75 39 366 107 651 114 445 52 6 52 194 51 304 11 14 21 89 4 92 47 36 49 27 35 104 73 53 142 330 2352
internal_value=0.00924847 0.00773847 0.00831538 -0.001194 -0.00854112 0.0130635 0.00237588 -0.0197746 -0.0546237 -0.041564 0.0121454 0.0145031 -0.00384817 -0.0244276 -0.037776 0.00632728 -0.0293058 -0.00329067 0.0149137 0.012224 -0.0779795 -0.0550167 -0.0450596 -0.108909 0.0213334 -0.0391078 0.0126952 0.0244445 0.0289698 0.0102982
internal_weight=821.852 776.976 774.286 222.313 146.711 75.602 110.26 27.762 12.909 36.4507 551.973 481.057 70.9157 33.8197 26.7225 7.99357 25.7267 12.4372 37.096 446.671 9.96619 28.4571 24.0193 4.43777 34.0745 6.52284 444.089 75.2482 71.947 368.84
internal_count=7222 7147 7108 2050 1735 315 900 201 94 835 5058 4262 796 406 395 73 455 91 390 4211 88 762 678 84 196 77 4164 525 383 3639
is_linear=0
shrinkage=0.05


Tree=116
num_leaves=31
num_cat=0
split_feature=12 12 3 14 1 14 3 1 1 3 1 1 14 14 13 14 10 0 3 12 1 12 1 1 3 1 1 1 1 12
split_gain=16.4162 10.6699 11.6704 9.43537 19.6094 12.581 10.4853 13.2055 12.6162 11.8414 12.585 12.8274 10.4322 25.6292 9.77403 8.97613 8.81603 8.8728 8.59214 6.69982 6.6276 6.59925 17.5772 9.77666 11.8134 9.73578 9.51239 13.5785 6.4529 6.41555
threshold=3.3370315807935782 3.4654884253890437 0.16015151515151518 3.5000000000000004 0.2170587703585625 5.5000000000000009 1.0950000000000004 0.080549564212560668 0.078742533922195448 0.55000000000000016 0.20080568641424182 0.18085987120866778 236.50000000000003 170.00000000000003 15.500000000000002 5.5000000000000009 1.0000000180025095e-35 1.0000000180025095e-35 0.39125000000000004 3.1879342431761795 0.49758999049663549 1.7990871646976954 0.01205264311283827 0.015745282173156742 0.53865384615384626 0.1479025483131409 0.098070491105318083 0.097205407917499556 0.015745282173156742 4.6853219471441836
decision_type=2 2 2 2 2 2 2 2 2 2 2 2 2 2 2 2 2 2 2 2 2 2 2 2 2 2 2 2 2 2
left_child=3 15 29 4 6 14 9 8 28 10 11 16 13 19 20 -2 17 21 -4 -7 -5 22 -1 -24 -25 26 27 -26 -8 -3
right_child=1 2 18 5 -6 12 7 -9 -10 -11 -12 -13 -14 -15 -16 -17 -18 -19 -20 -21 -22 -23 23 24 25 -27 -28 -29 -30 -31
leaf_value=-0.076072950241734341 0.080041909132392258 -0.062669285105286021 0.037747513075270106 -0.048090127919542057 -0.068603181710073929 0.0045295396710078187 -0.0021107609633169671 -0.089986837225605965 0.05927466366763981 0.048004360086793998 0.052837451147998461 -0.10619442447238935 0.031962628302567221 -0.15054520383622644 0.034584344217850088 0.029455694065167227 0.041599681947086978 -0.06723462165112544 -0.054634352480443009 -0.06621669734244677 0.050690922649035845 0.041200360205498068 0.058586955385322895 -0.085822762671060274 -0.067589260244450486 0.036401104192237979 -0.081625115317640329 0.0560541724716523 -0.095414969028047567 0.0025029786687921496
leaf_weight=6.6939168332028194 14.735600002022691 5.7115209306648493 33.442925627328805 23.364792734151713 6.4784769909092565 484.546089234791 5.6446429215429834 4.4470457923453059 6.6912889413069925 39.693659698648844 18.861276024195831 2.4027904131216919 33.66872449463699 2.6960404597921288 5.1662280296441159 21.658435206190916 18.315301357302815 4.2850688880571388 2.7217483862114014 3.3698180359206154 1.8311210037209082 11.548814278226926 8.6345964558422548 3.6639817648101589 3.6612270823097806 15.617079416057093 4.4290730975917532 5.6427511759102345 2.758736350457184 11.143840494056347
leaf_count=120 87 342 218 689 173 3598 33 115 4 135 39 48 57 34 23 136 109 272 312 93 3 169 3 60 66 24 45 4 43 168
internal_value=0.00887766 0.0290902 0.0147801 0.0063818 0.0167072 0.00322689 0.0200981 -0.0142613 0.00804818 0.0247787 0.0158934 0.0076854 0.00503909 0.00319144 -0.0280653 0.0499376 0.0110025 0.00227032 0.0307949 0.00404093 -0.0409112 0.00724321 -0.000868982 0.011218 -0.00117094 0.00939674 -0.0213123 0.007399 -0.0327415 -0.019581
internal_weight=813.527 89.4141 53.02 724.113 169.47 554.643 162.991 19.5417 15.0947 143.45 103.756 84.8946 524.281 490.612 30.3621 36.394 82.4918 64.1765 36.1647 487.916 25.1959 59.8914 48.3426 41.6487 33.0141 29.3501 13.7331 9.30398 8.40338 16.8554
internal_count=7222 1263 1040 5959 1462 4497 1289 195 80 1094 959 920 3782 3725 715 223 872 763 530 3691 692 491 322 202 199 139 115 70 76 510
is_linear=0
shrinkage=0.05


Tree=117
num_leaves=31
num_cat=0
split_feature=12 9 12 3 3 3 0 1 0 1 0 3 10 1 1 6 1 1 3 1 2 12 12 12 10 12 1 0 12 3
split_gain=15.0593 20.9434 9.45121 10.7866 8.80043 25.4605 19.3781 16.2335 13.1386 8.10027 10.1469 7.98853 7.62639 6.99028 9.45398 7.59331 8.04411 7.18826 19.0471 14.3191 7.14691 6.12293 7.4242 6.1223 12.442 6.85405 5.88109 5.73229 5.7747 5.72188
threshold=3.3370315807935782 1.0000000180025095e-35 3.4654884253890437 0.16015151515151518 0.13159663865546223 0.075192307692307711 5.303411260527187 0.01205264311283827 33.031562964630126 0.3696900755167008 10.446097521339617 0.39125000000000004 0.12500000000000003 0.051598073914647109 0.072356902062892928 0.80000000000000016 0.015745282173156742 0.080549564212560668 1.0608536585365858 0.097205407917499556 1.3500000000000003 4.6853219471441836 4.9695392937802128 2.4422480388209387 0.12500000000000003 2.2125124158710308 0.49758999049663549 7.7781745930520216 3.4230000000000005 0.12745215311004787
decision_type=2 2 2 2 2 2 2 2 2 2 2 2 2 2 2 2 2 2 2 2 2 2 2 2 2 2 2 2 2 2
left_child=1 4 27 21 5 9 -7 8 -6 23 -11 -5 -8 15 20 -9 -17 -16 19 -19 -15 -4 -23 25 -25 -1 -3 -2 -29 -14
right_child=2 26 3 11 7 6 12 13 -10 10 -12 -13 29 14 17 16 -18 18 -20 -21 -22 22 -24 24 -26 -27 -28 28 -30 -31
leaf_value=0.0076083110243279368 0.054876028233836249 -0.072485963818073415 -0.062212482353877233 0.036649830433600497 -0.081527163392799737 -0.064499597884666693 0.022766136134459228 0.047754682839380697 0.052653646033831436 -0.06689072579420384 0.04085481012183656 -0.054434806495363287 -0.079689648721278428 -0.072592855491801569 0.049834774961225764 0.032712266158480718 -0.081687036128564594 -0.071035990822521877 -0.084594684287096433 0.016044901776053954 0.023983573716059105 0.02643886463260019 -0.066901504691620067 -0.070048476055687633 0.014654355177408374 0.034997145475364054 0.012223818277235819 0.052303146511473469 -0.063691824714814813 0.028079676078751944
leaf_weight=283.94165481402888 31.981584054068662 10.68220699932135 5.4718542866903617 32.740496753962361 7.6067899499903415 23.617553572970792 13.883782302960755 28.142177839792566 2.3999392986297607 7.6349944301182386 3.0612481394782662 2.5982585650781393 3.9221735893515861 5.5526760148495651 13.555487898556747 3.8909885471803127 2.5395669448480476 4.8125086816435205 4.9559952622803385 247.52938033154351 2.9246365072904155 8.2649517961544898 2.8701482361793742 7.3774918608833131 10.5142345164204 24.840691611345392 2.5352249253483015 2.1109571456909171 2.1821361163747497 1.79547443985939
leaf_count=1389 160 188 342 218 238 651 35 94 1 103 4 312 62 144 57 12 111 133 166 2168 11 27 141 229 63 74 23 1 62 3
internal_value=0.00851515 0.00611891 0.0280097 0.0143338 0.00728881 0.00213338 -0.0339986 0.0133464 -0.0493462 0.00676208 -0.0360541 0.0299529 0.00275183 0.0153449 0.0127199 0.0365535 -0.0124665 0.0143473 0.0124776 0.0143841 -0.0392744 -0.0189029 0.00237975 0.008164 -0.0202721 0.00981167 -0.0562378 0.0475937 -0.00665593 -0.0458476
internal_weight=805.937 717.717 88.2204 51.9457 704.499 380.589 43.219 323.91 10.0067 337.37 10.6962 35.3388 19.6014 313.903 279.331 34.5727 6.43056 270.853 257.298 252.342 8.47731 16.607 11.1351 326.674 17.8917 308.782 13.2174 36.2747 4.29309 5.71765
internal_count=7222 5959 1263 1040 5748 2613 751 3135 239 1862 107 530 100 2896 2679 217 123 2524 2467 2301 155 510 168 1755 292 1463 211 223 63 65
is_linear=0
shrinkage=0.05


Tree=118
num_leaves=31
num_cat=0
split_feature=14 14 14 3 1 3 0 1 0 0 14 14 3 3 14 2 1 14 0 0 0 14 13 0 14 14 0 14 1 14
split_gain=11.2458 24.4077 9.79756 13.6046 10.2942 23.5518 17.6341 13.6884 7.38286 11.7093 9.62211 7.45781 6.94259 7.22315 7.15556 6.45572 6.45356 6.75757 6.13919 6.09846 5.61411 6.53415 5.21803 11.2556 6.36952 5.58078 13.884 11.5664 5.46326 5.18425
threshold=236.50000000000003 174.00000000000003 18.500000000000004 0.21408902691511392 0.36667957901954656 0.075192307692307711 4.5986663674866728 0.54401981830596935 2.9438874179358376 2.7087705369925517 7.5000000000000009 12.500000000000002 0.083431372549019625 0.11736453201970445 46.500000000000007 2.2500000000000004 0.29993516206741339 3.5000000000000004 2.5886835090271894 14.344860019962153 10.446097521339617 14.500000000000002 3.5000000000000004 2.3138827358238676 95.500000000000014 120.50000000000001 1.9078340360664081 48.500000000000007 0.34109726548194891 31.500000000000004
decision_type=2 2 2 2 2 2 2 2 2 2 2 2 2 2 2 2 2 2 2 2 2 2 2 2 2 2 2 2 2 2
left_child=1 2 8 4 5 22 7 -6 9 18 16 15 -7 14 -14 -12 17 -10 -1 -5 21 -13 23 -4 -25 26 29 28 -28 -24
right_child=-2 -3 3 19 6 12 -8 -9 10 -11 11 20 13 -15 -16 -17 -18 -19 -20 -21 -22 -23 25 24 -26 -27 27 -29 -30 -31
leaf_value=0.011445295618784403 0.033278425695934102 -0.14362659005801862 -0.066582466525604067 -0.052504737993802966 -0.06603560408022463 -0.20330451799049204 0.034197942293400167 0.046908717358162003 -0.057510440925639339 0.041926821138981774 -0.067590595492723587 0.0044617760577614898 -0.077602492709543003 -0.085326041511984155 0.012187390989204561 0.040969574580632773 -0.074896547748574002 0.025438862764442308 -0.067699564201743043 -0.0018762984886026091 0.028373724594259794 -0.070894867307640538 -0.0047227636781725759 0.014294598454831229 -0.047407335723629741 0.046498226903058104 -0.066798991050646031 -0.14560122832610609 0.031285346851456772 0.025818272592132641
leaf_weight=432.39274639454379 42.264821192729869 2.6879062262451034 7.4984985752089406 17.444140359970337 8.9148046324771695 0.77919968031347053 47.326887619681656 3.8374069095516452 2.6702209041977758 32.915409169509076 11.088446623412889 7.0111148331780004 3.5307891982956807 8.1529372638760815 5.9715643118834123 1.5624023154377944 1.9471968176076178 30.505568079999648 2.4641851941705673 9.0254486388294008 7.6868247888050965 4.8781213064212352 22.275629537383793 22.066606070147831 5.1608457788825026 9.6832266356796008 2.7418950754217786 2.4698734323028475 2.9440345615148544 36.932712013192941
leaf_count=4164 75 39 206 531 290 10 119 79 187 51 228 50 107 242 31 4 28 175 47 56 45 79 107 93 17 12 45 17 4 84
internal_value=0.00818032 0.00677452 0.00731219 -0.00165581 0.00301612 -0.00488349 0.0201367 -0.0320483 0.0109448 0.0131732 -0.00453287 -0.0242627 -0.0572456 -0.0507994 -0.0211758 -0.0541832 0.0135701 0.0187625 0.0109968 -0.0352417 -0.00492683 -0.0264569 0.00375246 -0.0123394 0.00259926 0.0110052 0.00590327 -0.0552573 -0.0160133 0.014328
internal_weight=796.831 754.567 751.879 216.757 190.287 130.208 60.0791 12.7522 535.122 467.772 67.3499 32.2269 18.4345 17.6553 9.50235 12.6508 35.123 33.1758 434.857 26.4696 19.5761 11.8892 111.773 34.726 27.2275 77.0474 67.3641 8.1558 5.68593 59.2083
internal_count=7222 7147 7108 2050 1463 975 488 369 5058 4262 796 406 390 380 138 232 390 362 4211 587 174 129 585 316 110 269 257 66 49 191
is_linear=0
shrinkage=0.05


Tree=119
num_leaves=31
num_cat=0
split_feature=12 9 12 3 3 3 0 1 0 14 1 0 3 14 1 1 6 1 13 1 3 1 12 14 12 12 14 1 0 14
split_gain=13.8109 18.998 8.59381 9.82082 7.93954 22.8981 17.3894 15.0917 11.9858 7.49731 7.34071 9.19881 7.24384 7.02263 6.34897 8.73847 6.98551 7.50562 6.84771 6.78863 17.6729 13.302 6.13387 9.36223 5.71203 6.91154 5.67801 20.1686 8.94323 9.4588
threshold=3.3370315807935782 1.0000000180025095e-35 3.4654884253890437 0.16015151515151518 0.13159663865546223 0.075192307692307711 5.303411260527187 0.01205264311283827 33.031562964630126 85.500000000000014 0.3696900755167008 10.446097521339617 0.39125000000000004 5.5000000000000009 0.051598073914647109 0.072356902062892928 0.80000000000000016 0.015745282173156742 35.500000000000007 0.080549564212560668 1.0608536585365858 0.097205407917499556 3.3703496293710251 7.5000000000000009 4.6853219471441836 4.9695392937802128 19.500000000000004 0.3840653002262116 9.0726705992596699 52.500000000000007
decision_type=2 2 2 2 2 2 2 2 2 2 2 2 2 2 2 2 2 2 2 2 2 2 2 2 2 2 2 2 2 2
left_child=1 4 13 24 5 10 9 8 -6 -7 -1 -12 -5 -2 16 18 -9 -18 -16 -17 21 -21 -15 -24 -4 -26 -23 -28 29 -29
right_child=2 -3 3 12 7 6 -8 14 -10 -11 11 -13 -14 22 15 19 17 -19 -20 20 -22 26 23 -25 25 -27 27 28 -30 -31
leaf_value=0.0074389816283016415 0.071733542378567425 -0.054935491592418478 -0.061961131289885285 0.035095172003856923 -0.080121063824453331 -0.072290928314375141 0.0023613247748550809 0.045944743389297854 0.052435135556455459 0.020925727789652963 -0.065814027002287695 0.039486538862322187 -0.054260102426939121 0.057739031072976323 -0.071434990114047497 0.04863386736091356 0.031648287467998179 -0.08059233575081709 0.024732105316106912 -0.070211308913642287 -0.083243595657439412 0.019381553113063214 0.03449887527134228 -0.060992088327268101 0.025292490547817653 -0.066846185239222825 -0.049245724936941009 0.012656270310134053 0.036522801477390496 -0.072032332451290038
leaf_weight=321.52569016910275 14.950829421810338 12.747845180711009 5.1923938330583033 31.540198398339271 7.3478687021270144 20.474802831464334 18.872077480424196 27.159013817756204 2.2207136154174805 2.4110479298979035 7.258006398304131 2.9037711974233389 2.4438792476648805 8.9403442796319723 5.4497664119116944 13.052921483787939 3.7642387547530225 2.4646957776712952 2.8033044207841158 4.6567277226131401 4.8125019005019558 185.16524770199612 7.6733294762670994 3.8570374508417444 8.0187763499561679 2.7276343448320395 14.66119025548687 12.318002872998479 26.737610558979213 4.5020919827511525
leaf_count=1755 87 211 342 218 238 642 100 94 1 9 103 4 312 4 148 57 12 111 7 133 166 1512 20 112 27 141 290 225 36 105
internal_value=0.0078524 0.0055475 0.0268467 0.013482 0.00666402 0.00172362 -0.0331704 0.012482 -0.0493569 -0.0624705 0.00611662 -0.0357239 0.0286694 0.0456828 0.014406 0.0118989 0.034992 -0.0127636 -0.0387701 0.0134716 0.0116564 0.0134977 0.0266566 0.00255607 -0.0189 0.00190602 0.0150993 0.00147951 0.0185532 -0.0100116
internal_weight=788.654 703.309 85.3444 49.9229 690.561 373.445 41.7579 317.116 9.56858 22.8859 331.687 10.1618 33.9841 35.4215 307.547 274.159 33.3879 6.22893 8.25307 265.906 252.853 248.041 20.4707 11.5304 15.9388 10.7464 243.384 58.2189 43.5577 16.8201
internal_count=7222 5959 1263 1040 5748 2613 751 3135 239 651 1862 107 530 223 2896 2679 217 123 155 2524 2467 2301 136 132 510 168 2168 656 366 330
is_linear=0
shrinkage=0.05


Tree=120
num_leaves=31
num_cat=0
split_feature=1 1 3 14 3 3 14 1 1 13 14 14 1 1 1 1 1 11 13 13 1 1 2 1 3 3 1 14 1 1
split_gain=10.4296 16.3718 14.5706 13.7516 10.1503 9.87082 12.7846 10.1068 11.1978 12.1502 9.726 9.42599 10.4173 14.7851 12.1569 10.7091 16.7343 9.63867 10.5985 8.20218 40.2339 34.1777 11.1347 9.15504 7.89846 6.82987 8.04274 30.8948 6.23858 7.25489
threshold=0.020389707759022716 0.046988107264041908 0.11972222222222224 123.50000000000001 1.0950000000000004 0.55000000000000016 3.5000000000000004 0.39234508574008947 0.27530562877655035 9.0000000000000018 3.5000000000000004 17.500000000000004 0.27530562877655035 0.41190794110298162 0.088539652526378645 0.098070491105318083 0.11056338250637056 0.014599317988064794 46.000000000000007 9.0000000000000018 0.18085987120866778 0.15140540152788165 1.0000000180025095e-35 0.17984239012002948 0.13503521126760568 0.13393736805066855 0.0043633040040731439 380.50000000000006 0.063579592853784575 0.061179427430033691
decision_type=2 2 2 2 2 2 2 2 2 2 2 2 2 2 2 2 2 2 2 2 2 2 2 2 2 2 2 2 2 2
left_child=2 -2 -1 4 5 11 -7 8 9 -8 -6 12 14 24 28 -16 -17 18 -13 22 21 -21 -18 -23 -14 -4 27 -27 29 -3
right_child=1 3 25 -5 10 6 7 -9 -10 -11 -12 17 13 -15 15 16 19 -19 -20 20 -22 23 -24 -25 -26 26 -28 -29 -30 -31
leaf_value=0.012922253608411389 -0.072674305459418553 -0.068185678105580724 0.070401118240220453 -0.1014502635195189 -0.078714757376475625 0.044348748583596068 -0.06452840771165437 -0.061081785871166111 0.033671461184052801 0.0085181948135927797 0.039744860748118227 -0.044719253233724429 -0.025481920239975638 0.016975569310508483 0.03882514573607166 -0.084216176489844086 0.017620589763353872 0.020945738899403786 0.029659809607066486 -0.073940891752537929 -0.09605531549363365 0.011192219658308111 -0.064110682924610182 0.062692261660344237 -0.080813631508531214 -0.081007373001615479 0.048448913196327971 0.058513990213829525 -0.068942234555309651 0.036815764604874596
leaf_weight=217.99584066076204 6.3916492045100304 2.6965692552548708 14.86726997757796 2.8636172684200565 6.180286713250096 41.223272810093476 6.8612973378913003 4.6763959087838876 38.966852206649492 33.425746433436871 2.4078061711043119 12.515960616401573 22.145878886964059 16.444753721778397 24.443111942862743 5.2785725747817187 102.72111723585112 123.25662139469932 7.7582515515387049 9.2149110413156432 10.780575653072445 19.2088567558676 4.3433899938245295 15.6684732735157 9.099785655300364 6.5175650786550277 25.944347594326246 10.141892046434803 8.017155886780527 4.2186859660650953
leaf_count=922 219 101 36 53 202 149 528 122 201 75 28 462 283 85 118 150 1465 905 11 75 86 41 183 3 141 255 73 8 246 17
internal_value=0.0109076 0.00687394 0.0188266 0.00782534 0.00841403 0.00929945 0.0215464 0.0103468 0.0145614 -0.00392239 -0.0455028 0.00544651 -0.000335905 -0.0213994 0.00452648 0.007912 0.00339321 0.0156907 -0.0162569 0.00624896 -0.00946933 0.011701 0.0143049 0.0343284 -0.0415964 0.0412228 0.0310406 0.00393 -0.038927 -0.00412902
internal_weight=816.277 540.81 275.467 534.418 531.554 522.966 125.154 83.9303 79.2539 40.287 8.58809 397.813 254.282 47.6904 206.591 191.659 167.216 143.531 20.2742 161.937 54.8728 44.0922 107.065 34.8773 31.2457 57.4711 42.6038 16.6595 14.9324 6.91526
internal_count=7243 5949 1294 5730 5677 5447 1075 926 804 603 230 4372 2994 509 2485 2121 2003 1378 473 1853 205 119 1648 44 424 372 336 263 364 118
is_linear=0
shrinkage=0.05


Tree=121
num_leaves=31
num_cat=0
split_feature=12 12 3 9 6 14 2 0 0 13 11 11 13 12 2 14 3 0 14 14 0 14 11 12 13 3 0 12 14 3
split_gain=7.13782 15.3693 11.9075 11.1465 11.0527 9.643 17.8468 6.66324 17.3928 6.31257 6.11017 22.9736 11.2744 9.62944 13.3344 18.2968 8.48394 6.21285 6.03243 9.03794 5.53723 5.50616 6.89074 5.2394 6.73699 11.1773 15.1817 7.47202 5.23377 4.95616
threshold=3.4514933084675818 2.8570268642970738 0.71467391304347838 0.15000000000000005 0.3000000000000001 7.5000000000000009 1.0000000180025095e-35 1.5970709543605501 1.0005857905995132 55.000000000000007 0.096464019851116647 0.037089947089947096 9.0000000000000018 1.6014684549625273 1.3500000000000003 33.500000000000007 0.81928571428571451 9.0726705992596699 79.500000000000014 97.500000000000014 5.5208165614046418 4.5000000000000009 0.049891774891774911 1.6289067424297814 1.5000000000000002 0.044907407407407417 10.877848490814401 2.1576065010327148 5.5000000000000009 0.059642857142857157
decision_type=2 2 2 2 2 2 2 2 2 2 2 2 2 2 2 2 2 2 2 2 2 2 2 2 2 2 2 2 2 2
left_child=1 3 -3 7 5 21 18 8 9 29 11 13 -13 14 15 16 -9 20 -7 -20 -17 22 -2 -15 -25 26 -26 -27 -23 -1
right_child=4 2 -4 -5 -6 6 -8 10 -10 -11 -12 12 -14 23 -16 17 -18 -19 19 -21 -22 28 -24 24 25 27 -28 -29 -30 -31
leaf_value=0.0012299539167131869 -0.061337762460203796 -0.052670924206018502 0.033178348581913687 -0.06890339949775913 -0.090079722865844078 -0.066101995293603541 0.037104127472382391 -0.065883228004221223 -0.067316929545235771 -0.076619293176031833 0.031118644182901462 -0.073826500793099381 0.0062950394356524652 0.04974760496705749 0.033948997103561245 -0.050955444333122171 0.018479396547400315 0.029627882751323033 0.047207049734235312 -0.070263130478455102 0.018088213248937082 0.079076417687939077 0.047071188898577275 0.035670565469480241 -0.090118254540564616 0.029221632278803672 0.035804776489730343 -0.04430735013437382 0.036220998973308688 0.012598214648959358
leaf_weight=145.16804324794794 2.4113006553961887 16.811155862058516 5.3165149836131596 4.4176422230375456 2.022394268136849 7.1390090261120331 24.055064153391868 15.244553469878158 7.7404100796047706 2.177070101723074 59.474582951224875 10.662808579334525 7.4643443953245869 21.126098673325032 25.254196574212983 5.7929269945016149 3.7042923965491346 20.00735649606213 4.0493819791445276 2.7489630326163024 5.822846251539886 13.657971205888318 3.7382320715114474 46.23823583079502 5.8324578674510104 32.738693327060901 4.059640496969223 3.8627611314877859 14.892681950324912 282.33711686829338
leaf_count=870 65 591 82 77 241 528 111 306 263 32 136 194 19 14 63 39 17 34 14 43 20 22 5 133 52 149 6 99 82 2936
internal_value=0.010495 0.00899098 -0.0320443 0.0102714 0.0252156 0.0284232 0.0110193 0.0107678 0.00696724 0.00830541 0.0169875 0.0129432 -0.0408343 0.0180825 0.00427777 -0.0105392 -0.0493913 0.0127413 -0.0340017 -0.00029292 -0.0163447 0.0474784 0.00456282 0.027276 0.0221566 0.00871676 -0.0384404 0.0214617 0.056722 0.00873789
internal_weight=805.969 731.254 22.1277 709.126 74.715 72.6926 37.9924 704.708 437.423 429.682 267.286 207.811 18.1272 189.684 75.8262 50.572 18.9488 31.6231 13.9374 6.79835 11.6158 34.7002 6.14953 113.858 92.7318 46.4936 9.8921 36.6015 28.5507 427.505
internal_count=7243 6132 673 5459 1111 870 696 5382 4101 3838 1281 1145 213 932 479 416 323 93 585 57 59 174 70 453 439 306 58 248 104 3806
is_linear=0
shrinkage=0.05


Tree=122
num_leaves=31
num_cat=0
split_feature=1 1 6 12 12 0 0 0 1 0 0 1 5 1 10 11 1 1 2 11 13 1 1 5 1 1 1 1 6 1
split_gain=9.26558 15.2909 13.5961 14.1862 15.7021 10.4838 10.0635 10.5179 7.33575 7.99664 10.2599 12.8592 10.8281 7.31583 20.0776 16.4768 10.0897 23.8404 9.04797 8.77628 15.4273 20.5165 14.8355 22.3752 15.4227 12.4313 25.0611 9.55303 18.0699 9.37447
threshold=0.020389707759022716 0.046988107264041908 1.0000000180025095e-35 3.4514933084675818 2.6817505102530386 25.197110882027118 0.41293818537966354 1.0000000180025095e-35 0.051598073914647109 0.61223959779835269 1.5970709543605501 0.43019366264343267 0.40000000000000008 0.097205407917499556 1.0000000180025095e-35 0.10078125000000003 0.098070491105318083 0.11364061012864114 1.3500000000000003 0.027323220258002871 27.000000000000004 0.1479025483131409 0.20637654513120654 0.40000000000000008 0.27530562877655035 0.20080568641424182 0.18085987120866778 0.17984239012002948 0.80000000000000016 0.15261668711900714
decision_type=2 2 2 2 2 2 2 2 2 2 2 2 2 2 2 2 2 2 2 2 2 2 2 2 2 2 2 2 2 2
left_child=2 -2 3 4 -1 6 7 13 -8 -10 11 12 -11 14 18 16 -15 -18 -3 20 21 -19 25 -24 -25 26 27 28 -23 -21
right_child=1 5 -4 -5 -6 -7 8 -9 9 10 -12 -13 -14 15 -16 -17 17 19 -20 29 -22 22 23 24 -26 -27 -28 -29 -30 -31
leaf_value=0.0099196526408371257 -0.072097309008399085 -0.080421555630706007 0.04305535752599958 0.042753640784948276 -0.075432538379273537 -0.090173106071955431 0.058372571256817433 -0.066580216678115589 0.040850511280660882 -0.064125100008488617 0.013568130173180544 0.030210619763053059 0.014343849872885679 0.052480002164339734 0.025828098859769024 -0.069256360413522233 -0.10300529951456872 -0.077608156160712621 0.018643171976995925 0.045620176455274504 0.036632506915771197 -0.081680634839716937 -0.063042474445856658 -0.092270279467478858 0.046198550205830857 0.049719196980915155 -0.094804573604305262 0.05948219116843944 0.025387595804865933 0.0032161641457434335
leaf_weight=187.53322228607431 6.1588322653151399 12.074405964318432 43.969568328640889 33.412221559410682 5.5479087410785715 2.7523459266521959 8.9711551250074972 5.8124576838526982 22.755974365929433 14.181975134895771 227.07645591902838 9.6327498945174721 6.3715652494138331 11.814476801548151 11.769961562007664 7.2131203822063972 4.9877929452632079 9.6602894168281619 2.8486964674666515 26.792267222394003 23.581645059864968 5.2687856870179539 18.697299938248761 2.453208324906881 11.154158721154088 17.649999000597745 5.9987702741927924 9.2263643810292724 15.633865116644301 25.381316781131318
leaf_count=758 219 285 258 132 146 98 19 283 159 476 1629 99 125 13 84 330 114 274 9 54 56 173 635 71 59 39 129 10 66 441
internal_value=0.0100914 0.00622384 0.017612 0.0126726 0.00746718 0.00715189 0.00767001 -0.000183262 0.0138664 0.0124405 0.00992754 -0.0174588 -0.0397998 0.00155354 -0.0229999 0.00490578 0.00774667 0.00475209 -0.0615109 0.00788607 0.000406849 -0.00851561 -0.00076195 -0.0275433 0.0212347 0.0153258 -0.00147692 0.0171049 -0.00160035 0.0249915
internal_weight=796.383 525.92 270.463 226.493 193.081 519.761 517.009 228.019 288.99 280.019 257.263 30.1863 20.5535 222.206 26.6931 195.513 188.3 176.486 14.9231 171.498 119.324 95.7427 86.0825 32.3047 13.6074 53.7778 36.1278 30.129 20.9027 52.1736
internal_count=7243 5949 1294 1036 904 5730 5632 3125 2507 2488 2329 700 601 2842 378 2464 2134 2121 294 2007 1512 1456 1182 765 130 417 378 249 239 495
is_linear=0
shrinkage=0.05


Tree=123
num_leaves=31
num_cat=0
split_feature=1 1 14 14 10 1 0 0 14 14 14 13 1 13 1 10 1 13 13 1 1 1 1 1 14 14 1 14 14 13
split_gain=8.32508 14.3186 12.003 10.2625 9.11219 13.1129 9.07208 9.92805 9.00063 7.4859 8.84352 9.36246 12.6933 31.5542 14.2161 27.0002 16.4177 13.2265 10.2553 9.5705 10.8414 29.4236 7.65666 13.5256 7.44457 13.5476 8.09466 7.37969 18.2599 9.30661
threshold=0.020389707759022716 0.046988107264041908 123.50000000000001 10.500000000000002 0.12500000000000003 0.015745282173156742 0.41293818537966354 1.0000000180025095e-35 72.500000000000014 53.500000000000007 47.500000000000007 27.000000000000004 0.20637654513120654 6.5000000000000009 0.14524205029010775 1.0000000180025095e-35 0.11497527733445169 3.5000000000000004 1.5000000000000002 0.14687306433916095 0.20080568641424182 0.18085987120866778 0.17984239012002948 0.16938359290361407 3.5000000000000004 5.5000000000000009 0.10410118848085405 40.500000000000007 57.500000000000007 3.5000000000000004
decision_type=2 2 2 2 2 2 2 2 2 2 2 2 2 2 2 2 2 2 2 2 2 2 2 2 2 2 2 2 2 2
left_child=3 -2 6 4 -1 -6 7 9 27 10 11 12 14 17 15 18 -17 -14 -3 -16 21 22 23 -21 -8 -26 -27 -5 29 -29
right_child=1 2 -4 8 5 -7 24 -9 -10 -11 -12 -13 13 -15 19 16 -18 -19 -20 20 -22 -23 -24 -25 25 26 -28 28 -30 -31
leaf_value=0.031153086732610181 -0.071285345391636917 0.025751488038576742 -0.097590234211008917 0.0033255716177604472 -0.080231170490099812 0.052206002693263309 0.035944761510574241 -0.065992373271303986 0.021024303939932657 -0.094989019350856296 0.049183833894463271 0.025571381139345851 -0.056728310558760424 -0.088630729879531078 0.062968860578428321 0.037744514573841925 -0.089301029523233183 0.020845847224220532 -0.056932370488747275 0.014844910977171928 0.044305778596241567 -0.091480715756027037 0.056013845647255436 -0.10026375199208784 -0.039043130851109512 -0.05917120894768102 0.014324097500003527 -0.079029811766262309 -0.0013150667622347336 -0.25029031205502794
leaf_weight=113.94195633628988 5.9235047854963332 4.3411601643092608 2.7336646120093056 63.909034056574455 4.4880412942729881 3.2028610110282898 32.3305888944451 5.57509989227401 69.477934150978399 1.9883333017278335 9.6777207480554335 31.044552938546985 7.2749944628085386 14.250310196774079 10.274877535390258 22.543909322645053 2.8662355024862327 22.454717566688487 27.545314209688513 25.618287710531153 17.517323303560261 7.6393801733356659 9.1248484669486043 2.8343364108004598 13.102341879421145 3.8065751672838806 237.17866330992547 2.6020088472578204 9.7430182620591932 1.1411653197428675
leaf_count=591 219 95 53 279 89 3 472 280 213 121 32 105 595 93 9 125 93 468 504 218 54 188 14 109 259 115 1728 51 49 19
internal_value=0.00971193 0.00600622 0.00690092 0.0168561 0.0275976 -0.025078 0.00746212 -0.000110302 0.00796053 0.00158235 0.00247541 0.000273932 -0.00423216 -0.0274585 0.00360706 -0.0150354 0.0234139 0.0018631 -0.0456754 0.0182374 0.0109111 -0.00202619 0.0161596 0.00337825 0.0133465 0.0104711 0.0131632 -0.00376687 -0.0373769 -0.131241
internal_weight=786.153 517.647 511.723 268.506 121.633 7.6909 508.99 222.571 146.873 216.996 215.008 205.33 174.286 43.98 130.306 57.2966 25.4101 29.7297 31.8865 73.0091 62.7342 45.2169 37.5775 28.4526 286.418 254.088 240.985 77.3952 13.4862 3.74317
internal_count=7243 5949 5730 1294 683 92 5677 3103 611 2823 2702 2670 2565 1156 1409 817 218 1063 599 592 583 529 341 327 2574 2102 1843 398 119 70
is_linear=0
shrinkage=0.05


Tree=124
num_leaves=31
num_cat=0
split_feature=1 1 6 12 12 0 3 1 1 10 13 3 1 1 0 1 1 0 12 1 1 12 1 1 10 7 1 3 11 13
split_gain=7.53199 13.4064 12.0502 12.6571 14.5332 9.38683 8.39653 8.4779 17.3106 11.6099 6.57816 6.26818 21.3403 14.9256 9.24884 7.15704 13.1555 5.41327 7.36061 5.40178 22.0791 8.49683 13.6251 9.53394 9.11584 11.0567 7.73083 14.9607 9.87747 9.39014
threshold=0.020389707759022716 0.046988107264041908 1.0000000180025095e-35 3.4514933084675818 2.6817505102530386 25.197110882027118 1.0950000000000004 0.051598073914647109 0.088539652526378645 0.22500000000000003 35.500000000000007 0.045192307692307705 0.18085987120866778 0.27719601988792425 6.9458976486581685 0.098070491105318083 0.10410118848085405 2.8578925714594918 1.5126576166751728 0.18085987120866778 0.19552563130855563 0.72307810995979738 0.34304684400558477 0.39234508574008947 0.27500000000000008 0.20000000000000004 0.17984239012002948 0.084621212121212139 0.049891774891774911 46.000000000000007
decision_type=2 2 2 2 2 2 2 2 2 2 2 2 2 2 2 2 2 2 2 2 2 2 2 2 2 2 2 2 2 2
left_child=2 -2 3 4 17 6 7 -3 9 -9 -8 12 -10 -14 -15 -13 -17 -1 -19 26 -21 22 24 -24 25 -22 27 -18 29 -29
right_child=1 5 -4 -5 -6 -7 10 8 11 -11 -12 15 13 14 -16 16 19 18 -20 20 21 -23 23 -25 -26 -27 -28 28 -30 -31
leaf_value=0.0036247793983723918 -0.070501842231862732 0.049146257945376234 0.040392535298029358 0.040173992762075818 -0.07472296372416809 -0.087584631538443591 -0.074238477496242655 -0.067157521410063814 -0.068681061709069846 0.034196573411748248 0.022567299503739452 0.038638518615058605 0.020669367046193144 -0.054791448966935441 0.01729975482964239 -0.10639691707345363 -0.079651357417756308 -0.016985744901116661 0.031856847095671763 -0.079289978536229933 -0.078009902564662642 0.013173861969649049 0.037106365678715676 -0.041176776023423053 0.031470553959268135 0.017093832650868515 0.053067876885064424 -0.0058023367462229618 0.03734263089884813 0.047004092545870554
leaf_weight=134.21202390278631 5.6956474857361163 12.186072629250701 42.988564092949673 32.796654656951432 5.3468790719125527 2.6294648751500054 5.5103947932402644 12.417448573854928 11.004830414662136 3.6577110605721819 2.5748524591326714 22.602705091674579 50.416883365833201 13.186580349749422 6.7143534133210769 2.4263090499443924 4.0537345575285135 9.4767546094953996 41.459344335831702 7.313528512560878 13.052860649608197 199.04521952088544 15.245432984025685 5.2213982196117277 3.6352772791142334 3.990422401635441 14.888376021175644 43.255920787247305 39.795576957854792 10.452953316736965
leaf_count=669 219 44 258 132 146 98 226 412 257 11 5 133 280 215 25 71 123 31 58 227 217 2130 60 88 52 20 19 775 224 18
internal_value=0.00933292 0.00577977 0.0161512 0.0114842 0.00654478 0.00663964 0.00713255 0.00795882 0.00691832 -0.0440956 -0.0434094 0.00867696 -0.00393609 0.00619658 -0.0304687 0.0113413 0.00963871 0.00889171 0.0227696 0.0104209 0.0062923 0.00889818 -0.0117859 0.0171352 -0.0404108 -0.0557428 0.0195082 0.0143866 0.0184635 0.00447498
internal_weight=777.254 510.974 266.28 223.292 190.495 505.278 502.649 494.564 482.378 16.0752 8.08525 466.302 81.3226 70.3178 19.9009 384.98 362.377 185.148 50.9361 359.951 247.504 240.191 41.1454 20.4668 20.6786 17.0433 112.447 97.5582 93.5045 53.7089
internal_count=7243 5949 1294 1036 904 5730 5632 5401 5357 423 231 4934 777 520 240 4157 4024 758 89 3953 2794 2567 437 148 289 237 1159 1140 1017 793
is_linear=0
shrinkage=0.05


Tree=125
num_leaves=31
num_cat=0
split_feature=9 12 14 14 14 12 1 14 13 1 14 12 12 1 13 13 12 14 14 12 12 12 11 14 2 12 5 11 12 12
split_gain=8.25358 8.90725 7.47932 11.8109 17.992 18.6263 17.5719 10.8041 13.2135 14.1896 12.0996 8.00083 10.0791 7.26523 6.72074 6.24324 6.85347 15.0767 6.09735 5.85326 13.3021 8.94392 5.72417 5.30311 4.78298 7.05787 5.63738 5.06724 5.08927 13.4025
threshold=1.0000000180025095e-35 2.1466012901733391 250.00000000000003 21.500000000000004 30.500000000000004 1.0000000180025095e-35 0.25571620464324957 34.500000000000007 6.5000000000000009 0.29500409960746771 50.500000000000007 3.4654884253890437 3.3370315807935782 0.58469343185424816 17.000000000000004 6.5000000000000009 5.2384647155800259 277.50000000000006 24.500000000000004 2.0420576532871721 2.6817505102530386 4.2475543205334505 0.035149493451939719 125.00000000000001 2.2500000000000004 2.8570268642970738 0.40000000000000008 0.21954449152542374 2.8186305780363132 2.2773976737365413
decision_type=2 2 2 2 2 2 2 2 2 2 2 2 2 2 2 2 2 2 2 2 2 2 2 2 2 2 2 2 2 2
left_child=2 13 3 11 6 -6 -5 -7 10 -10 -9 12 24 -2 -11 16 17 -4 -3 22 -21 -22 23 -12 25 27 -27 28 29 -1
right_child=1 18 15 4 5 7 -8 8 9 14 19 -13 -14 -15 -16 -17 -18 -19 -20 20 21 -23 -24 -25 -26 26 -28 -29 -30 -31
leaf_value=0.010151220885723079 -0.061494553018720824 0.026036105575192967 0.044768334477320419 -0.099609935402550143 0.026095757598732602 0.024976796918111083 -0.012016412635654755 -0.068996301853429282 -0.14558747324714802 -0.085551613422027245 -0.064867264463846927 -0.028294239958979013 0.041053438350057807 0.051430404890099493 -0.0090239100869887266 0.05465797111853981 0.051863314809855891 -0.060920232795361531 0.067398666383292394 0.036091864015919371 -0.082666200001148632 0.0040278548533997814 0.013640859260235545 -0.0035146134913700959 0.035964568952479299 -0.062049277849012943 0.016636754999604302 0.033439369314569221 0.046474739846524143 -0.058838324656721043
leaf_weight=427.19160554192786 4.2791799108526893 27.372539351330488 6.7566478028893489 8.6693506402807561 57.777664296736475 18.513295844619279 16.861063505784841 7.0442108475835985 3.5496630668640163 4.1840069892350575 8.2078716381074646 12.119528437429834 29.770834797891439 2.1349448797409423 9.1276865582913143 16.041807949542999 7.3983334414660922 6.7408068918157369 13.209444038278887 22.666907685779734 4.684444318059831 8.1526129588601162 8.283901596470967 6.1695731454019542 18.61445530783385 5.9935597820804087 3.6701101771104732 23.882323329802603 9.2600280921906215 7.157731012608564
leaf_count=3542 129 97 7 181 123 157 353 324 21 37 124 663 182 4 29 7 4 47 30 64 100 63 68 35 37 311 78 70 9 374
internal_value=0.0105125 0.0308457 0.00925263 0.00812925 -0.00280903 0.00347056 -0.0417605 -0.00952582 -0.0173088 -0.0567631 -0.00710705 0.0118704 0.0127966 -0.0239074 -0.0330774 0.0311971 0.0131861 -0.00801393 0.0394996 0.000388152 0.01306 -0.0276082 -0.0194651 -0.0385399 0.0110998 0.0101298 -0.0321656 0.0110041 0.00979629 0.00901433
internal_weight=805.486 46.9961 758.49 721.552 183.892 158.362 25.5304 100.584 82.0709 16.8614 65.2095 537.66 525.541 6.41412 13.3117 36.9376 20.8958 13.4975 40.582 58.1653 35.504 12.8371 22.6613 14.3774 495.77 477.155 9.66367 467.492 443.609 434.349
internal_count=7270 260 7010 6945 1679 1145 534 1022 865 87 778 5266 4603 133 66 65 58 54 127 454 227 163 227 159 4421 4384 389 3995 3925 3916
is_linear=0
shrinkage=0.05


Tree=126
num_leaves=31
num_cat=0
split_feature=14 10 14 0 0 0 13 10 14 3 12 12 12 12 12 14 0 12 12 3 12 13 13 10 14 10 1 12 1 2
split_gain=6.09738 14.1035 10.8067 13.4177 7.15496 6.60726 6.0821 8.74652 14.4992 5.26614 5.01021 5.07948 8.48294 6.19768 8.36024 7.89929 10.6641 7.77679 6.8996 8.63827 5.46159 9.44523 11.2913 9.55299 13.4445 12.3458 7.02238 6.86738 5.39412 5.2503
threshold=250.00000000000003 0.4250000000000001 102.50000000000001 8.8278260143190561 6.4448732367024153 34.579682013638923 6.5000000000000009 0.7250000000000002 277.50000000000006 0.073627819548872195 4.9695392937802128 4.6853219471441836 3.6376428199482249 3.4514933084675818 3.3703496293710251 5.5000000000000009 6.2120559585478743 3.3370315807935782 2.8570268642970738 0.71467391304347838 1.9638617360286046 6.5000000000000009 4.5000000000000009 1.0000000180025095e-35 63.500000000000007 0.17500000000000004 0.43019366264343267 1.92779571893571 0.63445630669593822 2.2500000000000004
decision_type=2 2 2 2 2 2 2 2 2 2 2 2 2 2 2 2 2 2 2 2 2 2 2 2 2 2 2 2 2 2
left_child=1 2 10 4 -4 -3 7 8 -2 -10 11 12 13 14 17 -15 -17 18 20 29 27 22 23 24 26 -25 -22 -1 -14 -20
right_child=6 5 3 -5 -6 -7 -8 -9 9 -11 -12 -13 28 15 -16 16 -18 -19 19 -21 21 -23 -24 25 -26 -27 -28 -29 -30 -31
leaf_value=0.0093160685843436987 0.043733208594936374 -0.061535891372965973 -0.038671329924049175 -0.10135862799177441 0.033815941511318497 0.047905840695251334 0.053990679200723771 0.059336755214348051 -0.097378908110628826 -0.012289238012555086 -0.035434387057830072 0.041115790554545367 -0.064404999847437611 0.058939814019327477 -0.062026453639478618 -0.069974769806516554 0.05022832332687989 0.060667967402954028 -0.065604025844515454 0.03158030244780826 -0.062806602787136526 -0.076219783175257502 0.039565588747414754 0.030284014916898052 0.043537394484634 -0.059669428366139809 0.03865254529687262 -0.06620216953791809 0.051281105239709468 0.028034930439929689
leaf_weight=534.42870460552513 6.5740695913555118 9.7765017272977257 6.9124179836362618 4.6479581496678284 6.7077278774231672 1.605588448466732 15.384614806622265 6.7079346687532952 3.9836345268413424 3.345371713192435 5.7809960245067478 14.007158613880163 5.7553395332870414 14.480184688909505 3.959728303103474 3.3846372807893195 4.0566824148409069 7.7403601401019833 8.4747060174704494 4.9021664369865894 11.612898126128131 2.4593777237460008 53.851727961402503 38.750060978287365 5.703868161304853 4.2308234849188002 1.9990401084069152 3.0274749183736267 1.2214738130569456 1.8181141503155238
leaf_count=3707 8 591 65 26 10 4 8 2 27 24 192 59 490 59 167 64 6 5 405 62 603 29 201 189 13 158 8 82 1 5
internal_value=0.0100928 0.00914203 0.00998045 -0.0280048 -0.00297238 -0.0460977 0.0302016 0.0124447 -0.0101797 -0.0585392 0.0109289 0.0112981 0.0107114 0.0112544 0.0104145 0.0374236 -0.00444529 0.0108369 0.0102623 -0.0230466 0.0110338 0.0207449 0.0227981 0.00830364 -0.0209035 0.0214294 -0.0479064 0.00889068 -0.0441511 -0.0490637
internal_weight=797.291 761.296 749.914 18.2681 13.6201 11.3821 35.9956 20.611 13.9031 7.32901 731.646 725.865 711.857 704.881 682.959 21.9215 7.44132 678.999 671.259 15.195 656.064 118.608 116.148 62.2967 19.3158 42.9809 13.6119 537.456 6.97681 10.2928
internal_count=7270 7201 6606 101 75 595 69 61 59 51 6505 6313 6254 5763 5634 129 70 5467 5462 472 4990 1201 1172 971 624 347 611 3789 491 410
is_linear=0
shrinkage=0.05


Tree=127
num_leaves=31
num_cat=0
split_feature=14 10 14 13 13 10 14 3 3 12 12 12 12 12 12 11 14 12 14 12 1 3 1 1 1 1 1 13 1 14
split_gain=5.84137 13.0256 9.78996 8.11356 5.87247 8.24404 13.3105 5.77954 4.96693 4.5447 4.80264 7.90006 5.73268 7.81737 7.3938 7.78396 7.04156 6.86514 5.91706 11.0579 11.9147 9.92008 7.81137 10.9352 8.19528 9.5921 5.75005 5.48355 11.0212 5.13428
threshold=250.00000000000003 0.4250000000000001 102.50000000000001 4.5000000000000009 6.5000000000000009 0.7250000000000002 277.50000000000006 0.99500000000000022 0.073627819548872195 4.9695392937802128 4.6853219471441836 3.6376428199482249 3.4514933084675818 3.3703496293710251 3.3370315807935782 0.014599317988064794 5.5000000000000009 2.2773976737365413 2.5000000000000004 0.96468022764535366 0.16738811135292056 1.0537500000000002 0.078742533922195448 0.080549564212560668 0.16613907366991046 0.098070491105318083 0.090475406497716918 35.500000000000007 0.39564791321754461 101.50000000000001
decision_type=2 2 2 2 2 2 2 2 2 2 2 2 2 2 2 2 2 2 2 2 2 2 2 2 2 2 2 2 2 2
left_child=1 2 9 -4 5 6 -2 -3 -8 10 11 12 13 14 15 17 -14 18 19 20 22 -20 -1 -24 25 -25 -21 -17 -29 -19
right_child=4 7 3 -5 -6 -7 8 -9 -10 -11 -12 -13 16 -15 -16 27 -18 29 21 26 -22 -23 23 24 -26 -27 -28 28 -30 -31
leaf_value=-0.043448876135684385 0.042720739242428939 -0.060031623568546633 -0.0055246339360156167 -0.079327651364249754 0.053731680831073318 0.058781995143487586 -0.09461312881381008 0.042367082533895067 -0.011634471618556186 -0.033703936522952609 0.040264384694109923 -0.043847574557325915 0.056307920208181199 -0.061632189608852361 0.059893957496564898 0.019317301120703852 -0.0043934222079817058 -0.027891580657527473 0.0077091749358479652 -0.053740498301268237 -0.08576809756026417 0.039635927980483966 0.058034420293439221 0.0083372649749408334 0.0413708642414405 -0.073055723654273638 0.042238394150475284 -0.093821599771992295 0.04314225831233362 0.052408799558315455
leaf_weight=11.712751453684175 6.3979026037268358 9.4470824655509187 13.043439690896777 5.2119865722488603 14.703062497079371 6.4394751694053403 3.8972764546051621 1.6133065074682225 3.3566640124772675 5.7741134074385618 13.598668558464849 6.6809204909150131 14.401138487155551 3.7900992215872966 7.4555929466150692 199.67855589203828 7.1495024174655546 21.013196973821326 352.35973159104469 1.7762471351379634 5.892325230757705 26.134800981148146 7.2304294109344509 7.1273001100635174 4.9772763624787322 7.3553238556196447 12.846719741479317 3.1324793514795592 2.7654755860567093 2.198904037475585
leaf_count=170 8 593 68 33 8 2 27 2 24 192 59 491 59 167 5 1482 70 705 2337 196 79 94 2 34 3 101 216 40 2 1
internal_value=0.00968979 0.00876593 0.00956738 -0.0265956 0.0297198 0.0121476 -0.00984947 -0.0450954 -0.0562159 0.0104779 0.0108326 0.0102654 0.0107826 0.00997501 0.0103779 0.00982373 0.03617 0.00621313 0.00761928 -0.00712018 -0.0195659 0.0099137 -0.00940821 0.00553016 -0.0139781 -0.033 0.0305799 0.0179138 -0.029601 -0.0202847
internal_weight=789.162 754.367 743.307 18.2554 34.7944 20.0913 13.6518 11.0604 7.25394 725.052 719.277 705.679 698.998 677.447 673.657 666.202 21.5506 460.625 437.413 58.9184 44.2954 378.495 38.4031 26.6903 19.4599 14.4826 14.623 205.577 5.89795 23.2121
internal_count=7270 7201 6606 101 69 61 59 595 51 6505 6313 6254 5763 5634 5467 5462 129 3938 3232 801 389 2431 310 140 138 135 412 1524 42 706
is_linear=0
shrinkage=0.05


Tree=128
num_leaves=31
num_cat=0
split_feature=9 0 0 12 14 14 10 14 0 0 0 13 12 14 12 12 12 12 12 12 0 14 12 0 0 10 13 14 14 14
split_gain=6.91068 11.5191 9.96018 13.4928 7.64877 6.50653 10.5582 8.14863 10.9316 6.26586 5.88081 5.68561 5.73461 11.5692 5.44466 6.40144 6.21189 6.60606 7.29244 6.02029 5.5054 6.99408 8.83625 10.9961 6.46853 4.84611 4.78147 4.57759 8.09329 23.231
threshold=1.0000000180025095e-35 0.99987383733576085 1.009922776702237 3.5312157235873864 70.500000000000014 250.00000000000003 0.4250000000000001 102.50000000000001 8.8278260143190561 6.4448732367024153 34.579682013638923 6.5000000000000009 5.2384647155800259 277.50000000000006 3.4654884253890437 4.4899284006300695 3.4514933084675818 3.3703496293710251 3.3370315807935782 3.1879342431761795 8.6264725158976123 54.500000000000007 1.0000000180025095e-35 8.4562919004603092 8.3301373933810066 0.22500000000000003 65.000000000000014 47.500000000000007 21.500000000000004 30.500000000000004
decision_type=2 2 2 2 2 2 2 2 2 2 2 2 2 2 2 2 2 2 2 2 2 2 2 2 2 2 2 2 2 2
left_child=5 -2 -3 4 -4 6 7 14 9 -9 26 12 13 -7 16 -16 17 18 19 20 21 24 -23 -24 27 -15 -8 28 -1 -30
right_child=1 2 3 -5 -6 11 10 8 -10 -11 -12 -13 -14 25 15 -17 -18 -19 -20 -21 -22 22 23 -25 -26 -27 -28 -29 29 -31
leaf_value=0.010306168486747536 -0.060858366491939021 0.055162300041631668 -0.075557030076046514 0.049217382731335302 0.031961708847326083 0.041732902841927912 -0.072254522825218201 -0.034725083193646353 -0.089303591786545969 0.033249083733941087 0.050401263058774452 0.054004650177883709 0.050083163548344412 -0.094750140697227578 -0.064214269219023748 0.00016141950058960774 0.037501705206464508 -0.06154454639595091 0.059159750207996013 -0.060979415069882408 0.024269053073032128 0.0086486805930813832 -0.078100301597886168 0.046959992842955468 -0.062718245155600302 -0.0093033189383389028 0.041787060748919941 0.033591105293007482 -0.060628449596911771 0.0099437388376744842
leaf_weight=466.32621104059945 3.3450461488464489 25.28554211021401 5.3829567792126936 8.2787073054350895 2.3878619881579652 6.227798994630577 7.7347101635750715 7.0227695928624616 4.8587376652285448 6.5544219738803804 1.4373192308703426 13.981920063495634 6.6062042005360118 3.4066392462700605 5.2906676047241517 14.297142352115769 19.259138457360677 3.3314961827563812 7.1777629056014112 3.1046555176726534 52.780088697385509 12.989745931699874 8.6004171580716484 2.209181777201592 3.165799909271299 3.2352390363812447 1.0430756974965332 18.231216321059037 16.067499529512133 42.521310673604603
leaf_count=4097 134 17 85 14 10 7 543 62 26 10 3 7 4 25 467 336 50 162 5 157 190 34 130 6 59 22 6 44 288 270
internal_value=0.00929188 0.028386 0.0356081 0.00480115 -0.0425181 0.00813504 0.00711119 0.00785418 -0.0249426 -0.00191039 -0.0433513 0.0296784 0.0122144 -0.00722426 0.00874948 -0.0172265 0.00952538 0.00867889 0.00904837 0.00847379 0.00881996 0.00738971 -0.0191437 -0.0525415 0.0085456 -0.0531292 -0.0587028 0.00896097 0.00810552 -0.0094101
internal_weight=782.141 44.6801 41.3351 16.0495 7.77082 737.461 704.003 693.788 18.4359 13.5772 10.2151 33.4578 19.4759 12.8697 675.352 19.5878 655.765 636.505 633.174 625.996 622.891 570.111 23.7993 10.8096 546.312 6.64188 8.77779 543.146 524.915 58.5888
internal_count=7270 260 126 109 95 7010 6945 6393 98 72 552 65 58 54 6295 803 5492 5442 5280 5275 5118 4928 170 136 4758 47 549 4699 4655 558
is_linear=0
shrinkage=0.05


Tree=129
num_leaves=31
num_cat=0
split_feature=2 1 14 1 1 12 0 0 0 14 3 14 12 12 12 0 12 14 0 0 12 12 3 7 3 0 14 14 12 12
split_gain=5.34845 8.2031 7.14505 6.36379 7.8405 5.76705 10.1619 9.33409 8.80605 12.3637 8.46333 8.74783 7.35499 6.98696 6.88638 10.8269 11.1175 10.5692 8.02298 8.36924 6.44788 5.09442 6.44818 4.1374 7.60007 4.64141 5.70304 3.95506 3.49752 3.48804
threshold=2.2500000000000004 0.55416652560234081 634.50000000000011 0.33347858488559728 0.57332026958465587 1.9638617360286046 1.0005857905995132 2.0829006902752769 0.99987383733576085 4.5000000000000009 0.091622807017543884 5.5000000000000009 1.92779571893571 3.3703496293710251 2.6817505102530386 2.1060495699636372 3.4514933084675818 14.500000000000002 6.125991563620679 9.7663847138516982 2.2653345859208631 1.9929907239206279 0.71467391304347838 0.40000000000000008 0.99500000000000022 17.216839764902968 170.00000000000003 4.5000000000000009 2.2773976737365413 3.3370315807935782
decision_type=2 2 2 2 2 2 2 2 2 2 2 2 2 2 2 2 2 2 2 2 2 2 2 2 2 2 2 2 2 2
left_child=1 2 5 -2 -5 12 8 -8 9 -7 11 -11 23 29 17 -16 -17 20 -18 -20 -9 -12 -23 25 -25 26 -1 -21 -22 -13
right_child=3 -3 -4 4 -6 6 7 14 -10 10 21 13 -14 -15 15 16 18 -19 19 27 28 22 -24 24 -26 -27 -28 -29 -30 -31
leaf_value=0.0063071385208579162 0.037722445781424752 -0.06219397323110646 -0.084150501728858726 -0.042605787956672532 0.036705865732189653 -0.058516572345994604 -0.069355514077618627 -0.071011197282407831 0.053426346709082521 0.069763626259499806 0.052229043469307235 0.019582616405393338 -0.068986841430243126 -0.060499816879440088 0.053051285966454857 -0.068344409162794259 -0.067999229109745832 0.028494973306809813 0.031710074222911049 0.0086314352424963301 0.052775149658082512 -0.06281147638015229 0.023114954781928099 -0.10481854776143729 0.040869652992295336 0.032845792558395669 -0.053800725239290748 -0.068464879193074937 -0.026582371391315935 0.059152519192818276
leaf_weight=501.12449375000142 31.686465844511986 4.1511155258922363 2.0841869041323653 6.4735591863282007 6.0081466529518366 4.8277020212371999 4.0434339176936183 4.628135052014839 24.787034390072222 12.427819349453783 2.3242645306745535 29.518510217836592 3.2633709667570647 2.4312436311738557 6.1389707212802014 8.5604677663650346 3.9192149994050878 49.318619635771029 14.242840700899253 2.893589320476166 2.4982814788818359 5.8103505427825421 3.4976647528237663 2.2253375202562888 1.4976170753361655 16.419885123381391 3.9775676265853681 3.913184980978258 3.125354245014023 6.8642513100057831
leaf_count=3821 61 178 20 43 9 557 208 112 41 18 4 313 101 185 9 236 174 159 75 37 1 501 97 47 3 20 29 126 82 3
internal_value=0.00891484 0.00789328 0.00829383 0.0258108 -0.00442863 0.00855985 0.0158906 0.00511061 0.0279285 0.0185932 0.024514 0.0332542 0.00584439 0.0215643 0.0081447 -0.00799586 -0.0191731 0.0188928 -0.00231497 0.00991475 -0.0273008 -0.0139882 -0.030523 0.00630932 -0.0462132 0.00668426 0.0058338 -0.0356909 0.00867194 0.0270482
internal_weight=774.683 730.515 726.363 44.1682 12.4817 724.279 195.771 103.282 92.4888 67.7018 62.8741 51.2418 528.508 38.814 99.2387 39.6683 33.5293 59.5704 24.9688 21.0496 10.2518 11.6323 9.30802 525.245 3.72295 521.522 505.102 6.80677 5.62364 36.3828
internal_count=7270 7157 6979 113 52 6959 2938 1219 1719 1678 1121 519 4021 501 1011 657 648 354 412 238 195 602 598 3920 50 3870 3850 163 83 316
is_linear=0
shrinkage=0.05


Tree=130
num_leaves=31
num_cat=0
split_feature=12 12 3 12 3 13 13 1 3 3 1 14 1 1 3 14 13 12 12 3 1 1 1 1 13 1 3 6 1 14
split_gain=8.94738 17.5334 13.7872 10.7119 10.1219 12.8288 17.9639 9.02018 7.84129 7.75247 6.33759 6.00983 5.6924 17.2605 11.667 5.33484 5.29985 9.98853 7.28921 6.63923 6.59683 21.7465 6.19625 20.2801 22.8074 13.0473 33.1956 15.2636 9.23606 8.10631
threshold=2.1466012901733391 2.0833966452448318 0.38025229357798168 2.1576065010327148 0.87487804878048803 40.500000000000007 55.000000000000007 0.0043633040040731439 0.67038461538461569 0.71519230769230802 0.0043633040040731439 34.500000000000007 0.080549564212560668 0.11364061012864114 1.0608536585365858 3.5000000000000004 5.5000000000000009 0.76342292446103932 1.7990871646976954 0.68026315789473712 0.31505014002323156 0.23771545290946963 0.18085987120866778 0.2348379194736481 9.0000000000000018 0.14524205029010775 0.44970149253731345 1.0000000180025095e-35 1.0000000180025095e-35 10.500000000000002
decision_type=2 2 2 2 2 2 2 2 2 2 2 2 2 2 2 2 2 2 2 2 2 2 2 2 2 2 2 2 2 2
left_child=1 4 3 -2 5 16 7 -7 -4 -10 -6 -8 -12 -14 -15 -5 17 -1 19 20 21 22 25 24 -24 26 27 29 -29 -18
right_child=2 -3 8 15 10 6 11 -9 9 -11 12 -13 13 14 -16 -17 18 -19 -20 -21 -22 -23 23 -25 -26 -27 -28 28 -30 -31
leaf_value=-0.054820955891576255 0.051876851441471687 -0.07335943538986435 -0.065439480657424151 -0.063755201483122678 -0.070376161553799041 -0.20773000672313066 0.02334569829494626 -0.070161586478906759 0.036940720329106981 -0.059017511026224413 0.043853985579861351 -0.04793849955476797 -0.10250316847397867 0.035483109804751077 -0.064587468839949133 0.018176695774139481 -0.029326262311511343 0.0015986071336898154 0.048448323939391504 -0.027574290593665174 0.028468848524674108 -0.059305020659744072 0.028101634648099279 0.056148738409664944 -0.090327114020656504 0.033786799861141158 -0.070245790878204442 0.074314398245905425 0.020927986217422298 0.0093092692132005789
leaf_weight=8.1756061038831813 26.189391302643344 6.9807968009408787 7.0261813653596645 2.01660296137561 1.6922649471380271 1.6632296238094593 7.913741688244043 4.2018076460808516 6.2065841590811015 3.184917769900494 29.074563536443748 4.7204178180545568 2.921545052289729 27.123782100839893 3.2630445218674131 134.46081232199867 16.632658090442419 193.88269500858587 11.73438812792301 12.379714936017988 40.525086237117648 11.873832387849687 6.7223693369887831 7.2922378033399573 10.285709299612789 54.948678298853338 13.257187750656156 13.135502994060515 21.139673571102321 73.889430169016123
leaf_count=858 27 200 498 101 32 18 51 71 66 312 76 20 41 81 113 1530 73 2450 7 48 53 64 16 2 65 66 110 5 58 113
internal_value=0.0083994 0.00540771 0.0181793 0.0225867 0.00635828 0.00402389 -0.0368581 -0.109174 -0.0254896 0.00439863 0.025098 -0.00328775 0.0276879 0.0135767 0.0247372 0.0169661 0.00554905 -0.00068422 0.00983568 0.00822942 0.00987286 0.00658456 0.0101849 -0.0136097 -0.0435187 0.0131808 0.00497912 0.0129702 0.0413876 0.00221032
internal_weight=764.514 585.43 179.084 162.667 578.449 514.374 18.4992 5.86504 16.4177 9.3915 64.0752 12.6342 62.3829 33.3084 30.3868 136.477 495.875 202.058 293.816 282.082 269.702 229.177 217.303 24.3003 17.0081 193.003 138.054 124.797 34.2752 90.5221
internal_count=7225 4691 2534 1658 4491 4148 160 89 876 378 343 71 311 235 194 1631 3988 3308 680 673 625 572 508 83 81 425 359 249 63 186
is_linear=0
shrinkage=0.05


Tree=131
num_leaves=31
num_cat=0
split_feature=12 12 3 12 3 3 2 0 14 14 12 12 12 1 14 14 12 14 14 1 12 12 12 1 12 1 14 3 2 14
split_gain=8.19437 16.4067 12.6448 10.1945 9.46408 13.2758 7.4808 5.81878 8.02656 30.0766 18.078 7.64596 14.652 5.64588 5.57693 12.6519 22.2612 6.65902 16.2725 6.00131 12.3155 6.82699 5.41265 5.25103 24.4875 5.08482 4.9962 19.5069 15.4391 15.0394
threshold=2.1466012901733391 2.0833966452448318 0.38025229357798168 2.1576065010327148 0.77612500000000029 0.73019230769230792 1.3500000000000003 17.216839764902968 73.500000000000014 89.500000000000014 0.88079119342587353 0.96468022764535366 2.0667505158011652 0.0043633040040731439 32.500000000000007 21.500000000000004 0.88079119342587353 34.500000000000007 39.500000000000007 0.36185109615325933 1.9638617360286046 1.9861552041756154 1.5380943981363364 0.12385080382227899 0.88079119342587353 0.28510612249374395 5.5000000000000009 0.029100529100529109 2.2500000000000004 3.5000000000000004
decision_type=2 2 2 2 2 2 2 2 2 2 2 2 2 2 2 2 2 2 2 2 2 2 2 2 2 2 2 2 2 2
left_child=1 4 3 -2 5 7 -4 8 14 10 -10 -11 -13 -6 15 19 -17 -16 -19 21 -21 26 -18 -15 -25 -8 27 28 -1 -29
right_child=2 -3 6 -5 13 -7 25 -9 9 11 -12 12 -14 23 17 16 22 18 -20 20 -22 -23 -24 24 -26 -27 -28 29 -30 -31
leaf_value=-0.089484380602723165 0.050703940024274009 -0.072486429296616167 -0.064146384392593611 0.016229290901720032 -0.069059544213482441 -0.078465268790692308 0.025165248512144373 0.031384463700868018 -0.33523457032200349 0.014002879623520564 -0.079291617164762657 -0.10675934129031313 0.050966404759522015 0.034445298577182669 0.040552175242404995 -0.097120645788933577 0.012046028549338049 -0.0900905130533209 0.015175980137657148 -0.07380202223260221 0.042673186977769867 -0.061085709984887104 -0.050428521299504772 -0.085283811598293915 0.032646473471184351 -0.066182514302922005 0.011173154858513126 0.011854547759663846 0.052624610110557635 -0.062334259384379025
leaf_weight=9.7663175300694984 25.473785234324168 6.7182897234451948 6.921376541238712 135.55547911781105 1.6410189766393148 4.8785585631267159 6.953673269457795 19.230924431700259 1.0930121873097989 16.205803603726967 1.8708277265250215 4.1269328044218119 2.2891609184443951 47.977616517979186 21.625841459521325 8.5526278569595906 16.309068033879161 3.9372423791646716 54.344410372868879 6.5050939783686754 3.4854537907231133 3.7303366152482331 4.4028600723395348 5.6665017520717837 19.723078585207986 1.9508063370012676 221.68061094245058 83.612332661359687 2.3763008117675772 7.4388849162205579
leaf_count=123 27 200 758 1631 34 119 79 27 25 82 34 76 2 161 41 132 126 85 253 116 8 198 102 99 157 39 1409 729 1 352
internal_value=0.00807157 0.00519515 0.0174917 0.021683 0.00610679 0.00361043 -0.025155 0.00442331 0.00332796 -0.0239097 -0.173679 -0.00428746 -0.0504853 0.0226629 0.00488433 0.00228361 -0.0292575 0.0168569 0.00806466 0.00500968 -0.0331667 0.00617036 -0.00123457 0.0247145 0.00632654 0.00515265 0.00694262 -0.0021454 -0.0616738 0.00579332
internal_weight=756.044 579.189 176.855 161.029 572.471 497.463 15.8259 492.584 473.353 25.5857 2.96384 22.6219 6.41609 75.0082 447.767 367.86 29.2646 79.9075 58.2817 338.595 9.99055 328.605 20.7119 73.3672 25.3896 8.90448 324.874 103.194 12.1426 91.0512
internal_count=7225 4691 2534 1658 4491 4040 876 3921 3894 219 59 160 78 451 3675 3296 360 379 338 2936 124 2812 228 417 256 118 2614 1205 124 1081
is_linear=0
shrinkage=0.05


Tree=132
num_leaves=31
num_cat=0
split_feature=12 12 3 10 12 3 13 13 10 3 10 10 13 1 1 1 1 6 13 12 12 13 12 13 13 12 12 3 7 13
split_gain=7.47645 15.3581 11.5765 14.3398 9.70805 8.76543 11.6106 15.5642 5.9707 8.76578 13.6151 7.88631 6.40549 5.93076 5.46164 5.07467 16.1195 10.424 4.18631 3.95586 7.36222 6.83786 5.59789 3.82379 15.9241 3.59244 3.54438 6.83381 3.47237 3.457
threshold=2.1466012901733391 2.0833966452448318 0.38025229357798168 0.22500000000000003 2.1576065010327148 0.87487804878048803 40.500000000000007 55.000000000000007 0.22500000000000003 0.17968531468531471 0.27500000000000008 0.27500000000000008 9.0000000000000018 0.0043633040040731439 0.0043633040040731439 0.080549564212560668 0.11364061012864114 0.80000000000000016 46.000000000000007 3.3370315807935782 2.8570268642970738 14.500000000000002 5.4103734435467947 1.5000000000000002 5.5000000000000009 0.88079119342587353 0.32689343293555401 0.16461352657004835 1.0000000180025095e-35 5.5000000000000009
decision_type=2 2 2 2 2 2 2 2 2 2 2 2 2 2 2 2 2 2 2 2 2 2 2 2 2 2 2 2 2 2
left_child=1 5 4 -4 -2 6 8 13 29 11 -11 -10 -12 -8 -7 -16 -17 18 25 20 23 -22 28 -6 -25 -18 -9 -28 -21 -1
right_child=2 -3 3 -5 19 14 7 26 9 10 12 -13 -14 -15 15 16 17 -19 -20 22 21 -23 -24 24 -26 -27 27 -29 -30 -31
leaf_value=0.0017091161280957173 0.04955231693856782 -0.071646554922881509 -0.064499507597529232 0.033932649089379811 0.024731612307552723 -0.067885051899923332 -0.17842377674147197 0.036563707035908194 -0.020127774629924142 -0.10129576877119156 -0.057521324269126851 -0.097392840769198796 0.042685583617013523 -0.069184521229448112 0.041703251508292925 -0.099945198496990961 -0.0111370230496219 -0.064112773919452928 0.060127387194190376 0.030033030519102191 -0.0632099617106988 0.014157818276752885 -0.070103207739918308 -0.062848184205191671 0.027352099886354859 0.036993861627227259 0.0094286725376447542 -0.085273460296256931 -0.012660911403120699 0.01060641889530415
leaf_weight=190.05960195994703 24.780287100933492 6.4636532498916486 9.1422905348481418 6.2156408621740402 35.312053201225353 1.5859914453758381 1.7990408819168831 3.7731060534715644 18.662381482514323 2.2486642850853995 1.8132897137402313 4.0126174270699257 13.233258392661808 4.0163257387466729 27.899905253070756 2.8972517623624325 6.2769306396367108 3.0255620162643018 9.6211368665099126 58.795651343498321 6.4941796144048549 5.0976045820862055 1.5331826162873756 7.2142765699609308 15.207276569213718 10.139288458303781 5.8327372458297742 2.8288357607088983 5.1822500166672389 256.53376766480505
leaf_count=2659 27 200 804 72 134 32 18 5 212 79 208 204 11 71 76 41 40 94 3 644 288 11 69 315 25 57 23 43 145 615
internal_value=0.0077535 0.00498993 0.0167991 -0.0246622 0.0207884 0.00586471 0.00369436 -0.0354591 0.00516293 -0.0133511 0.0134596 -0.0338008 0.0306094 -0.102979 0.0236954 0.0261218 0.0125198 0.0237313 0.0339389 0.0155022 0.00717695 -0.0291867 0.0243122 0.0144781 -0.00167041 0.0185905 -0.00388196 -0.0215007 0.0265748 0.00681994
internal_weight=747.698 572.723 174.975 15.3579 159.617 566.26 504.814 18.25 486.564 39.9702 17.2952 22.675 15.0465 5.81537 61.4461 59.8601 31.9602 29.0629 26.0374 134.836 69.3254 11.5918 65.5111 57.7336 22.4216 16.4162 12.4347 8.66157 63.9779 446.593
internal_count=7225 4691 2534 876 1658 4491 4148 160 3988 714 298 416 219 89 343 311 235 194 100 1631 773 299 858 474 340 97 71 66 789 3274
is_linear=0
shrinkage=0.05


Tree=133
num_leaves=31
num_cat=0
split_feature=12 12 3 12 3 3 13 13 3 3 13 12 12 1 1 12 3 1 13 1 12 1 1 1 1 13 1 3 6 1
split_gain=6.96556 14.3736 10.6803 9.14016 8.20449 12.0239 10.2209 14.6101 6.96957 6.66728 5.78578 8.88811 7.34695 10.8359 9.66902 16.5551 9.57065 7.27882 7.86921 7.99505 6.53685 6.23468 21.539 8.645 20.4808 22.2909 12.4286 33.4508 13.914 8.31864
threshold=2.1466012901733391 2.0833966452448318 0.38025229357798168 2.1576065010327148 0.77612500000000029 0.73019230769230792 40.500000000000007 55.000000000000007 0.67038461538461569 0.71519230769230802 5.5000000000000009 0.76342292446103932 1.6882929624056546 0.33347858488559728 0.29500409960746771 0.94417647524796544 0.14820175438596495 0.25769822299480444 4.5000000000000009 0.24284165352582934 1.7990871646976954 0.31505014002323156 0.23771545290946963 0.2348379194736481 0.18085987120866778 9.0000000000000018 0.14524205029010775 0.44970149253731345 1.0000000180025095e-35 1.0000000180025095e-35
decision_type=2 2 2 2 2 2 2 2 2 2 2 2 2 2 2 2 2 2 2 2 2 2 2 2 2 2 2 2 2 2
left_child=1 4 3 -2 5 6 10 -8 -4 -10 11 -1 14 -14 17 16 -16 18 19 -13 21 22 23 24 26 -26 27 28 -12 -30
right_child=2 -3 8 -5 -6 -7 7 -9 9 -11 20 12 13 -15 15 -17 -18 -19 -20 -21 -22 -23 -24 -25 25 -27 -28 -29 29 -31
leaf_value=-0.054949586242690487 0.048419326737977698 -0.070838611356468989 -0.064242280342533084 0.014954813918807236 0.021344607803004942 -0.076490011199496513 -0.10210473173427748 -0.0029702599155464701 0.035968311899311212 -0.057990988254947501 0.0014005095646363434 0.010886276408229791 -0.039691991015198047 0.020228478141093964 -0.072476643481819203 -0.075256199959674322 0.029428243733977427 0.036442948225633799 -0.061142609314001145 -0.075873147295546006 0.047861530783845842 0.027005613149822739 -0.058926915876818947 0.054691124164221741 0.026340976225678926 -0.091417252540323346 0.032031565171900082 -0.071115091389248625 0.070601547851748145 0.019496363535840885
leaf_weight=7.409204452596895 24.109325177210849 6.2167681418140992 6.2875258265848961 132.78067738405662 72.198431842640275 4.6775374895660198 5.3735997113399234 12.05252824234776 5.7454683372925484 2.8121304099513509 88.939783103764057 94.024612838155008 22.94306672703533 11.24183877823816 2.8562883320264545 9.3629735306676576 11.916926596255506 23.436558186076581 4.2418268474139031 2.7325600289041168 10.980189129710196 38.887123757973313 12.33057335205376 9.8854807764291746 6.5557301882654455 10.384373445063828 53.198331525549293 13.518191640730945 12.938560113310812 20.705424083862454
leaf_count=808 27 200 498 1631 451 119 84 69 66 312 186 914 528 115 54 255 54 85 276 33 7 55 68 3 16 67 66 115 5 58
internal_value=0.00743619 0.0047725 0.0162618 0.0200973 0.00560772 0.00329179 0.00405979 -0.0335398 -0.0242739 0.00509215 0.00545836 -0.00126381 0.00091268 -0.0199869 0.00572147 -0.0232407 0.00972571 0.0113391 0.00551385 0.00843607 0.0100513 0.0084984 0.00534816 0.00901523 0.0068259 -0.0458454 0.0115393 0.00352953 0.0117611 0.03915
internal_weight=740.744 569.008 171.735 156.89 562.792 490.593 485.916 17.4261 14.8451 8.5576 468.49 190.166 182.757 34.1849 148.572 24.1362 14.7732 124.436 100.999 96.7572 278.324 267.344 228.456 216.126 206.24 16.9401 189.3 136.102 122.584 33.644
internal_count=7225 4691 2534 1658 4491 4040 3921 153 876 378 3768 3122 2314 643 1671 363 108 1308 1223 947 646 639 584 516 513 83 430 364 249 63
is_linear=0
shrinkage=0.05


Tree=134
num_leaves=31
num_cat=0
split_feature=12 3 12 10 0 1 11 0 0 0 12 2 3 12 3 12 12 2 0 0 2 10 0 0 1 12 1 1 10 3
split_gain=6.43486 6.71518 5.47622 5.43652 10.8516 11.289 15.4527 14.1414 14.2408 10.8303 8.91412 9.90466 8.48088 6.60899 14.8032 11.3508 6.99362 5.74022 5.1984 4.32141 10.3864 5.7475 5.34257 5.43556 3.98085 14.9253 4.03822 7.59915 17.3172 3.47326
threshold=3.3370315807935782 0.87487804878048803 5.4103734435467947 0.22500000000000003 15.538787777514528 0.061179427430033691 1.0000000180025095e-35 0.34227109690108232 0.53722337141813037 0.8201012476101518 2.8570268642970738 2.2500000000000004 0.13503521126760568 2.1466012901733391 0.36022727272727278 2.0833966452448318 2.1576065010327148 2.2500000000000004 7.1395630368119418 2.1060495699636372 1.0000000180025095e-35 1.0000000180025095e-35 8.6264725158976123 6.2120559585478743 0.12385080382227899 0.88079119342587353 0.12175370380282403 0.080549564212560668 0.22500000000000003 0.059642857142857157
decision_type=2 2 2 2 2 2 2 2 2 2 2 2 2 2 2 2 2 2 2 2 2 2 2 2 2 2 2 2 2 2
left_child=1 3 19 10 5 7 9 -5 -9 -7 13 -12 18 15 16 17 -15 29 -8 21 22 -2 23 -21 26 -26 27 -3 -29 -1
right_child=2 24 -4 4 -6 6 12 8 -10 -11 11 -13 -14 14 -16 -17 -18 -19 -20 20 -22 -23 -24 -25 25 -27 -28 28 -30 -31
leaf_value=-0.0017251567248262028 0.043530508210856522 0.034023706757795813 -0.067955692268533263 -0.15627962268668194 0.029783544170764904 0.034844508049423184 -0.07272168419097251 0.052425117633225139 -0.10435707300875384 -0.058921493037858319 -0.065920633135656367 0.026124989227281539 -0.087013158941874391 0.047790922286555806 -0.065104416155284603 -0.073482627733617925 0.015018254753989499 0.030754610574044397 0.033768786007311112 -0.061857981095634423 0.032998014752434142 -0.055991695613421301 -0.062724401324900536 0.024774196639744474 -0.082791142038765766 0.02829571552861573 0.061715586756580287 -0.097818997529161372 0.054356649022114137 0.0074560120990012149
leaf_weight=172.78073165257229 27.773087428746297 28.552935132720449 1.6624166575566039 3.2454093359265226 12.538948247791266 16.506205899993805 1.7555276163911893 2.8987441390781896 2.8947682053549215 3.7858840394328572 8.7423342859765381 4.3903544824570409 7.4903652508583036 23.351888864766806 4.8510330283388603 4.6559695380419717 53.743061310960911 20.62492651399225 3.3007209377828985 2.4753035372705181 23.756130712106824 1.5306584129139071 4.9888737108558407 6.7427268481114879 4.0441630660789114 11.982931331283906 7.9142326032742849 3.7818795547573236 3.6971018314361572 255.09792304055009
leaf_count=973 331 133 114 113 27 223 69 4 50 168 394 10 320 25 247 141 353 43 10 153 76 343 147 60 68 164 3 72 1 2390
internal_value=0.00715251 0.00564006 0.021692 0.00405221 -0.0110213 -0.0232391 -0.00961924 -0.0727204 -0.0259122 0.0173506 0.00554837 -0.0351491 -0.0532386 0.00654718 0.0196143 0.00418422 0.024945 0.00499049 -0.00320467 0.0239075 0.0127732 0.038332 -0.0210458 0.00151099 0.0215959 0.000264848 0.0293753 0.0222719 -0.0225937 0.00374858
internal_weight=731.557 662.628 68.9292 602.655 54.4166 41.8776 32.8387 9.03892 5.79351 20.2921 548.238 13.1327 12.5466 535.106 81.946 453.16 77.095 448.504 5.05625 67.2668 37.963 29.3037 14.2069 9.21803 59.9732 16.0271 43.9461 36.0319 7.47898 427.879
internal_count=7225 6001 1224 5560 984 957 790 167 54 391 4576 404 399 4172 625 3547 378 3406 79 1110 436 674 360 213 441 232 209 206 73 3363
is_linear=0
shrinkage=0.05


Tree=135
num_leaves=31
num_cat=0
split_feature=12 11 12 13 12 0 0 12 0 0 14 14 12 14 10 0 12 10 14 2 12 12 11 13 14 14 14 12 6 0
split_gain=6.15732 5.92131 5.90017 4.93383 6.33116 11.9722 5.68342 12.5806 5.45255 7.456 4.70381 14.1575 8.6905 7.28979 11.5674 10.2068 12.2165 8.1531 9.20464 6.52574 25.7993 12.4118 10.1846 9.05806 5.34893 11.8501 5.10887 4.74565 4.535 15.3045
threshold=3.3370315807935782 0.16421568627450983 5.4103734435467947 27.000000000000004 0.32689343293555401 11.005681806116822 19.340069403769689 0.72307810995979738 17.216839764902968 13.890772499340597 47.500000000000007 41.500000000000007 1.0000000180025095e-35 55.500000000000007 0.22500000000000003 3.066815318185641 0.88735563278993945 0.27500000000000008 86.500000000000014 1.0000000180025095e-35 0.72307810995979738 2.2773976737365413 0.13100686498855837 20.000000000000004 33.500000000000007 26.500000000000004 31.500000000000004 0.88609846275665027 1.0000000180025095e-35 0.087094578385637
decision_type=2 2 2 2 2 2 2 2 2 2 2 2 2 2 2 2 2 2 2 2 2 2 2 2 2 2 2 2 2 2
left_child=3 2 -2 6 -5 -6 8 -8 9 10 11 19 -13 -12 15 16 -15 -16 -19 21 -21 23 -22 24 25 28 -27 -28 29 -1
right_child=1 -3 -4 4 5 -7 7 -9 -10 -11 13 12 -14 14 17 -17 -18 18 -20 20 22 -23 -24 -25 -26 26 27 -29 -30 -31
leaf_value=-0.0080111869913832966 0.025649680472592126 -0.074152897674014853 -0.068154349600364747 0.029265659267424339 -0.083425336527202382 0.027995749397269488 0.038374849598768551 -0.095017900957369575 0.037305088002941848 -0.077723994931713669 0.037633267929252416 -0.18718155496538236 -0.035955238786459461 0.013023029559908434 -0.12415342542016501 0.026588494943436833 -0.084081577947258054 0.025553273361224045 -0.10320065246089856 -0.076716762506406744 -0.014989455410104666 -0.037400793037861368 0.03841714350189987 -0.067728014778943038 0.030617759423871151 -0.077771033739629902 0.036967874720311489 -0.067919861300887271 0.014350761987090718 0.018455828870739991
leaf_weight=127.09934745477221 69.427912991328412 1.5908039709611319 1.7178153413842654 41.976088087074459 3.9054494879674149 6.2999543054029346 3.035665661096572 4.2313371832715347 12.931423604488371 2.7453618844738221 26.064179762201093 1.457988382782786 2.7267299933446338 8.827134340623159 2.4675692652090202 43.231229337397963 5.1163278868552871 4.2107798347205971 2.0707582304967218 12.166700619505717 21.393167758345953 16.135093129279994 15.318939935415981 3.9871724764816454 24.590631707847933 5.7456603232567414 2.6086884090909734 1.8383976858167441 162.27126160862827 95.780819680308923
leaf_count=1073 1130 35 114 111 68 12 4 41 13 35 85 16 103 56 47 63 80 79 94 192 342 775 35 43 147 134 10 43 1660 614
internal_value=0.00744468 0.0212516 0.0233848 0.00592361 0.0206781 -0.0146434 0.00465741 -0.0392954 0.00518906 0.00448258 0.0048683 0.00293203 -0.0886437 0.0152481 0.00639767 0.0145907 -0.0226079 -0.0471433 -0.0168915 0.00371581 -0.0136164 0.00564096 0.00729563 0.00727919 0.00799136 0.00658399 -0.0466285 -0.00639206 0.00799222 0.00336278
internal_weight=732.97 72.7365 71.1457 660.234 52.1815 10.2054 608.052 7.267 600.785 587.854 585.109 493.121 4.18472 91.988 65.9238 57.1747 13.9435 8.74911 6.28154 488.936 48.8788 440.057 36.7121 423.922 419.935 395.344 10.1927 4.44709 385.151 222.88
internal_count=7254 1279 1244 5975 191 80 5784 45 5739 5726 5691 5187 119 504 419 199 136 220 173 5068 569 4499 377 3724 3681 3534 187 53 3347 1687
is_linear=0
shrinkage=0.05


Tree=136
num_leaves=31
num_cat=0
split_feature=12 12 13 12 13 12 0 0 0 0 1 1 6 14 1 14 14 14 0 1 13 14 10 1 0 6 1 12 1 13
split_gain=5.62712 5.31775 4.74737 4.74033 4.38938 5.80264 11.1798 5.2678 5.00319 6.99248 5.35961 15.5243 13.0794 7.46887 14.7638 6.95244 10.7768 8.45365 16.4407 31.7965 18.6958 18.5827 18.0568 14.7115 13.1678 12.9968 11.5467 10.6822 9.62888 8.6638
threshold=3.3370315807935782 5.4103734435467947 3.5000000000000004 3.1879342431761795 27.000000000000004 0.32689343293555401 11.005681806116822 19.340069403769689 17.216839764902968 13.890772499340597 0.015745282173156742 0.046988107264041908 1.0000000180025095e-35 5.5000000000000009 0.0043633040040731439 46.500000000000007 41.500000000000007 2.5000000000000004 0.087094578385637 0.11497527733445169 6.5000000000000009 5.5000000000000009 0.22500000000000003 0.23643275350332263 0.10329616193342607 0.3000000000000001 0.3486799448728562 2.2653345859208631 0.078742533922195448 5.5000000000000009
decision_type=2 2 2 2 2 2 2 2 2 2 2 2 2 2 2 2 2 2 2 2 2 2 2 2 2 2 2 2 2 2
left_child=3 2 -2 4 7 -6 -7 8 9 10 12 -12 -1 14 -14 16 17 28 19 21 25 -19 -22 24 -20 29 -25 -26 -13 -21
right_child=1 -3 -4 -5 5 6 -8 -9 -10 -11 11 15 13 -15 -16 -17 -18 18 23 20 22 -23 -24 26 27 -27 -28 -29 -30 -31
leaf_value=0.0060374171658691134 0.024761384049434877 -0.067413993349559262 -0.052879286010168662 -0.061138339484633847 0.028245537015599897 -0.08207795958695624 0.02716236487299474 -0.038143922089645628 0.036465997031569865 -0.076314816746903352 -0.075187857779349179 -0.070816559680646554 -0.064366099181442787 0.071386348754428494 0.043802458132148801 0.02339345123025589 -0.11294404041288131 -0.078096332661093254 0.05459117443801112 -0.059345661515142867 -0.091443819875891064 0.030219416136736701 -0.00024001162482301401 0.024099645847939551 -0.050619240882273132 0.020772159970667836 -0.011280153066796958 0.0098706205080876276 0.021935458142888439 0.015547700617520123
leaf_weight=169.90112462336401 68.22522922916869 1.6830392247866246 2.0273641843086798 2.6433632030893923 41.334171118214726 3.7744200367014837 6.1718978676944971 7.071990536118391 12.576642613857983 2.658463208237662 6.4962225451017721 2.934062831242044 3.9679099860040905 12.356472826213578 15.389138191356322 36.83597401111183 2.0803636396158245 4.4800406599679254 5.1568167713703579 15.546901933077608 22.217898638918999 34.095102129474981 7.1809765034122384 94.777873389561137 22.774149532633601 14.679971690202363 30.477352917572716 10.740594827395396 60.400766143418878 5.1376455798745146
leaf_count=825 867 115 297 164 111 68 12 40 13 35 206 106 151 11 43 301 69 153 9 1031 136 157 20 412 684 243 298 153 513 11
internal_value=0.00714344 0.0204167 0.0225208 0.00568316 0.0059544 0.019995 -0.0142921 0.00475425 0.00526596 0.00458976 0.00496211 0.00143538 0.0115395 0.0410162 0.0216295 0.00278245 0.000500296 0.00121417 -0.00267799 -0.018297 -0.0397021 0.0176398 -0.0691664 0.00716812 -0.0197891 -0.0152081 0.015491 -0.0312338 0.0176386 -0.0407436
internal_weight=725.794 71.9356 70.2526 653.858 651.215 51.2805 9.94632 599.934 592.862 580.286 577.627 376.013 201.615 31.7135 19.357 369.516 332.681 330.6 267.265 103.339 64.7634 38.5751 29.3989 163.927 38.6716 35.3645 125.255 33.5147 63.3348 20.6845
internal_count=7254 1279 1164 5975 5811 191 80 5620 5580 5567 5532 4502 1030 205 194 4296 3995 3926 3307 1751 1441 310 156 1556 846 1285 710 837 619 1042
is_linear=0
shrinkage=0.05


Tree=137
num_leaves=31
num_cat=0
split_feature=12 11 12 12 14 13 13 11 0 13 0 0 0 12 0 0 12 2 14 10 12 13 0 13 2 7 2 0 0 14
split_gain=5.13908 5.44681 5.10489 4.45521 4.39131 4.09713 4.04807 5.46897 6.34152 10.5649 4.72555 4.67104 6.51487 4.98502 12.5237 10.2662 11.915 12.4521 11.4118 9.54075 9.10766 8.39151 9.29568 14.1873 7.999 9.18412 10.6803 7.90618 9.98357 8.40551
threshold=3.3370315807935782 0.16421568627450983 5.4103734435467947 3.1879342431761795 3.5000000000000004 3.5000000000000004 27.000000000000004 0.0086232530478739227 15.538787777514528 35.500000000000007 19.340069403769689 17.216839764902968 13.890772499340597 1.6154751663238869 0.99987383733576085 0.61223959779835269 0.9275846187543545 2.2500000000000004 9.5000000000000018 0.22500000000000003 1.0515018445150426 4.5000000000000009 6.4448732367024153 2.5000000000000004 1.0000000180025095e-35 0.20000000000000004 2.2500000000000004 0.41293818537966354 0.10329616193342607 6.5000000000000009
decision_type=2 2 2 2 2 2 2 2 2 2 2 2 2 2 2 2 2 2 2 2 2 2 2 2 2 2 2 2 2 2
left_child=3 2 4 6 -2 -6 10 -8 9 -9 11 12 13 15 -15 24 17 -17 -18 21 -20 22 23 -16 27 26 -26 28 29 -1
right_child=1 -3 -4 -5 5 -7 7 8 -10 -11 -12 -13 -14 14 19 16 18 -19 20 -21 -22 -23 -24 -25 25 -27 -28 -29 -30 -31
leaf_value=0.015586247282411994 -0.059588573444562525 -0.07353017581514508 -0.067416173902773477 -0.060763785589868724 0.027642000897998256 -0.05277436270760593 0.027578867313102474 0.039899678186323971 0.041892924961090497 -0.08998627121064541 -0.035842308941053169 0.035624593227851428 -0.074980670886214768 -0.0092547871121123979 0.0089576828308957201 -0.049326060123132294 -0.06415189967295061 0.029402851691327142 0.029101307434620208 -0.059200536284162421 -0.01507247536019821 0.036135964095533497 0.027265689803373152 -0.068740392136479936 -0.076040235089877631 0.050950850474598963 0.027903872707693629 0.037862752922146206 -0.078260622232840665 -0.002466177311532881
leaf_weight=130.96761628511013 1.545135761696655 1.5352849078481074 1.5713713982840989 2.5295539439866834 64.828677737466933 1.6235805769829301 40.295001198770478 2.4898070851340872 3.4193459153175354 4.2177702006883919 7.147808328154496 12.238686695694922 2.5726591221755362 52.162494713571505 25.648626347800018 29.377516234082577 5.8795091362844678 6.0581542998552314 26.571619939684751 3.7285456393001359 20.804668690048857 57.60505262362858 38.404960246058181 7.620785505132516 9.0844210846989863 2.9046384162793393 3.3947763403411946 20.420714447973296 3.5048471559275631 127.01760301530157
leaf_count=808 248 35 114 164 642 240 126 5 3 57 40 13 35 1472 182 476 198 8 87 166 215 161 133 230 214 9 10 102 115 946
internal_value=0.00686663 0.0196249 0.0216807 0.00546249 0.0237397 0.0256772 0.00572281 0.0193237 -0.0135236 -0.0417735 0.00456657 0.00505949 0.00440748 0.00476507 0.0115092 0.00152969 -0.0133997 -0.0358664 0.0015493 0.0196523 0.00970298 0.0219265 0.0105063 -0.00884006 0.00598355 -0.0291254 -0.0477638 0.00789944 0.0055595 0.00669824
internal_weight=717.171 71.1041 69.5688 646.067 67.9974 66.4523 643.538 50.4219 10.1269 6.70758 593.116 585.968 573.729 571.157 185.17 385.986 88.6915 35.4357 53.2558 133.008 47.3763 129.279 71.6744 33.2694 297.295 15.3838 12.4792 281.911 261.49 257.985
internal_count=7254 1279 1244 5975 1130 882 5811 191 65 62 5620 5580 5567 5532 2344 3188 984 484 500 872 302 706 545 412 2204 233 224 1971 1869 1754
is_linear=0
shrinkage=0.05


Tree=138
num_leaves=31
num_cat=0
split_feature=12 11 12 12 14 13 13 12 0 0 0 0 12 0 0 11 10 13 0 13 12 12 14 6 0 0 6 14 14 10
split_gain=4.72394 5.04745 4.7521 4.18743 4.0715 3.79516 3.74251 5.21875 10.0242 4.23926 4.35895 6.07276 4.5752 11.5242 9.36571 11.1463 8.89433 7.81458 8.58416 15.8442 7.80038 7.14648 6.76648 7.50631 6.74132 10.3619 9.42468 14.9685 17.3903 18.1771
threshold=3.3370315807935782 0.16421568627450983 5.4103734435467947 3.1879342431761795 3.5000000000000004 3.5000000000000004 27.000000000000004 0.32689343293555401 11.005681806116822 19.340069403769689 17.216839764902968 13.890772499340597 1.6154751663238869 0.99987383733576085 0.61223959779835269 0.014599317988064794 0.22500000000000003 4.5000000000000009 7.5084116722156979 2.5000000000000004 0.72307810995979738 1.7990871646976954 51.500000000000007 1.0000000180025095e-35 0.41293818537966354 0.10329616193342607 1.0000000180025095e-35 11.500000000000002 5.5000000000000009 0.17500000000000004
decision_type=2 2 2 2 2 2 2 2 2 2 2 2 2 2 2 2 2 2 2 2 2 2 2 2 2 2 2 2 2 2
left_child=3 2 4 6 -2 -6 9 -8 -9 10 11 12 14 21 24 -16 17 18 19 -15 -17 -14 23 -23 25 26 27 28 -1 -30
right_child=1 -3 -4 -5 5 -7 7 8 -10 -11 -12 -13 13 16 15 20 -18 -19 -20 -21 -22 22 -24 -25 -26 -27 -28 -29 29 -31
leaf_value=0.010520881619520769 -0.059112432938993202 -0.072283449400267763 -0.06703441758133917 -0.060398069741064944 0.026581345679368484 -0.052645794892566114 0.026601556439558562 -0.08001401787705581 0.025667904925270886 -0.033692051473212629 0.034781518457155831 -0.073717018952852695 -0.058864032409579548 0.010679561126173603 -0.030469569280421233 -0.076239571686964963 -0.058877621429978558 0.035068510873012097 0.028656939405477172 -0.068551880341552712 0.010774805886688672 0.0085294055021442172 -0.10188123917523645 -0.060666901799814703 0.033332549595802466 -0.077941069494855283 0.015298812636141183 0.0075772881312112829 -0.087920161622955101 -0.010433549804984612
leaf_weight=19.877260866458528 1.481317843801661 1.4849561668233935 1.5030344510741986 2.4203890167300406 64.064653665780497 1.5480741168503289 40.028520447202027 3.6248529599979502 5.8894301857799292 7.2218321677064514 11.916850404813884 2.4880716137122354 6.2692600788795962 29.522418210486649 44.446910941027454 2.7512426492030491 3.5656639304215778 56.421186621213565 33.156006313802209 8.0249775245611072 40.336834571651707 39.922523368746624 1.6337100166092557 4.3458660584146847 20.562586573883891 3.836740607104729 119.62674573482946 101.3984868691623 15.332574319916604 14.946404464775695
leaf_count=122 248 35 114 164 642 240 111 68 12 40 13 35 288 193 643 76 166 161 112 240 265 604 84 496 109 130 794 718 243 88
internal_value=0.0065937 0.0189174 0.0208916 0.00524331 0.0228614 0.0247121 0.00549267 0.0186899 -0.0145959 0.00437996 0.0048537 0.00422632 0.00456897 0.0110759 0.00146318 -0.0129024 0.0190066 0.0211911 0.010117 -0.00625452 0.0052188 -0.00879052 -0.00195153 0.00173634 0.00571748 0.00365275 0.00480716 -0.00347422 -0.0258165 -0.049671
internal_weight=709.649 70.082 68.5971 639.567 67.094 65.6127 637.147 49.5428 9.51428 587.604 580.382 568.465 565.977 182.862 383.116 87.535 130.69 127.125 70.7034 37.5474 43.0881 52.1714 45.9021 44.2684 295.581 275.018 271.181 151.555 50.1562 30.279
internal_count=7254 1279 1244 5975 1130 882 5811 191 80 5620 5580 5567 5532 2344 3188 984 872 706 545 433 341 1472 1184 1100 2204 2095 1965 1171 453 331
is_linear=0
shrinkage=0.05


Tree=139
num_leaves=31
num_cat=0
split_feature=12 11 12 12 14 13 13 11 11 3 11 14 11 10 3 11 11 14 12 14 14 12 10 13 11 14 3 13 11 3
split_gain=4.33876 4.67854 4.42366 3.93653 3.77562 3.51624 3.45038 4.87429 4.15025 10.1989 3.32565 9.48656 7.97045 7.31829 11.9089 5.7042 8.73488 5.48714 14.0415 3.6258 9.72762 22.242 18.8296 16.1159 7.1123 7.89077 9.56898 5.90522 5.73861 12.0508
threshold=3.3370315807935782 0.16421568627450983 5.4103734435467947 3.1879342431761795 3.5000000000000004 3.5000000000000004 27.000000000000004 0.0086232530478739227 0.10435606060606063 0.045192307692307705 0.096464019851116647 12.500000000000002 0.075922266139657454 1.0000000180025095e-35 0.047100840336134465 0.072004608294930897 0.061672850958565235 25.500000000000004 0.93778201029957164 6.5000000000000009 11.500000000000002 1.6014684549625273 0.17500000000000004 2.5000000000000004 0.023960599468213686 40.500000000000007 0.16504716981132078 11.500000000000002 0.014599317988064794 0.073627819548872195
decision_type=2 2 2 2 2 2 2 2 2 2 2 2 2 2 2 2 2 2 2 2 2 2 2 2 2 2 2 2 2 2
left_child=3 2 4 6 -2 -6 10 -8 9 -9 12 13 15 14 -12 16 19 -13 -19 27 21 22 -21 -23 28 -26 -27 -1 29 -22
right_child=1 -3 -4 -5 5 -7 7 8 -10 -11 11 17 -14 -15 -16 -17 -18 18 -20 20 24 23 -24 -25 25 26 -28 -29 -30 -31
leaf_value=0.0094971571022174472 -0.058659196485563884 -0.071103180529037996 -0.066645004399128877 -0.060040979384350102 0.025545932986756677 -0.0525228788599773 0.025902590159715307 0.041937035128972379 0.027276594003683124 -0.092768605445099725 0.029693123847678544 0.033746746245694764 -0.069038849630815344 0.015010091382195265 -0.065262615857071535 0.050344162902627748 -0.069404065398669459 -0.099954322322952302 0.021708803286204878 -0.078249476161264653 0.010854719264437906 -0.074864094399278366 -0.0081522621523996731 0.028250237917051047 -0.064014595511462352 0.025927527435886551 -0.069954320724093161 -0.07095922406590259 0.034552851382536949 -0.024079227501311123
leaf_weight=187.94421013509418 1.4196850010303013 1.4353848848259065 1.4378758316961455 2.3156936662380749 63.346962616968085 1.475932935689342 39.099540263880044 2.3115146765485388 3.7603448785375804 3.5835298863239586 4.88766889960971 43.702821395243518 3.8534645872059619 14.845399391895624 10.177483565661531 6.3207496334216549 4.1829538657038929 2.90434083942091 12.928458480222615 18.642485160380602 149.02076568186749 4.3886471926234654 19.708371816755971 27.745234218600672 7.4893877414579064 9.6950606328900886 3.5567952675992265 2.308645023033022 18.18191014653712 29.588067425440386
leaf_count=2121 248 35 114 164 642 240 126 8 22 35 40 177 177 117 261 14 107 49 65 295 576 118 151 184 240 32 111 35 101 649
internal_value=0.00632901 0.0182241 0.0201185 0.00503051 0.0220019 0.0237684 0.00526938 0.0180463 -0.0137676 -0.039949 0.00419917 0.0130686 0.00258874 -0.00990447 -0.0344556 0.00315345 0.00253519 0.0246103 -0.000608866 0.00316437 -0.000373909 -0.0165167 -0.0422268 0.0141675 0.00485668 -0.0229916 0.00019286 0.00852085 0.00779182 0.00506761
internal_weight=702.259 69.1158 67.6805 633.144 66.2426 64.8229 630.828 48.7549 9.65539 5.89504 582.073 89.4462 492.627 29.9106 15.0652 488.773 482.453 59.5356 15.8328 478.27 288.017 70.4847 38.3509 32.1339 217.532 20.7412 13.2519 190.253 196.791 178.609
internal_count=7254 1279 1244 5975 1130 882 5811 191 65 43 5620 709 4911 418 301 4734 4720 291 114 4613 2457 748 446 302 1709 383 143 2156 1326 1225
is_linear=0
shrinkage=0.05


Tree=140
num_leaves=31
num_cat=0
split_feature=3 1 1 14 12 3 12 0 7 12 2 14 12 10 12 12 1 0 1 11 12 11 11 11 0 0 12 1 1 10
split_gain=9.01204 12.2945 12.306 8.09967 8.32122 7.84484 5.47212 17.054 7.74016 6.46277 5.62501 8.30266 6.99333 8.53008 7.12186 11.8578 7.66597 14.9781 9.31455 7.25862 6.6457 6.56864 9.20554 7.87368 15.5673 6.96244 14.6513 6.89186 10.4987 17.4649
threshold=1.0260526315789475 0.080549564212560668 0.078742533922195448 110.50000000000001 1.5888298744004119 0.073627819548872195 3.3703496293710251 6.125991563620679 1.0000000180025095e-35 3.3370315807935782 2.2500000000000004 102.50000000000001 2.8570268642970738 0.22500000000000003 1.6154751663238869 1.0000000180025095e-35 0.26258634030818945 0.99987383733576085 0.24433899670839312 0.14670014347202301 1.6725182684501305 0.09910714285714288 0.037089947089947096 0.035149493451939719 2.3436627430448396 1.6307080372290226 1.5257085928350347 0.29500409960746771 0.27326880395412451 1.0000000180025095e-35
decision_type=2 2 2 2 2 2 2 2 2 2 2 2 2 2 2 2 2 2 2 2 2 2 2 2 2 2 2 2 2 2
left_child=3 2 -2 6 5 -5 9 -8 -9 10 11 12 14 -14 15 -1 18 -18 20 21 -16 22 23 24 25 26 27 28 29 -17
right_child=1 -3 -4 4 -6 -7 7 8 -10 -11 -12 -13 13 -15 16 19 17 -19 -20 -21 -22 -23 -24 -25 -26 -27 -28 -29 -30 -31
leaf_value=0.0079573107644520125 -0.035564643557420755 -0.083575161518254171 0.057170565865740985 0.014787017077749078 0.035600501513554782 -0.066183845934592464 -0.065219457914159507 0.019781563834309263 -0.066090327439668028 0.054598900080228545 0.026001067248663724 -0.095372124847465573 -0.065274185127215417 0.045170733461160142 -0.061509505077187589 -0.047740703488220119 -0.064196681155750487 0.032060562010610361 -0.079341633375850734 -0.069901587666533579 0.010540433164985413 0.022822253595350867 -0.07084825414184398 0.052670382378264151 -0.061515810065771996 0.033556263657228809 -0.085199110970718264 -0.068845965140363938 0.044009169588551424 0.020379266670839263
leaf_weight=244.64939989996492 9.7396997939704324 6.4856049970840095 5.6541571402922264 10.791555631905792 43.530728757079487 4.1385150493297251 11.146401491667346 21.589806037896782 2.9872300438000812 6.8302247570827594 32.052373284706846 2.0758383698994285 7.0649369013080996 2.3231026761350222 3.3417728372805859 16.920851826813305 4.2948493140138444 68.480684599402593 3.2137960874242699 5.0888864172738968 75.689418932466651 14.270016787486382 6.529944111374788 4.8403258756734422 13.772957292734644 10.797503731970208 5.8531537657981962 3.5851505293903747 11.858289360912748 21.195783124523587
leaf_count=937 120 261 5 33 119 64 862 212 88 6 80 22 392 32 147 482 294 264 69 170 1107 152 275 4 309 48 120 168 27 376
internal_value=0.00573844 -0.0258312 -0.00150304 0.00678672 0.024553 -0.00765756 0.00505697 -0.0139211 0.00934422 0.00625748 0.00566565 0.00442613 0.00482165 -0.0379442 0.00560218 0.00173805 0.0145598 0.0263799 0.00410068 -0.0115259 0.00749386 -0.00881597 -0.0135507 -0.00933848 -0.0129123 -0.00337795 -0.0100902 -0.00188216 0.00292176 -0.00986076
internal_weight=680.793 21.8795 15.3939 658.913 58.4608 14.9301 600.453 35.7234 24.577 564.729 557.899 525.847 523.771 9.38804 514.383 359.362 155.021 72.7755 82.245 114.713 79.0312 109.624 95.354 88.824 83.9837 70.2107 59.4132 53.5601 49.9749 38.1166
internal_count=7245 386 125 6859 216 97 6643 1162 300 5481 5475 5395 5373 424 4949 3068 1881 558 1323 2131 1254 1961 1809 1534 1530 1221 1173 1053 885 858
is_linear=0
shrinkage=0.05


Tree=141
num_leaves=31
num_cat=0
split_feature=14 14 3 1 1 1 10 0 11 13 0 14 10 0 10 0 1 3 14 14 1 6 1 1 2 13 14 0 10 14
split_gain=8.50259 24.3756 8.08317 11.5116 11.4692 5.65382 5.28183 9.92539 9.4288 7.15373 5.03955 6.32405 4.4175 4.20771 12.3018 5.49421 5.18563 4.1184 4.33485 3.7934 3.7802 12.9345 9.50173 6.73113 6.68847 6.89809 10.6359 11.5306 10.9048 10.3811
threshold=49.500000000000007 42.500000000000007 0.9126470588235297 0.080549564212560668 0.078742533922195448 0.1171526648104191 0.52500000000000013 12.949626532447603 0.0078745039682539698 9.0000000000000018 18.394920433479928 55.500000000000007 0.22500000000000003 13.490109295819193 0.27500000000000008 8.3301373933810066 0.27530562877655035 0.039761904761904769 33.500000000000007 3.5000000000000004 0.2348379194736481 0.55000000000000016 0.2181469723582268 0.23643275350332263 2.2500000000000004 9.0000000000000018 3.5000000000000004 1.6307080372290226 1.0000000180025095e-35 16.500000000000004
decision_type=2 2 2 2 2 2 2 2 2 2 2 2 2 2 2 2 2 2 2 2 2 2 2 2 2 2 2 2 2 2
left_child=1 2 13 4 19 -3 7 -2 9 12 11 -8 -9 14 15 20 -17 -18 -19 -4 22 23 24 -22 25 26 -1 28 -28 -29
right_child=6 5 3 -5 -6 -7 10 8 -10 -11 -12 -13 -14 -15 -16 16 17 18 -20 -21 21 -23 -24 -25 -26 -27 27 29 -30 -31
leaf_value=0.014855109217141359 0.018035205026556388 -0.16976015820455811 -0.047384310744114227 -0.079762761418115377 0.056733676044481963 -0.064419106241588697 0.050048435692057726 -0.080052720515685669 -0.083828827530103664 0.042731328147803928 0.050114651973513363 -0.066374616292583358 0.0059514544906132368 0.027435288394540472 -0.072789837416993505 -0.066622677760262261 0.033858379182616548 -0.06370145655761926 0.025349746173287432 0.03702633068758561 0.060606942053044122 -0.063591921639517421 -0.062648423756385199 0.012716466747553407 0.040909399526044617 0.0085676456612143806 -0.055647889664862039 0.014230739097392829 -0.0057765689544935685 -0.073797920231112021
leaf_weight=37.596332066288596 99.895066442812094 1.9458979262417404 8.2775213965614984 6.8363596891213083 5.4187689588870844 3.6876247757209057 2.33719292872411 2.9890662214020249 4.7086455660755737 5.2953712940216064 18.435379148460925 2.3285311758954776 2.9831844248110428 20.152951201045653 5.1442951118333431 4.9659844076377331 4.1677895374596101 3.7322445686440915 2.1560127157717943 1.5860128218482703 7.7539670025580554 5.3908846786216591 5.4497376864092066 136.50391693456913 11.776388728991149 182.0618396041682 25.443732040468603 30.22272255574353 19.257184226007666 3.7665534771222147
leaf_count=1022 425 44 110 290 5 123 16 30 51 7 16 138 12 134 549 161 11 57 7 18 13 133 242 1149 25 493 920 310 670 64
internal_value=0.00552011 0.00264962 0.00375415 -0.0258316 -0.00170614 -0.100805 0.0165353 0.012183 -0.0244094 0.000421531 0.0383661 -0.00805502 -0.037093 0.0050486 0.00411912 0.00494296 -0.0248187 -0.00417465 -0.0310949 -0.0338115 0.00590396 0.012449 0.00280024 0.0152906 0.00395035 0.0024915 -0.00702149 -0.0174736 -0.0341633 0.00447576
internal_weight=672.267 533.295 527.661 22.1187 15.2823 5.63352 138.972 115.871 15.9763 11.2676 23.1011 4.66572 5.97225 505.543 485.39 480.245 15.022 10.056 5.88826 9.86353 465.223 149.649 315.574 144.258 310.125 298.348 116.287 78.6902 44.7009 33.9893
internal_count=7245 6550 6383 423 133 167 695 525 100 49 170 154 42 5960 5826 5277 236 75 64 128 5041 1295 3746 1162 3504 3479 2986 1964 1590 374
is_linear=0
shrinkage=0.05


Tree=142
num_leaves=31
num_cat=0
split_feature=14 3 1 1 10 0 12 0 14 12 0 1 12 11 0 12 10 14 10 12 14 1 14 14 12 0 14 12 12 12
split_gain=7.86168 7.19551 10.8353 10.6571 6.04574 6.0816 4.74433 14.9966 8.2257 6.25453 4.11292 7.87336 3.58926 6.25221 6.89704 6.23065 9.4712 7.65223 17.1886 7.67686 8.32991 7.26037 7.48643 6.15919 6.15703 11.5234 14.6174 7.94237 12.0883 6.73398
threshold=70.500000000000014 0.9126470588235297 0.080549564212560668 0.078742533922195448 0.12500000000000003 4.1112055706990605 3.3703496293710251 6.125991563620679 30.500000000000004 3.3370315807935782 6.7532546035884673 0.66147994995117199 1.6154751663238869 0.14670014347202301 17.216839764902968 2.2231115249540623 1.0000000180025095e-35 14.500000000000002 1.0000000180025095e-35 1.8592399146080612 8.5000000000000018 0.34568002820014959 7.5000000000000009 16.500000000000004 1.5257085928350347 1.6307080372290226 10.500000000000002 1.5126576166751728 1.1836087162752891 1.0224921205566442
decision_type=2 2 2 2 2 2 2 2 2 2 2 2 2 2 2 2 2 2 2 2 2 2 2 2 2 2 2 2 2 2
left_child=1 6 3 -3 5 -2 9 -8 10 12 -9 -12 13 24 -15 17 -17 18 19 -14 21 22 -21 -18 27 -26 -27 28 29 -1
right_child=4 2 -4 -5 -6 -7 7 8 -10 -11 11 -13 15 14 -16 16 23 -19 -20 20 -22 -23 -24 -25 25 26 -28 -29 -30 -31
leaf_value=0.0023107771019867207 -0.050578133917106798 -0.032246924976609907 -0.078111640024450188 0.056320068113162841 0.025653355823938274 0.0096163151919951492 -0.064275404437364 0.049318568264925471 -0.074221257891046555 0.054073398623102731 -0.037029861235731945 0.054726688540733572 0.026634033952402342 -0.068389229252877923 0.030186024123389721 -0.039006883180265059 0.022208344026565442 0.03045152706364404 -0.067203948802799007 -0.062480533983265356 -0.087787546364250221 0.04882914250771038 0.029462472717595414 -0.041101647112164352 -0.082869885019702105 0.04812807141377945 -0.07754732017938476 0.049003223737273602 -0.056702811035817868 0.028580647206366234
leaf_weight=277.4918309636123 5.2145632682513705 9.8238668576450454 6.6950138273332405 5.1913882456719866 73.234677543747239 21.483953255228698 10.250274842710498 7.7984661797236248 2.5264670767355701 6.4836887284182003 5.7135784428101015 3.9570634365081787 39.00542647196562 6.186921801796414 2.4880614727735519 14.164764568366079 22.545004354629786 54.504726048602606 7.3098804921246474 5.3502833259917697 3.0834871485130853 5.3720476469025007 3.7769278839696199 4.6307347438923889 5.9072373019007527 6.7137157605029625 3.530382985365577 9.6729747999925149 8.2543914763082267 26.746009019676421
leaf_count=1919 62 128 295 5 331 57 839 18 75 6 182 1 184 200 3 670 186 387 237 320 57 5 28 183 136 20 42 20 532 117
internal_value=0.00530026 0.00301442 -0.0252124 -0.00162569 0.0182279 -0.00214043 0.00414203 -0.0151017 0.010106 0.00527613 0.0223018 0.00051537 0.00465177 0.00179659 -0.040117 0.0108538 -0.00585786 0.0166886 0.00494896 0.0142694 -0.0131601 0.00271059 -0.0244336 0.0114203 0.00287132 -0.0272538 0.00481706 0.0043816 0.00300037 0.0046202
internal_weight=665.108 565.175 21.7103 15.0153 99.9332 26.6985 543.464 30.2458 19.9956 513.218 17.4691 9.67064 506.735 346.992 8.67498 159.743 41.3405 118.403 63.8981 56.5882 17.5827 14.4993 9.12721 27.1757 338.317 16.1513 10.2441 322.165 312.492 304.238
internal_count=7245 6795 428 133 450 119 6367 1115 276 5252 201 183 5246 2989 203 2257 1039 1218 831 594 410 353 348 369 2786 198 62 2588 2568 2036
is_linear=0
shrinkage=0.05


Tree=143
num_leaves=31
num_cat=0
split_feature=0 10 12 3 1 1 12 0 0 12 12 11 3 1 1 3 3 1 1 1 11 1 3 12 12 1 10 1 10 12
split_gain=7.42108 7.46798 8.00848 7.40064 10.3131 9.8807 6.46421 13.4486 11.4137 6.72128 7.44715 6.30135 6.15902 12.7117 20.2121 18.1639 8.00498 6.39451 8.52207 9.33355 8.40844 11.6128 19.516 6.06255 8.28467 5.52554 8.97596 8.43935 9.1175 8.48698
threshold=17.745907011616051 0.4250000000000001 2.0575662385929818 0.88060810810810841 0.080549564212560668 0.078742533922195448 3.3703496293710251 6.125991563620679 9.7663847138516982 1.6154751663238869 1.0000000180025095e-35 0.14670014347202301 0.020526315789473691 0.18878214061260226 0.34304684400558477 0.059642857142857157 0.044907407407407417 0.17984239012002948 0.020389707759022716 0.061179427430033691 0.049891774891774911 0.074171077460050597 0.53865384615384626 1.6289067424297814 1.6725182684501305 0.28510612249374395 0.17500000000000004 0.091744329780340209 0.17500000000000004 2.5839279248542426
decision_type=2 2 2 2 2 2 2 2 2 2 2 2 2 2 2 2 2 2 2 2 2 2 2 2 2 2 2 2 2 2
left_child=3 2 -2 6 5 -5 9 -8 -9 10 12 -12 -1 15 16 -14 -15 18 -17 -20 21 -21 -23 -11 -25 27 -27 -26 29 -29
right_child=1 -3 -4 4 -6 -7 7 8 -10 23 11 -13 13 14 -16 17 -18 -19 19 20 -22 22 -24 24 25 26 -28 28 -30 -31
leaf_value=0.022401187001486484 0.025089309679045452 0.045424158639134231 -0.042558231974444277 -0.030523245159469244 -0.075699357898608377 0.055927595390196587 -0.063816105108350604 0.031108763617379905 -0.067853653223180641 0.051955771237624952 -0.0055339251699148152 -0.067477143363882122 -0.047855598172883193 0.012247299003310756 0.021517158020541841 0.023914431654064032 -0.079671726180315053 0.039476198954887742 -0.070895015294202654 0.038516683437673588 0.026291439816503226 -0.096209565203293823 -0.0042337555558723582 -0.063945705255451624 0.016524434259673853 0.027514194069509786 -0.055231963724404691 -0.046616938872170666 0.033995291388694719 0.0072653933186350482
leaf_weight=52.377330681076273 13.56753400876187 22.115706591983326 6.4573622098832848 9.8587869935872749 6.855209061435743 4.9719786290079346 10.375494195035573 12.875798337045127 3.7656662038643836 9.745042019087121 128.41786267416319 4.2412913073494556 13.155349003383888 2.8670245248358759 12.041229488415409 56.221474818215938 13.624141268781385 20.354349733679555 4.6079939577612086 9.4617632493027468 24.174100008560345 7.3562728998949742 26.703049762523733 3.5697006278060135 65.990356502923532 69.142888444839627 3.4404445909094639 18.556607792503204 8.1908460142440145 12.055955322182852
leaf_count=111 23 29 139 128 310 5 870 84 112 17 2048 166 79 15 70 129 174 27 69 26 54 81 110 167 604 303 299 565 135 296
internal_value=0.00509691 0.0253953 0.00327523 0.00370603 -0.0249833 -0.00154081 0.00475465 -0.0191394 0.00871534 0.00589459 0.0020133 -0.00751433 0.00721585 0.00304215 -0.0277317 0.00846108 -0.0636914 0.0134374 0.00931363 -0.00203966 0.0026473 -0.010486 -0.0240991 0.0135395 0.0114706 0.0129883 0.023592 0.00564387 -0.01286 -0.0253968
internal_weight=657.139 42.1406 20.0249 614.998 21.686 14.8308 593.312 27.017 16.6415 566.295 375.603 132.659 242.944 190.567 28.5324 162.034 16.4912 148.879 128.525 72.3032 67.6952 43.5211 34.0593 190.692 180.947 177.377 72.5833 104.794 38.8034 30.6126
internal_count=7245 191 162 7054 443 133 6611 1066 196 5545 3159 2214 945 834 259 575 189 496 469 340 271 217 191 2386 2369 2202 602 1600 996 861
is_linear=0
shrinkage=0.05


Tree=144
num_leaves=31
num_cat=0
split_feature=0 3 1 1 12 0 0 12 0 11 1 11 3 3 0 12 13 0 0 12 12 1 1 1 13 1 1 13 11 3
split_gain=6.89799 6.7962 9.7484 9.16779 5.98369 12.7045 10.6845 6.17812 6.96765 17.7078 11.122 6.4971 6.17613 8.29359 5.82613 16.3589 10.1782 8.03903 5.79004 5.77612 7.73639 5.10535 7.93358 7.27772 8.88865 6.28674 6.5796 5.32451 5.23872 4.84793
threshold=17.745907011616051 0.88060810810810841 0.080549564212560668 0.078742533922195448 3.3703496293710251 6.125991563620679 9.7663847138516982 1.6154751663238869 2.5886835090271894 0.10749299719887959 0.41865955293178564 0.13100686498855837 0.81928571428571451 0.045192307692307705 1.4133353182350894 1.5257085928350347 1.5000000000000002 0.61931464101701594 0.087094578385637 1.6289067424297814 1.6725182684501305 0.28510612249374395 0.25083893537521368 0.28681518137454992 3.5000000000000004 0.35236762464046484 0.34109726548194891 17.000000000000004 0.24662162162162168 0.023303167420814484
decision_type=2 2 2 2 2 2 2 2 2 2 2 2 2 2 2 2 2 2 2 2 2 2 2 2 2 2 2 2 2 2
left_child=1 4 3 -3 7 -6 -7 8 9 14 11 12 13 -10 15 16 -1 18 -18 -9 -21 22 -22 -23 -25 26 -26 -24 -27 -20
right_child=-2 2 -4 -5 5 6 -8 19 10 -11 -12 -13 -14 -15 -16 -17 17 -19 29 20 21 23 27 24 25 28 -28 -29 -30 -31
leaf_value=-0.068944097385589057 0.024703200168669972 -0.028891292400689984 -0.074579005056706602 0.055554238759624786 -0.063275336342600796 0.030225006321215182 -0.067380319221202398 0.051265340996294262 -0.016322079214857673 -0.073997449371037693 0.018609015537358931 0.022315098369782172 0.030494355011055664 -0.067083983665463101 0.031096343437243545 -0.080398261507583099 0.0062040735147256831 -0.063377462163719867 0.047366608252427958 -0.063392822732171034 0.0088464010456281578 0.055428162629044611 -0.072010914936079362 0.028197952436416901 -0.040305358075908779 -0.076371047267427009 0.036317777680290451 0.050853357297410098 0.046278692692318824 0.0046557851474729652
leaf_weight=4.4073843855585428 41.191020725382259 9.8939665861453268 6.6163550711826238 4.7604732888285062 9.9516936294203351 12.596878013224343 3.6065444472769732 9.3914752048149222 15.487461692071518 6.9541415658895849 18.283720303559676 5.4884439688175908 3.1654610102996221 16.747793935544905 22.644045377295697 5.5319129254057762 242.26927199447528 3.926918153782025 16.657689968880735 3.4244714286869558 97.783088738626248 13.775945585191947 4.9677242897450915 39.671299314395583 4.5325817156553985 5.0724300249494254 7.3365867540705949 1.0720994817093012 1.051024298649281 11.051860575935278
leaf_count=152 191 128 310 5 870 84 112 17 103 251 71 14 6 326 124 137 1581 214 17 167 1482 12 116 278 93 195 21 2 3 163
internal_value=0.00490169 0.00356044 -0.0242034 -0.00145929 0.00456676 -0.0188096 0.00850009 0.00565721 0.00192837 0.0048991 -0.0138079 -0.0283032 -0.0361509 -0.0426954 0.00668924 0.00474214 0.00643444 0.00764734 0.00868042 0.0130447 0.0110359 0.0124901 0.00541131 0.0227777 0.0149775 -0.0141717 0.00705704 -0.0502019 -0.0553196 0.0303315
internal_weight=649.312 608.121 21.2708 14.6544 586.85 26.1551 16.2034 560.695 372.616 313.443 59.1729 40.8892 35.4007 32.2353 306.489 283.845 278.313 273.906 269.979 188.079 178.687 175.263 103.823 71.4399 57.6639 17.9926 11.8692 6.03982 6.12345 27.7096
internal_count=7245 7054 443 133 6611 1066 196 5545 3159 2639 520 449 435 429 2388 2264 2127 1975 1761 2386 2369 2202 1600 602 590 312 114 118 198 180
is_linear=0
shrinkage=0.05


Tree=145
num_leaves=31
num_cat=0
split_feature=1 13 1 1 1 12 1 1 3 3 3 3 11 11 1 12 13 1 1 14 12 1 1 13 3 14 3 12 14 12
split_gain=8.40176 21.1493 15.2431 13.7935 15.239 12.7699 8.63126 12.3024 13.1617 11.6738 8.87638 21.788 14.0475 7.08151 9.19549 8.03683 8.40277 6.78012 6.6669 6.3835 8.12952 6.36877 12.2355 6.33701 11.6974 16.3824 14.3176 7.09564 6.38584 6.29686
threshold=0.19433004409074786 40.500000000000007 0.18210846185684207 0.2181469723582268 0.2348379194736481 3.4514933084675818 0.17984239012002948 0.12490386515855791 0.55000000000000016 0.061602564102564115 1.0850000000000002 0.42314102564102568 0.09910714285714288 0.12141687141687145 0.10242973268032075 2.4422480388209387 14.500000000000002 0.24284165352582934 0.2492288947105408 7.5000000000000009 4.6853219471441836 0.097205407917499556 0.074171077460050597 5.5000000000000009 0.17968531468531471 16.500000000000004 0.029100529100529109 0.88079119342587353 277.50000000000006 4.5329491274866518
decision_type=2 2 2 2 2 2 2 2 2 2 2 2 2 2 2 2 2 2 2 2 2 2 2 2 2 2 2 2 2 2
left_child=1 2 5 -2 -5 6 7 10 9 -9 11 13 -13 14 15 21 -17 -6 -19 -7 -21 22 23 27 25 26 -25 -1 -29 -20
right_child=3 -3 -4 4 17 19 -8 8 -10 -11 -12 12 -14 -15 -16 16 -18 18 29 20 -22 -23 -24 24 -26 -27 -28 28 -30 -31
leaf_value=-0.053319065727483475 0.034748475889016937 -0.085019606761102651 -0.071011164347121625 -0.067096469212944668 0.036639344741110157 0.04510191172153169 0.039452810392196051 -0.07300160980420671 -0.088788626445022639 0.00091722618666869736 0.029956247037044154 -0.070763714630649774 0.037368559588367115 0.039465032223073779 -0.070328126228402746 -0.072378652364267798 0.051869922581173858 -0.065652070082092326 0.0095935968130832737 -0.068449059844189419 0.026666854434780313 0.040475646189242299 -0.0821469592457863 -0.013873827602486203 0.039053397367051317 0.0014283110682579104 -0.10747758166656292 0.018280752423242796 -0.04318636630472196 -0.041533215286737993
leaf_weight=3.8616690397320772 57.925936500490934 6.9160539350705212 6.7869919586082679 6.6474486022052579 21.197588209673995 27.031548120661682 14.248860068692009 6.5934864753216962 6.8870076267703544 28.123531210774672 28.494841741361597 15.800259389478017 3.7084575662738635 13.898371982621027 4.2344498575839671 6.2095344052104329 1.7426346540451048 3.1134329850610802 201.03332800053977 3.1132663987882543 8.0684958662895934 12.623023866981383 4.053482510673347 8.7325339764356631 11.889015905559061 41.12216630205512 7.6765875760465851 100.41982747567818 4.4110488651785991 6.2083464643110338
leaf_count=186 430 92 230 317 117 288 40 183 251 508 154 672 40 70 126 214 1 100 1956 120 63 39 93 35 13 67 42 526 20 261
internal_value=0.00656409 0.00160968 0.00323013 0.0128657 0.00754417 0.00461843 0.00140115 -0.00034514 -0.0256472 -0.0131215 0.0035699 0.000442082 -0.0502086 0.0049158 0.00259583 0.00411892 -0.0451509 0.00968696 0.00697096 0.0319584 0.00018434 0.00613033 0.00375041 0.00570525 -0.00609581 -0.015426 -0.0576639 0.0132424 0.0156944 0.00806199
internal_weight=672.773 376.647 369.731 296.126 238.2 362.944 324.731 310.482 41.604 34.717 268.878 240.383 19.5087 220.874 206.976 202.742 7.95217 231.553 210.355 38.2133 11.1818 194.789 182.166 178.113 69.4203 57.5313 16.4091 108.693 104.831 207.242
internal_count=7254 4073 3981 3181 2751 3751 3280 3240 942 691 2298 2144 712 1432 1362 1236 215 2434 2317 471 183 1021 982 889 157 144 77 732 546 2217
is_linear=0
shrinkage=0.05


Tree=146
num_leaves=31
num_cat=0
split_feature=12 14 14 3 14 3 3 11 12 0 12 11 3 12 11 11 11 12 14 14 3 11 14 12 11 11 3 3 2 12
split_gain=6.74077 8.71852 12.846 7.61841 13.3533 10.7514 11.2939 25.1704 10.361 7.58123 8.33065 7.88179 9.52698 8.05582 7.83286 8.60323 10.4458 8.83832 7.48559 10.0157 7.6694 9.85221 7.30317 6.88771 6.58932 6.33196 6.22126 8.76735 5.73296 5.50753
threshold=0.88079119342587353 10.500000000000002 11.500000000000002 1.0850000000000002 10.500000000000002 0.55000000000000016 0.17968531468531471 0.049891774891774911 0.76871262766121229 43.676388888888901 0.88609846275665027 0.014599317988064794 0.059642857142857157 2.4470096431071471 0.023960599468213686 0.096464019851116647 0.060172413793103459 2.1576065010327148 11.500000000000002 18.500000000000004 0.1503947368421053 1.0000000180025095e-35 277.50000000000006 1.1121704808231463 0.035149493451939719 0.072004608294930897 0.87487804878048803 0.9126470588235297 1.0000000180025095e-35 4.6853219471441836
decision_type=2 2 2 2 2 2 2 2 2 2 2 2 2 2 2 2 2 2 2 2 2 2 2 2 2 2 2 2 2 2
left_child=3 -2 -3 4 5 6 7 -1 18 10 -4 12 13 23 -13 16 24 -17 -6 -20 25 -22 -14 -12 -16 -21 -7 -28 -8 -15
right_child=1 2 9 -5 8 26 28 -9 -10 -11 11 14 22 29 15 17 -18 -19 19 20 21 -23 -24 -25 -26 -27 27 -29 -30 -31
leaf_value=-0.075490479160843282 0.018081302881184546 -0.079427629088679425 0.039252673579344768 0.023997740753010088 0.031689658992872571 -0.082384745045889621 0.007528246130239862 0.033058086932182533 -0.072354206945558552 0.042193972963324222 -0.038505858441866693 0.041635254869566533 -0.063001005372913532 -0.072425529830719482 -0.051598309840472173 0.025555512805373121 -0.076266569255295069 -0.0416954182892205 -0.026488562517363329 0.0082877890238664161 0.011281161202882542 -0.090845340788320822 0.0080504238944077208 0.011146334306363199 0.011509686883719976 0.042368729592192289 0.012988037164009932 -0.083219180796766989 -0.064404100335452241 0.0099610261414725641
leaf_weight=15.414176494130517 192.15667486192433 4.5877560129447366 14.382038023322819 29.647829946421552 29.370610363257583 8.6485701194324083 50.883008375327336 8.1717126383955456 3.9936036183498791 12.951760336349251 8.1043553133495134 16.079994556625024 13.102093053956198 6.2874393726233375 5.3371188293240328 38.801636067801155 6.0552094302911419 5.5893006596743353 22.441496888946858 55.151851292393985 5.7798525907855929 3.9930317554608337 4.9956065286824005 50.548698288272135 18.384041681900271 18.101947453367757 6.089309865375979 3.875008256174624 2.9294086589361532 2.9947514145169407
leaf_count=292 2982 137 13 101 55 140 352 56 88 23 43 129 762 155 147 160 249 134 194 224 57 128 20 183 265 42 19 34 53 17
internal_value=0.00630887 0.0104009 0.00331248 0.000114716 -0.0029004 -0.0172374 -0.00903235 -0.0378821 0.00701455 0.00517675 0.00266216 -0.000323126 -0.0111516 -0.00256381 0.00999964 0.00314081 -0.0176516 0.0170879 0.00936526 0.0031484 0.011159 -0.030446 -0.0433883 0.00428567 -0.00268923 0.0167096 -0.0513567 -0.0244258 0.00361244 -0.0458448
internal_weight=664.85 400.358 208.202 264.491 234.844 96.0112 77.3983 23.5859 138.832 203.614 190.662 176.28 86.0329 67.9352 90.2473 74.1673 29.7764 44.3909 134.839 105.468 83.0267 9.77288 18.0977 58.6531 23.7212 73.2538 18.6129 9.96432 53.8124 9.28219
internal_count=7254 5419 2437 1835 1734 946 753 348 788 2300 2277 2264 1180 398 1084 955 661 294 700 645 451 185 782 226 412 266 193 53 405 172
is_linear=0
shrinkage=0.05


Tree=147
num_leaves=31
num_cat=0
split_feature=1 13 1 1 1 12 1 1 3 3 1 0 3 1 1 12 11 1 0 3 11 3 12 3 0 12 6 3 1 12
split_gain=7.47096 19.1714 14.0371 12.655 14.0248 11.4804 7.74288 11.0374 8.13735 17.0658 11.7244 10.083 10.0605 8.26503 16.9277 14.7422 7.80365 6.2625 6.77456 18.8646 9.79322 12.8373 9.67518 11.3203 8.84685 7.99097 7.56116 5.5622 7.14297 11.5725
threshold=0.19433004409074786 40.500000000000007 0.18210846185684207 0.2181469723582268 0.2348379194736481 3.4514933084675818 0.17984239012002948 0.16938359290361407 1.0850000000000002 0.085086206896551747 0.0043633040040731439 1.0000000180025095e-35 0.55000000000000016 0.074171077460050597 0.16613907366991046 0.93778201029957164 0.09910714285714288 0.24284165352582934 0.57786776217074431 0.088730158730158756 1.0000000180025095e-35 0.09019230769230771 0.9275846187543545 0.16461352657004835 4.966444657934054 2.8186305780363132 0.55000000000000016 0.078611111111111132 0.10242973268032075 2.8186305780363132
decision_type=2 2 2 2 2 2 2 2 2 2 2 2 2 2 2 2 2 2 2 2 2 2 2 2 2 2 2 2 2 2
left_child=1 2 5 -2 -5 6 7 8 9 27 -11 12 13 -12 15 -15 -14 -6 19 -19 26 -22 23 24 -20 -24 -21 28 -1 -30
right_child=3 -3 -4 4 17 -7 -8 -9 -10 10 11 -13 16 14 -16 -17 -18 18 22 20 21 -23 25 -25 -26 -27 -28 -29 29 -31
leaf_value=0.0058430901025765172 0.033321116734591032 -0.082485499887855168 -0.069834553201519725 -0.066235077083965407 0.035287926491332416 0.030546787783293117 0.037793901210063006 -0.081434193033256455 0.026029732133723116 -0.088386053987011728 0.030628706828559973 -0.061531526721653157 -0.079663708946323311 -0.075899858715862661 0.045808766309356146 0.018106065148892424 0.006573823460819599 -0.074192359888762965 -0.07177903704337496 0.030593690329013212 0.052107513854362533 -0.069997992594438549 0.020979734061778197 -0.075009660931152383 0.022973951554062795 -0.012834180830002288 -0.068789904829337348 0.041271365667126171 -0.07368082352417335 0.035888414783715863
leaf_weight=179.04821588820778 56.395580926997354 6.6982737962389356 6.5163954108866156 6.3714024982546098 20.572695795366599 37.08236657753514 13.786875893645627 4.1566709453618378 28.47913481885189 6.2738874732021932 16.641082628284494 10.545241414467453 7.5040267887670762 11.389104073692584 8.0400520567782205 6.5800477736338499 4.0332346110953949 9.3034800972818612 3.090755240875299 23.367364745048693 3.0203388330410217 7.4914320103016507 118.78184324783069 6.5157013746538714 12.137356689665465 20.48558514738761 2.0845351563111754 10.257804461987687 7.0445519275963289 3.6628908136044629
leaf_count=891 430 92 230 317 117 471 40 169 215 262 163 666 182 159 12 248 31 294 78 298 5 449 586 115 34 388 70 30 184 28
internal_value=0.00606023 0.00132981 0.00288481 0.0120666 0.00692709 0.00422143 0.00114621 -0.000517698 0.00060532 -0.00206631 -0.0231241 -0.0167989 -0.0080937 0.00311152 -0.0144944 -0.0414762 -0.0495165 0.00898194 0.00635838 -0.0107308 0.00568619 -0.0349135 0.0111629 -0.0198562 0.00374253 0.0160059 0.0224541 0.00540941 0.00347079 -0.0361985
internal_weight=657.358 367.74 361.042 289.618 233.222 354.525 317.443 303.656 299.499 271.02 71.0067 64.7328 54.1875 42.6503 26.0092 17.9692 11.5373 226.851 206.278 45.2672 35.9637 10.5118 161.011 21.7438 15.2281 139.267 25.4519 200.013 189.756 10.7074
internal_count=7254 4073 3981 3181 2751 3751 3280 3240 3071 2856 1723 1461 795 582 419 407 213 2434 2317 1116 822 454 1201 227 112 974 368 1133 1103 212
is_linear=0
shrinkage=0.05


Tree=148
num_leaves=31
num_cat=0
split_feature=1 13 1 1 1 12 10 1 1 5 2 12 10 11 1 1 1 10 12 12 1 11 12 1 12 10 6 1 11 1
split_gain=6.87427 17.6329 13.1312 11.6218 13.1219 10.4828 10.023 6.84658 10.7034 9.56727 7.10704 12.758 6.34474 5.94483 15.3464 5.78511 6.04106 5.76611 5.39116 6.46622 11.1627 6.30035 10.377 6.17905 5.04048 4.42064 12.0964 6.9226 5.71535 4.36897
threshold=0.19433004409074786 40.500000000000007 0.18210846185684207 0.2181469723582268 0.2348379194736481 3.4514933084675818 0.27500000000000008 0.17984239012002948 0.12490386515855791 1.0000000180025095e-35 1.3500000000000003 2.4422480388209387 0.12500000000000003 0.09910714285714288 0.10242973268032075 0.24284165352582934 0.2492288947105408 0.17500000000000004 4.5329491274866518 0.9275846187543545 0.27530562877655035 0.014599317988064794 1.1121704808231463 0.44125390052795416 0.88609846275665027 0.12500000000000003 0.80000000000000016 0.1479025483131409 0.041241496598639467 0.29725795984268194
decision_type=2 2 2 2 2 2 2 2 2 2 2 2 2 2 2 2 2 2 2 2 2 2 2 2 2 2 2 2 2 2
left_child=1 2 5 12 -5 6 7 8 10 17 11 13 -2 14 -1 -6 -17 25 19 20 -18 22 -21 -24 -22 26 -10 -28 -27 -20
right_child=3 -3 -4 4 15 -7 -8 -9 9 -11 -12 -13 -14 -15 -16 16 18 -19 29 21 24 -23 23 -25 -26 28 27 -29 -30 -31
leaf_value=0.0031895236663606781 0.036763377160269305 -0.079858806796631487 -0.068879759137482968 -0.065518043543157697 0.03419431348004405 0.029343630056328913 -0.10609999186991698 0.036651127057395518 -0.066015064601337159 -0.084349740374900298 0.026873292782175952 -0.069512286593049838 -0.030122760912859564 0.033154159439542898 -0.07447196477944977 -0.065277302958207703 -0.0805047475534202 -0.082580529572910594 0.015351967167261643 -0.082935629578034464 0.0074251199371020322 0.021324061135454295 0.01095997381124366 -0.066749216937307218 -0.038799555140691007 -0.05729691564085191 -0.0709534960822263 0.022715549441719607 0.050393478857570222 -0.072075913987898796
leaf_weight=200.87213944172981 51.698604183344287 6.5758465663529924 6.2823316935100584 6.1253159348489126 20.179314495268045 36.683114325380302 2.1655741054255477 13.512990056689885 8.4773985150968691 5.6322178145564967 29.924605751039053 6.246527977526056 3.8065950443851753 15.170487044553736 6.5691704080745685 2.9197060849473919 4.6273846397161824 2.8062579446268492 2.2915339350729473 3.5872573749875292 41.182490815626807 97.080685492299381 38.182427649924648 2.7417881503279196 6.8831407837569705 1.5801111109321926 2.3267075959156509 12.956858059667864 5.5932348296628334 3.7961781005978992
leaf_count=1384 309 92 230 317 117 471 131 40 332 220 127 338 121 121 215 100 109 98 34 63 373 696 476 154 85 67 91 92 24 227
internal_value=0.00583286 0.00127293 0.00276819 0.0116447 0.00668118 0.00405234 0.00109612 0.00184095 0.000263289 -0.024024 0.00395851 0.000962262 0.0321763 0.00293979 0.00073017 0.00866014 0.00612556 -0.013954 0.007166 0.00861777 -0.00633489 0.0141823 -0.00139392 0.00575371 0.00080561 -0.00772847 -0.0181138 0.00845576 0.0266719 -0.0391663
internal_weight=648.478 363.376 356.8 285.102 229.597 350.517 313.834 311.669 298.156 39.3728 258.783 228.858 55.5052 222.612 207.441 223.472 203.293 33.7406 200.373 194.285 52.693 141.592 44.5115 40.9242 48.0656 30.9343 23.761 15.2836 7.17335 6.08771
internal_count=7254 4073 3981 3181 2751 3751 3280 3149 3109 924 2185 2058 430 1720 1599 2434 2317 704 2217 1956 567 1389 693 630 458 606 515 183 91 261
is_linear=0
shrinkage=0.05


Tree=149
num_leaves=31
num_cat=0
split_feature=1 13 1 1 1 12 10 14 14 2 10 10 1 1 1 13 14 11 1 12 1 14 10 10 14 1 1 14 12 1
split_gain=6.30055 16.1996 12.2874 10.7499 12.2706 9.56894 9.41161 6.81879 19.0477 16.8085 18.8118 12.0546 11.8734 12.5074 7.92686 22.3305 7.27331 8.86563 11.0457 5.97013 7.74605 5.85423 7.70664 5.84354 5.38345 5.98065 5.40518 5.31195 5.25064 5.56858
threshold=0.19433004409074786 40.500000000000007 0.18210846185684207 0.2181469723582268 0.2348379194736481 3.4514933084675818 0.27500000000000008 9.5000000000000018 3.5000000000000004 1.3500000000000003 0.17500000000000004 1.0000000180025095e-35 0.015745282173156742 0.16613907366991046 0.0043633040040731439 2.5000000000000004 12.500000000000002 0.12141687141687145 0.0043633040040731439 1.6328220740871886 0.14208731055259707 7.5000000000000009 0.12500000000000003 0.12500000000000003 250.00000000000003 0.24284165352582934 0.2492288947105408 125.00000000000001 0.79893541518223798 0.17984239012002948
decision_type=2 2 2 2 2 2 2 2 2 2 2 2 2 2 2 2 2 2 2 2 2 2 2 2 2 2 2 2 2 2
left_child=1 2 5 23 -5 6 7 8 11 10 -10 12 14 -14 15 -1 19 18 -18 28 -21 -7 -23 -2 25 -6 -27 -28 29 -9
right_child=3 -3 -4 4 24 21 -8 16 9 -11 -12 -13 13 -15 -16 -17 17 -19 -20 20 -22 22 -24 -25 -26 26 27 -29 -30 -31
leaf_value=0.033450364153424797 0.035617858971910075 -0.077231880223131155 -0.067966857590252727 -0.064828747213688115 0.033111270429164959 0.041015880717024465 -0.10485991446144244 -0.0010409339311717304 -0.069667922959274015 0.017982570506058008 0.0086429147950016338 0.039143313711806488 -0.040746229187988273 0.028385677634780115 0.046938436402474387 -0.075572313530465424 0.00094640966499207567 0.047022600802295457 -0.072258636595214532 -0.0778672843979617 0.029426070427554997 -0.051541988567131519 0.034601506042229564 -0.028745416519592476 0.052528051866526732 -0.064652518825062552 0.0061261180165742106 -0.076499722409457183 0.047754193237560104 0.050719337248127917
leaf_weight=14.661452510565143 50.718626508627494 6.4624906944809473 6.0541700520043369 5.8869652165922153 19.807044531917199 25.764633304508607 2.0837088001080692 17.511531528725758 27.235637624820811 13.152283192001049 10.674377893868948 22.509086697624298 26.295470080702216 8.7096823975953139 13.904338404376174 6.9107006232734411 95.768187208901509 9.7103357249870879 5.4459118848535573 3.1263107910635872 3.641692656208761 4.6279409909475344 5.9143646802040166 3.7899808567308346 6.6763059693766982 2.8034714483583221 189.8797753760191 1.9653257970312541 22.218120545556303 7.3887602090835562
leaf_count=80 309 92 230 317 117 288 131 69 899 89 119 139 722 53 30 173 407 32 204 54 25 91 92 121 6 100 2169 42 50 4
internal_value=0.00560087 0.00121681 0.00265174 0.0112034 0.00641582 0.00388294 0.00104679 0.00176127 -0.00618515 -0.0307209 -0.0476178 0.00728772 -0.00288571 -0.0235454 0.0174995 -0.00147536 0.00870685 0.00138587 -0.00299245 0.023777 -0.0201354 0.0281729 -0.00321442 0.0311427 0.00831249 0.006936 0.00427246 0.00527967 0.0300845 0.0143181
internal_weight=641.299 359.771 353.309 281.527 227.019 347.255 310.948 308.864 144.053 51.0623 37.91 92.9907 70.4816 35.0052 35.4765 21.5722 164.811 110.924 101.214 53.8864 6.768 36.3069 10.5423 54.5086 221.132 214.456 194.649 191.845 47.1184 24.9003
internal_count=7254 4073 3981 3181 2751 3751 3280 3149 2304 1107 1018 1197 1058 775 283 253 845 643 611 202 79 471 183 430 2434 2428 2311 2211 123 73
is_linear=0
shrinkage=0.05


Tree=150
num_leaves=31
num_cat=0
split_feature=10 6 1 13 1 1 11 1 1 1 1 1 1 14 11 11 13 14 14 1 1 1 1 1 11 11 14 14 13 13
split_gain=4.29415 4.98066 7.6331 4.94164 6.46207 17.4125 6.75608 8.37628 8.65826 13.1286 12.9189 6.76943 4.48367 5.24572 4.13114 9.91232 4.82728 4.58159 8.01583 5.16329 21.6479 4.48615 4.29244 7.93404 3.92537 7.82883 3.88697 3.86358 3.7062 4.97897
threshold=0.57500000000000018 0.55000000000000016 0.0043633040040731439 35.500000000000007 0.015745282173156742 0.078742533922195448 0.049891774891774911 0.24120394140481952 0.19433004409074786 0.098070491105318083 0.16613907366991046 0.18085987120866778 0.2170587703585625 6.5000000000000009 0.096464019851116647 0.075922266139657454 55.000000000000007 12.500000000000002 10.500000000000002 0.19218441098928454 0.28510612249374395 0.28681518137454992 0.57332026958465587 0.41562983393669134 0.072004608294930897 0.05013966480446929 2.5000000000000004 250.00000000000003 3.5000000000000004 22.500000000000004
decision_type=2 2 2 2 2 2 2 2 2 2 2 2 2 2 2 2 2 2 2 2 2 2 2 2 2 2 2 2 2 2
left_child=1 14 -3 4 -4 -6 7 8 9 -7 -11 -12 -10 -14 15 16 22 18 -16 -19 -21 -22 23 24 25 26 -1 -2 -25 -30
right_child=27 2 3 -5 5 6 -8 -9 12 10 11 -13 13 -15 17 -17 -18 19 -20 20 21 -23 -24 28 -26 -27 -28 -29 29 -31
leaf_value=-0.055170362885066694 -0.00068738898940307481 -0.06209994831473991 0.046408125352270943 0.048775027430296769 -0.071505381348325944 0.030862725130200209 0.044496503482759263 -0.063191758279850838 0.051657552247930033 -0.074422579694443616 0.025301385229812581 -0.071654363915376454 -0.068957046076207437 0.051589518410078389 0.01072054561204697 -0.06906576046617395 -0.05166908097014359 0.047709470671320788 -0.068210502084294411 -0.080718637971860185 0.057975793540342636 0.018880429267924059 0.043289857400420309 -0.0067591265095814403 0.049663362301396161 -0.062857325652147841 0.0081466289077656052 0.050624704726461814 -0.068854527199719309 0.050482526367230378
leaf_weight=2.4386283174244445 5.2772950201542725 2.8345205167279337 15.949173003755275 14.031980464933438 5.8525886442421315 18.655877215111104 18.337111741064291 3.6796876878761386 16.88051310842275 8.4552073761351512 9.4211277299909835 2.2255912286273078 1.8367820724088224 1.7742069028900005 29.091372211500129 4.3900995550611688 3.5455737306037909 17.975146030919859 3.616426866996334 5.12436678623635 9.7345762038603407 29.802077382439165 7.9599995993303301 10.141543661582547 5.4836662847810649 3.9629579771135459 400.6433097285917 12.033841460826805 6.5700938321897402 1.0081531307660041
leaf_count=144 200 132 36 39 275 127 103 131 78 429 80 76 74 4 405 200 36 65 74 128 4 165 71 208 16 181 3492 15 215 2
internal_value=0.0103992 0.00975579 0.0189751 0.0209376 0.0171477 0.0117909 0.0177897 0.0100074 0.0145535 0.000655536 -0.0273787 0.00677395 0.0408402 -0.00972825 0.00771381 0.00569489 0.00643785 0.017161 0.00199332 0.0250813 0.015974 0.0285064 0.006908 0.0062349 0.00764211 0.007076 0.00776356 0.0349822 -0.026526 -0.0529788
internal_weight=678.733 661.422 119.934 117.1 103.068 87.1187 81.2661 62.929 59.2493 38.7578 20.1019 11.6467 20.4915 3.61099 541.488 446.144 441.754 95.344 32.7078 62.6362 44.661 39.5367 438.208 430.248 412.529 407.045 403.082 17.3111 17.7198 7.57825
internal_count=7205 6990 1584 1452 1413 1377 1102 999 868 712 585 156 156 78 5406 4565 4365 841 479 362 297 169 4329 4258 3833 3817 3636 215 425 217
is_linear=0
shrinkage=0.05


Tree=151
num_leaves=31
num_cat=0
split_feature=3 1 3 3 12 12 10 1 1 12 2 1 13 13 12 12 14 14 10 12 3 12 14 12 14 12 1 1 14 3
split_gain=4.46309 7.34333 6.14458 6.47896 4.44841 4.9732 8.82808 4.33834 17.6338 4.26731 6.37481 3.75509 3.68668 7.5962 3.6013 6.93916 4.32715 8.9504 7.07152 12.0661 6.93397 11.6391 7.31565 6.3912 10.2206 8.92557 6.81536 4.81379 5.6338 4.14002
threshold=0.34937500000000005 0.0043633040040731439 0.24837500000000004 0.2440065681444992 3.3370315807935782 3.4654884253890437 0.22500000000000003 0.015745282173156742 0.078742533922195448 2.8570268642970738 2.2500000000000004 0.6122155785560609 46.000000000000007 20.000000000000004 2.8186305780363132 2.6817505102530386 9.5000000000000018 6.5000000000000009 0.22500000000000003 1.9638617360286046 0.14990740740740746 0.88735563278993945 70.500000000000014 1.0224921205566442 4.5000000000000009 1.0515018445150426 0.074171077460050597 0.43019366264343267 27.500000000000004 0.14820175438596495
decision_type=2 2 2 2 2 2 2 2 2 2 2 2 2 2 2 2 2 2 2 2 2 2 2 2 2 2 2 2 2 2
left_child=2 -2 3 4 9 -6 -7 -3 -9 14 -11 -4 13 -10 15 16 17 23 19 -19 29 -22 27 24 -1 -25 -26 -23 -29 -18
right_child=1 7 11 -5 5 6 -8 8 12 10 -12 -13 -14 -15 -16 -17 20 18 -20 -21 21 22 -24 25 26 -27 -28 28 -30 -31
leaf_value=-0.069510526358861333 -0.060768090453093331 0.042487915336181403 -0.037729164916109725 0.05527150714027821 0.035014602137063755 -0.024974330340812284 0.038178190120048978 -0.052873908449198787 0.018051634470148913 -0.06127709113078679 0.026676644724198707 0.031669761078497762 0.04349998047536844 -0.067362851125715092 0.039507377315644715 -0.073622896851730457 0.010568103659131448 -0.067207608476062677 0.033391951190003114 0.013014366183869697 -0.091095971675538248 -0.07098610246343115 0.034817155645348992 0.055593696824056252 0.020302828396125724 0.0041342912383383655 -0.067130094988909997 0.046148087222422696 -0.09591779759825475 0.05146400333928234
leaf_weight=6.2330888323485878 3.0495660066371775 15.870105806054196 11.284294489647435 7.2295389061328015 29.105331732993363 12.210345714105644 10.120495447339634 9.0330933451987203 156.42639605233489 5.5470197437989537 3.277349547483027 2.3561882343128664 13.879728850210084 2.6470418784301719 8.116348935174754 2.7271105251747931 261.68788350173418 13.894618519661895 3.8730436790210652 7.0734734770376226 4.373076394491366 4.0599241101590433 7.9423560912109679 11.470909592695532 13.490944979683265 31.749641677510226 2.6699407178966785 2.6350089552288414 0.94924624101986399 6.3383538297493933
leaf_count=142 153 46 321 9 146 431 226 350 2003 288 7 22 41 31 15 88 1476 353 27 85 113 94 50 7 50 430 96 26 72 7
internal_value=0.00999099 0.0162293 0.00732672 0.00831423 0.00755907 0.0213964 0.00364684 0.0174161 0.0152297 0.00577127 -0.0286113 -0.0257415 0.0187866 0.0166303 0.00655066 0.0058489 0.00642159 -0.00311822 -0.0286798 -0.0401452 0.00941802 -0.0190127 0.0012115 0.00655919 -0.0151199 0.0177918 0.00585803 -0.033705 0.00852367 0.0115352
internal_weight=671.321 200.906 470.416 456.775 449.546 51.4362 22.3308 197.856 181.986 398.109 8.82437 13.6405 172.953 159.073 389.285 381.169 378.442 90.4557 24.8411 20.9681 287.986 19.9596 15.5865 65.6145 22.394 43.2206 16.1609 7.64418 3.58426 268.026
internal_count=7205 2624 4581 4238 4229 803 657 2471 2425 3426 295 343 2075 2034 3131 3116 3028 1190 465 438 1838 355 242 725 288 437 146 192 98 1483
is_linear=0
shrinkage=0.05


Tree=152
num_leaves=31
num_cat=0
split_feature=0 0 10 0 0 1 1 0 0 7 3 0 14 14 3 0 0 3 14 2 1 1 14 1 1 14 13 0 3 1
split_gain=5.79828 9.09103 6.67388 5.4332 8.57376 7.85566 5.41749 5.01609 4.52266 12.4563 6.62301 8.13937 5.79535 5.99984 10.3174 8.0366 8.03281 9.43456 9.16558 7.28262 6.85219 5.1687 11.6542 7.78505 6.35477 4.38875 4.0192 4.01449 6.42867 4.16474
threshold=1.0005857905995132 1.4133353182350894 0.52500000000000013 0.99987383733576085 0.75152544637719154 0.41562983393669134 0.57332026958465587 18.394920433479928 12.949626532447603 1.0000000180025095e-35 0.073627819548872195 33.031562964630126 100.50000000000001 21.500000000000004 0.14990740740740746 8.3301373933810066 8.4829058898980936 0.14820175438596495 87.500000000000014 2.2500000000000004 0.49758999049663549 0.25769822299480444 7.5000000000000009 0.0091859051026403921 0.39564791321754461 18.500000000000004 2.5000000000000004 4.4828016547082781 0.16461352657004835 0.10410118848085405
decision_type=2 2 2 2 2 2 2 2 2 2 2 2 2 2 2 2 2 2 2 2 2 2 2 2 2 2 2 2 2 2
left_child=3 -2 6 4 5 -1 8 26 12 10 11 -10 13 15 16 21 17 18 19 -15 -17 22 27 -24 -23 -26 -4 28 -3 -30
right_child=1 2 7 -5 -6 -7 -8 -9 9 -11 -12 -13 -14 14 -16 20 -18 -19 -20 -21 -22 24 23 -25 25 -27 -28 -29 29 -31
leaf_value=0.013188745082882716 -0.063714443467035836 -0.062881485528103354 0.029918194015520795 0.039206235081641283 -0.064524006501750705 -0.061779677858660065 0.040490613190470634 0.045492823431805322 -0.10010423462974927 -0.083596562643691807 0.018129759672510012 0.012885409657047396 0.023639330614387399 -0.073700886133300544 -0.068795677504038019 -0.064732597325101018 0.021706647995298152 0.049978459276649893 0.031387559542576049 0.021849827051102309 0.04975757371899258 0.028968495209797076 0.0070712808805364338 -0.06757427218823979 -0.074166215269610952 0.018589958299756806 -0.065747073716166199 0.035813543357860009 -0.061630860498318854 0.022580552458018502
leaf_weight=402.07707743834908 4.9543817046105678 3.3165970876580131 2.3456003259634626 18.994700016555726 3.6418455446910221 3.5249788295877797 8.8103248640545626 15.700670019956304 3.1593549142126056 5.7968066807661662 14.36731498732115 3.2166527553927153 29.306731358519755 11.92156202832121 7.6505375579727106 6.4819315840722975 16.020507949579041 3.5011494343634686 3.6146332044154397 2.3947350420057765 1.6369001194834707 40.236913556203945 5.7390502821654072 8.9249714806937828 2.6904003939125678 2.4244282519794069 2.0640562149637844 13.779103087457768 1.6401171711077029 14.007215259236544
leaf_count=4286 227 96 30 51 181 353 24 19 46 82 95 11 59 207 180 187 57 5 7 4 2 184 18 236 44 18 75 95 103 223
internal_value=0.00959826 0.00330007 0.00473893 0.0130648 0.0118514 0.0125372 0.0021115 0.032259 0.00043615 -0.0187992 -0.000691353 -0.0431017 0.00334856 -0.00072496 -0.0158845 0.00605298 -0.00507621 -0.0250964 -0.0397554 -0.0577178 -0.0416494 0.0102282 -0.00131586 -0.0383603 0.0222954 -0.0301998 -0.0148605 0.0152745 0.000350997 0.0137537
internal_weight=663.941 235.703 230.748 428.239 409.244 405.602 210.638 20.1103 201.828 26.5401 20.7433 6.37601 175.287 145.981 45.1031 100.878 37.4526 21.4321 17.9309 14.3163 8.11883 92.7588 47.4071 14.664 45.3517 5.11483 4.40966 32.743 18.9639 15.6473
internal_count=7205 2334 2107 4871 4820 4639 1983 124 1959 234 152 57 1725 1666 460 1206 280 223 218 211 189 1017 771 254 246 62 105 517 422 326
is_linear=0
shrinkage=0.05


Tree=153
num_leaves=31
num_cat=0
split_feature=3 3 3 11 11 13 11 13 12 12 3 14 12 2 3 3 11 12 12 14 14 3 12 14 12 12 2 3 12 3
split_gain=3.8473 5.59408 5.9289 4.86204 5.84738 5.41841 4.202 5.45555 4.05717 4.53882 7.66957 5.56804 3.85833 5.79626 3.57435 5.97353 5.29 3.42515 6.37532 4.02516 8.12598 6.05842 10.4873 6.54575 6.01725 5.87554 9.83405 11.5349 8.65154 4.42019
threshold=0.34937500000000005 0.24837500000000004 0.2440065681444992 0.045584415584415595 1.0000000180025095e-35 46.000000000000007 0.018383346850500141 2.5000000000000004 3.3370315807935782 3.4654884253890437 0.16015151515151518 29.500000000000004 2.8570268642970738 2.2500000000000004 0.68026315789473712 0.74388888888888915 0.10435606060606063 2.8186305780363132 2.6817505102530386 9.5000000000000018 6.5000000000000009 0.14990740740740746 0.88735563278993945 70.500000000000014 1.9638617360286046 1.0224921205566442 1.3500000000000003 0.17968531468531471 1.0515018445150426 0.073627819548872195
decision_type=2 2 2 2 2 2 2 2 2 2 2 2 2 2 2 2 2 2 2 2 2 2 2 2 2 2 2 2 2 2
left_child=1 2 8 4 5 -2 7 -3 12 -10 -11 -12 17 -14 -5 -16 -17 18 19 20 25 -21 -23 -24 29 26 27 -1 -27 -22
right_child=3 6 -4 14 -6 -7 -8 -9 9 10 11 -13 13 -15 15 16 -18 -19 -20 21 24 22 23 -25 -26 28 -28 -29 -30 -31
leaf_value=-0.068667526318280991 0.0078852706255037371 0.03028519063688458 0.053991717435897202 0.034859678162659502 -0.058994842274674289 0.042262280354061821 -0.056289437885887444 -0.061414107578693859 0.033467202161352773 -0.028529060762739977 -0.062544860073027397 0.044289987212973607 -0.060506711451817463 0.025264426325676909 -0.070340004264684161 -0.022472074363301682 0.03529324262399719 0.038876603340421312 -0.072828346875734237 0.010717033083815643 -0.067223326411582893 -0.087900125486084793 -0.032653749729094843 0.033999237632088147 0.0099160577477439994 0.05507281698651223 0.038040342835707092 0.020777504109561338 0.0033599304644398166 -0.015462296251108716
leaf_weight=9.9939815327670676 117.34376229957888 4.9338500802296021 6.8041467217262825 42.306446181737556 3.0322539779299396 12.70327733713202 5.9857586538564647 2.41634948691717 28.468227336750715 10.159540492219095 1.3892532897662011 9.9868785111248126 5.2435206931895646 3.1548387445509434 2.0988336067239315 5.5879869887503473 13.631956733079276 7.7491620987420893 2.5935204492561743 263.33069358132343 9.4878698315587879 4.23344534581702 7.2129491146697529 7.527750359615311 7.2009414965286842 10.88635305687785 6.193075266754021 5.6378405889845444 31.463068966666469 7.2964031180053999
leaf_count=223 1952 65 9 202 126 40 155 123 146 506 88 63 288 7 108 115 81 15 88 1483 235 113 192 50 95 7 24 41 430 135
internal_value=0.00922713 0.00672151 0.00767563 0.0150783 0.00964289 0.0112433 -0.0251883 0.000139403 0.00695811 0.0203652 0.00304546 0.0312433 0.00523561 -0.0282868 0.026447 0.00975245 0.0184986 0.00597492 0.00529148 0.00583838 -0.00348799 0.00875086 -0.0185364 0.00138446 -0.0283183 0.00579236 -0.0152823 -0.0364079 0.0166533 -0.0447219
internal_weight=656.054 459.349 446.013 196.705 133.079 130.047 13.336 7.3502 439.209 50.0039 21.5357 11.3761 389.205 8.39836 63.6252 21.3188 19.2199 380.807 373.058 370.464 88.1595 282.305 18.9741 14.7407 23.9852 64.1743 21.8249 15.6318 42.3494 16.7843
internal_count=7205 4581 4238 2624 2118 1992 343 188 4229 803 657 151 3426 295 506 304 196 3131 3116 3028 1190 1838 355 242 465 725 288 264 437 370
is_linear=0
shrinkage=0.05


Tree=154
num_leaves=31
num_cat=0
split_feature=10 6 1 1 3 1 14 14 14 14 12 12 14 14 14 14 3 12 1 1 14 12 12 14 12 6 2 1 1 12
split_gain=3.67897 3.84558 6.45749 4.53807 13.518 13.4589 5.50818 5.33594 3.51582 3.44909 3.31114 7.73136 6.45075 4.86034 3.73508 3.90471 13.4624 8.16208 4.33136 9.02566 6.56271 4.35712 4.07838 10.9946 3.7825 3.90678 3.65214 3.58848 3.54169 8.7264
threshold=0.57500000000000018 0.55000000000000016 0.0043633040040731439 0.015745282173156742 0.45357142857142863 0.078742533922195448 3.5000000000000004 3.5000000000000004 250.00000000000003 6.5000000000000009 2.1466012901733391 2.0914895534951747 287.50000000000006 185.00000000000003 3.5000000000000004 51.500000000000007 0.20140762463343112 4.6853219471441836 0.28681518137454992 0.40255182981491094 4.5000000000000009 3.3370315807935782 2.2231115249540623 13.500000000000002 2.8186305780363132 1.0000000180025095e-35 2.2500000000000004 0.49758999049663549 0.41562983393669134 0.94417647524796544
decision_type=2 2 2 2 2 2 2 2 2 2 2 2 2 2 2 2 2 2 2 2 2 2 2 2 2 2 2 2 2 2
left_child=1 10 -3 -4 -5 7 -7 -6 -2 -8 11 28 13 14 -12 18 17 -17 22 20 -20 27 -16 24 25 -24 -22 -21 -1 -30
right_child=8 2 3 4 5 6 9 -9 -10 -11 12 -13 -14 -15 15 16 -18 -19 19 21 26 -23 23 -25 -26 -27 -28 -29 29 -31
leaf_value=0.0058213542831742626 -0.0021503993981449956 -0.060883626688712368 0.044127683644171828 -0.074389888967799175 -0.071909355944706488 0.026908455724117115 -0.067930453277448663 0.035216913075887667 0.049011409262346289 0.015454290916194331 -0.064586472542770695 -0.069746680958362825 -0.073633104800310559 0.047458822683766527 0.041999179623981586 -0.092144169499282003 0.045498630068260236 0.013278386070254222 0.019772876678720522 -0.057431932715904424 -0.073427482964136828 0.040224466280302816 -0.057639535418294745 -0.061567625455808274 0.028546393888856214 0.014943438846684802 0.01201246851191831 0.022745641845838459 0.0069924986101773563 -0.069898437412570971
leaf_weight=367.65139915841792 4.9043992578717726 2.6292099608617709 14.851786676510526 4.1009984619740854 5.4063624747141139 80.867531843638062 2.5484206468681796 1.4807891790114807 10.64946181248524 2.4157001010025851 1.5774954880762369 3.5107647039767462 2.1001257763127787 10.414826932665163 19.996887632529251 5.1180735179223102 5.8552017953406903 2.8630735730403103 4.0495257599977803 2.5202719423905391 6.8285091966899909 11.99933126952237 2.7098119416623359 4.2559767556631405 40.739073466531408 5.8695610639842926 1.531196860480122 3.1271287600829965 11.56998977676267 5.4179041114584825
leaf_count=3082 200 132 37 139 249 875 103 15 15 34 96 126 16 14 39 94 42 13 14 56 265 175 113 312 514 91 15 47 110 172
internal_value=0.00885489 0.00826551 0.016569 0.0183925 0.0144448 0.018374 0.0237702 -0.0488764 0.0328792 -0.0273528 0.00643931 0.00411584 0.0132946 0.0147048 0.0118391 0.0128655 -0.0120827 -0.054326 0.0161966 0.000203459 -0.0324707 0.02318 0.0227303 0.0155381 0.022192 -0.00798204 -0.057778 -0.0130353 0.00479002 -0.0175301
internal_weight=649.561 634.007 114.301 111.672 96.8198 92.7188 85.8317 6.88715 15.5539 4.96412 519.706 388.15 131.556 129.456 119.041 117.464 13.8363 7.98115 103.627 30.056 12.4092 17.6467 73.5713 53.5744 49.3184 8.57937 8.35971 5.6474 384.639 16.9879
internal_count=7205 6990 1584 1452 1415 1276 1012 264 215 137 5406 3490 1916 1900 1886 1790 149 107 1641 572 294 278 1069 1030 718 204 280 103 3364 282
is_linear=0
shrinkage=0.05


Tree=155
num_leaves=31
num_cat=0
split_feature=14 3 3 14 14 14 10 1 1 12 3 1 14 3 3 14 1 1 1 1 1 1 3 1 14 1 3 14 14 12
split_gain=6.66774 8.40058 10.9478 13.8546 6.22847 6.03552 6.39232 5.64196 13.4799 13.2892 8.14344 6.52652 8.94762 7.1537 15.5754 7.29149 6.67922 11.5407 11.9522 13.1238 5.78655 11.3474 5.31286 10.8815 8.35088 6.43038 5.17472 7.14217 5.1251 11.949
threshold=6.5000000000000009 1.0000000180025095e-35 0.039761904761904769 26.500000000000004 70.500000000000014 55.500000000000007 0.12500000000000003 0.14687306433916095 0.17729674279689792 0.93778201029957164 0.14990740740740746 0.14524205029010775 2.5000000000000004 1.0537500000000002 0.42314102564102568 4.5000000000000009 0.098070491105318083 0.090475406497716918 0.0091859051026403921 0.0043633040040731439 0.41190794110298162 0.2170587703585625 0.14820175438596495 0.34304684400558477 7.5000000000000009 0.015745282173156742 0.28509493670886082 3.5000000000000004 76.500000000000014 1.5888298744004119
decision_type=2 2 2 2 2 2 2 2 2 2 2 2 2 2 2 2 2 2 2 2 2 2 2 2 2 2 2 2 2 2
left_child=7 -2 3 -3 5 22 -7 11 9 -9 -10 12 16 14 15 -14 17 18 19 -1 21 -12 23 24 -4 -24 -23 -28 -6 -30
right_child=1 2 4 -5 28 6 -8 8 10 -11 20 -13 13 -15 -16 -17 -18 -19 -20 -21 -22 26 25 -25 -26 -27 27 -29 29 -31
leaf_value=-0.057577381715943857 0.018489737523887589 -0.079323487415212668 -0.06722318045438512 0.00031167981864949648 0.04768175544453692 0.002193077475828799 -0.083964135631208664 -0.095374021663302944 -0.068094251220426727 0.0059197076325496487 0.031095366038085666 0.064619089098478397 0.010319622074338047 0.053695536136812383 -0.065743181221773125 0.039642309400058778 -0.069516019179944086 0.047643933528434518 -0.073504447626787719 0.054334407490468133 0.048820001177147528 -0.068613681181791217 -0.10028633062309876 -0.049810773880047468 0.0047695587374756874 0.014319306791557782 -0.061152377784481231 0.014988787371231056 -0.021412310955900338 0.02952256589722373
leaf_weight=4.1964509590761825 134.02712462935597 8.7226571035280376 4.2050000284107218 14.608982020232359 13.095374989701666 4.5117970321662124 4.1176306376801222 5.7591901468185807 2.7130396698339601 7.3965478954414721 32.070034409953223 9.3751670777273812 37.703106601242325 22.003622719930718 4.7991123586107269 48.436889648626675 3.2900424427916724 10.363336117945435 6.3787579370346057 6.9720532675346476 14.010007902514188 3.888494207494662 1.240904483693156 11.405023810395504 95.722484082114534 89.599949654588272 4.1316902383241567 12.098022986552676 17.199394701729034 34.835373894189615
leaf_count=250 558 232 87 85 41 40 118 98 109 261 300 18 339 77 270 300 218 45 289 8 16 102 39 339 1127 1267 193 97 156 183
internal_value=0.0117676 0.00808657 0.00342745 -0.0294604 0.0062083 0.00203276 -0.0389178 0.0185378 0.00795486 -0.0384237 0.0168089 0.0241952 0.021566 0.0281135 0.0219237 0.0268079 -0.0021354 0.00580728 -0.0189013 0.0122847 0.0202885 0.0126292 0.00378067 -0.00354086 0.00174007 0.0127538 -0.0168073 -0.0043949 0.019723 0.0126867
internal_weight=668.877 433.292 299.265 23.3316 275.933 210.803 8.62943 235.586 82.067 13.1557 68.9113 153.519 144.143 112.943 90.9391 86.14 31.2006 27.9106 17.5473 11.1685 66.1982 52.1882 202.173 111.333 99.9275 90.8409 20.1182 16.2297 65.1301 52.0348
internal_count=7262 4272 3714 317 3397 3017 158 2990 1176 359 817 1814 1796 986 909 639 810 592 547 258 708 692 2859 1553 1214 1306 392 290 380 339
is_linear=0
shrinkage=0.05


Tree=156
num_leaves=31
num_cat=0
split_feature=13 14 3 3 14 14 14 1 1 1 1 1 1 1 0 3 6 14 6 0 0 1 13 1 2 6 2 3 1 3
split_gain=6.57847 5.2296 7.33672 12.2349 15.4904 7.85361 21.5758 5.87575 9.37503 5.7682 10.1889 7.35054 9.78578 13.1369 6.28357 6.243 8.08836 5.37305 8.28997 7.97738 12.8796 9.47513 14.5071 9.44456 7.8363 7.59267 7.4822 6.34081 5.20741 4.91472
threshold=46.000000000000007 6.5000000000000009 0.016333333333333339 0.039761904761904769 50.500000000000007 16.500000000000004 26.500000000000004 0.50461918115615856 0.43452851474285131 0.41190794110298162 0.2170587703585625 0.2146469056606293 0.14907393604516986 0.17729674279689792 6.6078884266086693 0.28509493670886082 0.55000000000000016 5.5000000000000009 1.0000000180025095e-35 2.8565704096905278 1.0000000180025095e-35 0.14524205029010775 3.5000000000000004 0.098070491105318083 1.3500000000000003 0.55000000000000016 2.2500000000000004 0.14990740740740746 0.28681518137454992 0.17968531468531471
decision_type=2 2 2 2 2 2 2 2 2 2 2 2 2 2 2 2 2 2 2 2 2 2 2 2 2 2 2 2 2 2
left_child=1 9 5 4 -4 -3 -7 8 29 10 11 12 17 14 -14 -12 -17 19 24 20 21 22 -1 25 -19 26 -24 -20 -2 -5
right_child=28 2 3 7 -6 6 -8 -9 -10 -11 15 -13 13 -15 -16 16 -18 18 27 -21 -22 -23 23 -25 -26 -27 -28 -29 -30 -31
leaf_value=0.029684953056749459 0.040371494925462596 0.024720540228547902 -0.08169417852823091 -0.00087944456973911413 0.0062585824774844048 -0.097391407720483714 0.012217154985884377 0.028492354688304036 -0.053963292075919933 0.047899100659978565 -0.069401836606602499 0.05754243717458906 -0.083846106172408549 0.010625939277911028 0.018104844859336073 0.018568614044168253 -0.060222583089232874 -0.068085607160239689 0.076869658671275501 0.050119400219418943 -0.068890391579859808 0.055442412642925577 -0.067851565519073592 -0.075283824778477421 0.038066103117849998 0.0097555424435743013 0.051729609214696326 0.026064717183333821 -0.0078592046056364245 0.014891735004125148
leaf_weight=40.236811380158542 30.818479121779092 89.687043340163655 9.5329645274759987 148.13638202022412 10.542397433426229 5.1556455785466815 34.759140594513156 24.167696465199697 7.1056442934095676 13.548327500990125 4.7488676302891717 11.014135443285339 6.9201760992800718 21.831514339821297 1.9336498368938917 11.334784327744272 4.5706399048431186 3.1086020117945763 12.94292508903891 14.684787023812531 4.8439068261577622 12.389967509603592 6.7834650234726706 5.2556166950816978 3.9449120772769675 26.481576173049689 1.6206270456314085 11.687014103896216 6.8382669338025144 74.111784793667539
leaf_count=593 102 359 260 1793 29 97 113 306 246 22 151 17 304 324 24 75 209 64 31 151 446 19 151 112 4 153 1 83 43 980
internal_value=0.011319 0.0100925 0.00670978 0.00206771 -0.0355066 0.0165094 -0.00194058 0.00504307 0.00257215 0.0162954 0.0142203 0.017926 0.0154278 -0.0102082 -0.0615803 -0.0190936 -0.00407311 0.0208914 0.0390757 0.0157609 0.010592 0.0147422 0.00846839 -0.0127987 -0.00871674 -0.00338512 -0.0447918 0.0527625 0.0316131 0.00437968
internal_weight=660.738 623.081 403.199 273.597 20.0754 129.602 39.9148 253.522 229.354 219.882 206.334 185.68 174.666 30.6853 8.85383 20.6543 15.9054 143.98 31.6835 112.297 97.612 92.7681 80.3781 40.1413 7.05351 34.8857 8.40409 24.6299 37.6567 222.248
internal_count=7262 7117 4183 3614 289 569 210 3325 3019 2934 2912 2477 2460 652 328 435 284 1808 182 1626 1475 1029 1010 417 68 305 152 114 145 2773
is_linear=0
shrinkage=0.05


Tree=157
num_leaves=31
num_cat=0
split_feature=13 11 0 14 3 3 14 14 14 12 12 12 3 14 14 2 12 0 13 0 0 13 3 11 14 14 12 14 14 13
split_gain=6.06013 5.93782 8.24093 4.92048 6.72948 11.2519 14.7015 7.1947 20.0509 5.85257 8.1664 10.9896 5.747 5.35671 10.5324 5.34534 8.17136 5.00274 4.96574 13.7794 4.72441 16.0932 4.59289 4.57752 3.94795 12.7542 10.7025 5.58486 13.6119 4.7667
threshold=46.000000000000007 0.0086232530478739227 15.538787777514528 6.5000000000000009 0.016333333333333339 0.039761904761904769 50.500000000000007 16.500000000000004 26.500000000000004 2.0420576532871721 2.2231115249540623 2.5839279248542426 0.73019230769230792 122.50000000000001 250.00000000000003 1.0000000180025095e-35 3.3703496293710251 17.216839764902968 1.5000000000000002 2.8578925714594918 0.62598687054423718 4.5000000000000009 0.87487804878048803 0.019769411151641485 39.500000000000007 21.500000000000004 1.9158717933306306 55.500000000000007 70.500000000000014 9.0000000000000018
decision_type=2 2 2 2 2 2 2 2 2 2 2 2 2 2 2 2 2 2 2 2 2 2 2 2 2 2 2 2 2 2
left_child=3 -2 -3 -1 7 6 -6 18 -9 12 -11 -12 13 17 -15 16 23 24 19 -5 -20 -22 -14 -13 25 -7 29 -26 -29 -27
right_child=1 2 -4 4 5 9 -8 8 -10 10 11 15 22 14 -16 -17 -18 -19 20 -21 21 -23 -24 -25 27 26 -28 28 -30 -31
leaf_value=0.015787394800398084 0.038809884633988934 -0.079846870160644401 0.043167745960610238 -0.0735971306161885 -0.080648044859363111 0.0036941190618417796 0.0059699328366905119 -0.095416076831870714 0.011686544211473453 0.033655539700504236 -0.067330501335547327 -0.060097671481805406 -0.079032277216789196 -0.13027284611712814 0.0037865639383914589 0.026980730740547073 -0.060204009847080089 0.040158912123201905 0.034449202188588234 0.03312944271031399 -0.094029918959995129 0.033908907275343653 -0.0026020837579389037 0.022768786055790274 0.030664529023356413 -0.039111879798849086 0.034356793070891394 -0.10776739386619974 0.010940678914915306 -0.099347807745529884
leaf_weight=215.64838346284523 31.64106874295976 2.6954094993416211 2.750970721244812 4.6666770794545291 9.1826974316645664 85.511670222596877 10.500619119033216 5.0031599302164969 34.526551256305538 35.885059742751764 5.0957262136071213 1.929485263250174 4.0833464586830805 2.2554179707876747 4.1812612962094136 22.609344406431774 5.5285889441001919 8.717568871448746 62.402014331819373 8.5932851736433786 3.3009201056847806 9.6253891431260836 3.7900069064635318 12.228410833522501 23.060138725435536 8.0534817966181453 3.500676942858262 2.7937512671487665 17.807966748696344 5.5461230701766899
leaf_count=2934 97 45 3 79 260 970 29 97 113 236 210 119 133 49 25 144 558 12 179 14 54 33 23 137 138 306 27 66 127 45
internal_value=0.0108803 0.0305095 -0.0177121 0.00969853 0.006419 0.00197231 -0.0344392 0.0158686 -0.00186912 0.00480985 0.015662 0.00203716 -0.000528126 0.00150634 -0.043188 0.0103945 -0.0086544 0.00336246 0.0237835 -0.00443163 0.0287502 0.00123788 -0.042241 0.0114755 0.00116948 -0.00418879 -0.0436081 0.0137622 -0.00515705 -0.063677
internal_weight=653.115 37.0874 5.44638 616.028 400.379 272.261 19.6833 128.118 39.5297 252.578 83.2766 47.3916 169.301 161.428 6.43668 42.2958 19.6865 154.991 88.5883 13.26 75.3283 12.9263 7.87335 14.1579 146.274 102.612 17.1003 43.6619 20.6017 13.5996
internal_count=7262 145 48 7117 4183 3614 289 569 210 3325 1404 1168 1921 1765 74 958 814 1691 359 93 266 87 156 256 1679 1348 378 331 193 351
is_linear=0
shrinkage=0.05


Tree=158
num_leaves=31
num_cat=0
split_feature=13 11 11 14 3 3 14 14 14 1 1 1 1 1 12 3 6 12 12 12 3 1 14 6 11 0 0 1 12 1
split_gain=5.64812 5.44862 7.73098 4.38514 6.20897 10.3597 13.9523 6.69127 18.6328 5.58396 9.42028 7.10363 9.05111 12.2306 6.05261 5.83303 7.52827 5.40584 7.50171 10.3144 5.28127 14.5663 4.96201 7.56893 8.16102 7.51383 11.9644 9.03459 14.0411 8.53032
threshold=46.000000000000007 0.0086232530478739227 0.10435606060606063 6.5000000000000009 0.016333333333333339 0.039761904761904769 50.500000000000007 16.500000000000004 26.500000000000004 0.41190794110298162 0.2170587703585625 0.2146469056606293 0.14907393604516986 0.17729674279689792 3.4514933084675818 0.28509493670886082 0.55000000000000016 2.0420576532871721 2.2231115249540623 2.5839279248542426 0.73019230769230792 0.13089070469141009 5.5000000000000009 1.0000000180025095e-35 0.049891774891774911 2.8565704096905278 1.0000000180025095e-35 0.14524205029010775 1.0224921205566442 0.098070491105318083
decision_type=2 2 2 2 2 2 2 2 2 2 2 2 2 2 2 2 2 2 2 2 2 2 2 2 2 2 2 2 2 2
left_child=3 -2 -3 9 7 6 -6 -5 -9 10 11 12 22 14 -14 -12 -17 20 -19 -20 -7 -22 25 24 -24 26 27 28 29 -1
right_child=1 2 -4 4 5 17 -8 8 -10 -11 15 -13 13 -15 -16 16 -18 18 19 -21 21 -23 23 -25 -26 -27 -28 -29 -30 -31
leaf_value=-0.0048485999527733779 0.037589840773186084 -0.079757203983503291 0.041457863861926916 0.023103434171448771 -0.079616744798962941 0.0014428761047256618 0.0056934966639449591 -0.093473347034612783 0.011175460101526077 0.046915028367394841 -0.068828389009780541 0.056508701066443102 -0.084168780236710067 0.0093969635748917153 0.015197778828776133 0.017204888213503997 -0.059882069481947277 0.032567528064431188 -0.066703398823572235 0.010062279424910224 0.045042671295937059 -0.095597315384523818 -0.07116221229825713 0.050287512246412994 0.039088629995206368 0.048439956532907669 -0.068329517849417584 0.054126327523124976 0.028534664377825147 -0.074965241618332165
leaf_weight=34.727125449164305 31.049933257396333 2.5575739443302146 2.7083866595057771 86.670473047488485 8.8451436483519519 160.01886371094952 10.460972850210963 4.8555608725291668 34.306037575297523 12.933926932222674 4.6062597320997183 10.517167421639895 6.6014578428330442 21.632555853459053 1.995832215183327 11.112660184648119 4.429673593649567 35.246284808516066 4.8916256362936101 41.490901390719955 3.0150246339180731 4.7284133902066969 2.9951573238940936 24.17663436930161 3.8182684369385242 14.211100419008288 4.6982815911142088 11.892382417201587 39.381620968439165 4.9568987235834348
leaf_count=304 97 32 16 359 260 1765 29 97 113 22 151 17 271 324 57 75 209 236 210 958 19 137 56 114 12 151 446 19 613 93
internal_value=0.0104583 0.0296141 -0.0174139 0.00931637 0.00618712 0.00189468 -0.0333916 0.015353 -0.00179972 0.015067 0.0130253 0.016624 0.0141722 -0.0106525 -0.0611012 -0.0194112 -0.00476543 0.0046263 0.0151796 0.00196637 -0.000508645 -0.040837 0.0194999 0.0371697 -0.00937724 0.0145158 0.00947588 0.0134948 0.00738334 -0.0136068
internal_weight=645.532 36.3159 5.26596 609.216 394.529 268.697 19.3061 125.832 39.1616 214.687 201.753 181.604 171.087 30.2298 8.59729 20.1486 15.5423 249.391 81.6288 46.3825 167.762 7.74344 140.857 30.9901 6.81343 109.867 95.6563 90.958 79.0656 39.684
internal_count=7262 145 48 7117 4183 3614 289 569 210 2934 2912 2477 2460 652 328 435 284 3325 1404 1168 1921 156 1808 182 68 1626 1475 1029 1010 397
is_linear=0
shrinkage=0.05


Tree=159
num_leaves=31
num_cat=0
split_feature=3 3 1 14 3 0 0 3 14 3 3 3 0 10 14 5 10 10 1 14 2 1 1 1 0 1 1 14 14 14
split_gain=5.08687 9.38042 11.2788 5.84732 4.05277 4.41119 9.26799 11.7794 5.5455 11.6931 4.91366 12.1417 8.79029 7.4981 6.16217 5.52464 4.60008 5.95824 9.68169 8.19618 5.23213 10.9228 5.25775 27.5569 7.72067 5.46456 12.0058 5.09944 10.0413 14.1411
threshold=0.99500000000000022 1.0950000000000004 0.0091859051026403921 3.5000000000000004 0.73019230769230792 1.0005857905995132 2.0829006902752769 0.53865384615384626 86.500000000000014 0.044907407407407417 0.14820175438596495 0.052982456140350888 5.303411260527187 0.17500000000000004 277.50000000000006 1.0000000180025095e-35 0.27500000000000008 1.0000000180025095e-35 0.25083893537521368 51.500000000000007 1.0000000180025095e-35 0.029917792417109016 0.20080568641424182 0.16938359290361407 0.11784952208767181 0.23643275350332263 0.26435485482215887 69.500000000000014 21.500000000000004 29.500000000000004
decision_type=2 2 2 2 2 2 2 2 2 2 2 2 2 2 2 2 2 2 2 2 2 2 2 2 2 2 2 2 2 2
left_child=4 -2 -3 -4 5 8 7 -7 16 -10 11 -8 14 -14 -13 -12 17 19 27 20 22 -22 23 24 -1 -24 -27 28 -19 -30
right_child=1 2 3 -5 -6 6 10 -9 9 -11 15 12 13 -15 -16 -17 -18 18 -20 -21 21 -23 25 -25 -26 26 -28 -29 29 -31
leaf_value=0.020575809443621841 0.046637200932859134 0.034336107599794399 -0.081853346609687003 0.037599633459425442 -0.011181219094232139 -0.076714195865845602 0.011955518850334287 0.012769303634831775 0.020315534131307645 -0.14525685179830075 0.019948384841519985 -0.072396895337930603 0.012751298194458513 -0.041897236852963787 0.035081499830778289 -0.034274363780510145 0.042505072391101323 0.010805274934564126 -0.04312068709183732 -0.067406692099415702 0.03308900587397242 -0.066143672662246494 0.045404157594890651 -0.082565231690184468 -0.068750431772369211 -0.087371033088809932 0.025166407275286764 0.03855174977683027 -0.11916827929299101 -0.0044226508550674762
leaf_weight=140.74634957908711 24.152763276499172 7.9712081612524326 4.7597258678706567 1.3054654425068291 24.055772174451704 7.7506410657115321 75.720559373658034 6.9985486523037252 2.8421658063307396 1.7066390189575029 73.654104650708177 10.260425371583549 17.562810158968208 9.7675557986658514 1.5328527241945256 5.0176757019362404 13.392413961295459 74.283235634226003 10.310022779383869 2.8378113639701033 5.6700122961992729 5.4276815650482604 33.847126063134056 6.9993556859044466 2.4613074262797445 2.5219498441147143 39.320121153345099 11.858900145511141 3.7138662378347354 9.6924505582283
leaf_count=1154 94 36 224 26 491 300 387 151 14 123 609 226 94 194 2 164 423 831 367 38 19 222 188 190 212 83 235 20 55 90
internal_value=0.0100522 0.0277462 -0.00476007 -0.0561424 0.00892593 0.00976582 0.00395184 -0.0342539 0.0130595 -0.0418046 0.00686376 0.000269456 -0.0223479 -0.00677945 -0.0584272 0.0164901 0.0137468 0.0126454 0.00300219 0.0170627 0.0180741 -0.0154439 0.0197208 0.0143059 0.0190406 0.0304667 0.0183834 0.00777903 0.00361741 -0.0362099
internal_weight=638.142 38.1892 14.0364 6.06519 599.952 575.897 208.265 14.7492 367.631 4.5488 193.516 114.844 39.1236 27.3304 11.7933 78.6718 363.083 349.69 109.858 239.832 236.994 11.0977 225.896 150.207 143.208 75.6892 41.8421 99.5485 87.6896 13.4063
internal_count=7262 380 286 250 6882 6391 2127 451 4264 137 1676 903 516 288 228 773 4127 3704 1363 2341 2303 241 2062 1556 1366 506 318 996 976 145
is_linear=0
shrinkage=0.05


Tree=160
num_leaves=31
num_cat=0
split_feature=1 1 1 1 2 12 10 14 14 3 1 1 1 1 14 0 1 14 5 1 1 1 1 3 0 12 0 1 1 14
split_gain=6.13935 10.5394 11.7702 9.28866 7.69835 9.26194 23.7679 7.72921 29.0285 10.5543 9.20458 7.93918 7.81197 7.23327 10.0732 6.48438 7.78313 5.49654 5.2836 12.5787 11.0852 10.4366 6.25954 6.04503 5.54666 5.40641 4.16208 4.48665 3.68143 9.57035
threshold=0.12175370380282403 0.12490386515855791 0.14208731055259707 0.11205947026610376 1.3500000000000003 0.88079119342587353 0.17500000000000004 59.500000000000007 31.500000000000004 0.044365079365079378 0.080549564212560668 0.078742533922195448 0.015745282173156742 0.01205264311283827 18.500000000000004 2.8565704096905278 0.015745282173156742 560.50000000000011 1.0000000180025095e-35 0.18771057575941089 0.19552563130855563 0.27530562877655035 0.39234508574008947 0.55000000000000016 19.025979087023618 4.7456221618074457 2.9438874179358376 0.38880927860736852 0.097205407917499556 20.500000000000004
decision_type=2 2 2 2 2 2 2 2 2 2 2 2 2 2 2 2 2 2 2 2 2 2 2 2 2 2 2 2 2 2
left_child=3 -2 -3 4 5 6 7 8 9 -1 11 12 13 14 -11 16 -6 -7 23 -20 -21 24 26 25 -22 -4 -23 -28 29 -8
right_child=1 2 18 -5 15 17 28 -9 -10 10 -12 -13 -14 -15 -16 -17 -18 -19 19 20 21 22 -24 -25 -26 -27 27 -29 -30 -31
leaf_value=-0.088989314102153674 0.050456901497026009 -0.060765738848215525 0.011557146626396064 -0.075319587105531521 -0.055133907646586211 0.0077476777219616924 -0.051509099788888936 0.011483778619979977 -0.22136500806312692 -0.078025280006032149 -0.077334572267989232 0.047034580200548827 -0.067022540989643262 0.031529465815979894 0.029522473768181734 0.046269007328250428 0.023487998556469047 -0.08038057545003513 -0.075728349863518882 0.050487508348822166 -0.081801439734788123 0.026360316159976378 -0.057241568915343377 0.041385305792554741 0.027165064619515303 -0.037538145267093578 -0.063311616168330476 0.051096678258127338 0.042632201332486824 0.019320890704457243
leaf_weight=7.442791076260618 15.709955420528784 6.0116562139228327 272.16745034158885 3.9873694476846131 4.3844143390342643 136.48675035522501 5.8141336613334706 7.2820636937394729 2.1952462680637828 5.3964874294470153 6.4614916962746056 4.8502026337664566 7.1128836218849747 7.6020888555794945 3.6497524902224541 16.572061164944898 11.160536694187611 1.7925273055443529 5.6413185881028758 9.759377417569338 6.2153378445764238 17.212845685859072 3.4275200115444013 16.853497025418619 1.4380532732175195 5.7254676709017067 2.906296590488636 1.2152558784000573 9.0716037371894327 26.532221698755166
leaf_count=134 52 364 3098 169 30 1616 41 34 20 97 92 6 140 13 8 41 63 17 218 39 260 138 124 81 12 252 67 2 15 66
internal_value=0.00617131 0.0103963 0.00859081 0.000423995 0.00156884 -0.00161125 -0.0137744 -0.0362851 -0.0440652 -0.0349105 -0.0234345 -0.0112619 -0.0231615 -0.00442224 -0.0346346 0.0245098 0.00131289 0.00660526 0.00980795 -0.00560915 0.00377005 -0.0102953 0.00547747 0.012309 -0.0613269 0.0105456 0.0155537 -0.0295779 0.0144838 0.00658947
internal_weight=632.079 364.284 348.574 267.795 263.807 231.69 93.411 51.993 44.7109 42.5157 35.0729 28.6114 23.7612 16.6483 9.04624 32.117 15.545 138.279 342.562 47.816 42.1747 32.4153 24.7619 294.746 7.65339 277.893 21.3344 4.12155 41.418 32.3464
internal_count=7309 4707 4655 2602 2433 2299 666 544 510 490 356 264 258 118 105 134 93 1633 4291 860 642 603 331 3431 272 3350 207 69 122 107
is_linear=0
shrinkage=0.05


Tree=161
num_leaves=31
num_cat=0
split_feature=1 1 1 1 2 1 1 14 11 3 1 0 1 0 0 11 1 14 0 3 3 1 1 1 0 0 5 3 11 1
split_gain=5.59135 9.85215 11.0057 8.73759 7.10126 6.25095 9.01068 12.7014 7.40335 10.6509 7.93802 6.10959 7.06349 5.0078 10.2765 7.8412 7.38136 8.86094 8.60105 5.30614 10.0875 7.40131 8.99271 6.99052 5.00099 9.28969 5.16692 4.74227 3.87647 8.11582
threshold=0.12175370380282403 0.12490386515855791 0.14208731055259707 0.11205947026610376 1.3500000000000003 0.015745282173156742 0.097205407917499556 5.5000000000000009 0.21954449152542374 1.143050541516246 0.078742533922195448 2.8565704096905278 0.015745282173156742 1.0005857905995132 1.5970709543605501 0.12141687141687145 0.25769822299480444 10.500000000000002 3.616436121837598 0.67038461538461569 0.7577521008403364 0.18771057575941089 0.19552563130855563 0.27530562877655035 2.7580659675969876 3.439485071661502 0.40000000000000008 0.11972222222222224 0.027323220258002871 0.16613907366991046
decision_type=2 2 2 2 2 2 2 2 2 2 2 2 2 2 2 2 2 2 2 2 2 2 2 2 2 2 2 2 2 2
left_child=3 -2 -3 4 5 -1 8 -8 9 -7 -11 12 -6 15 -15 19 17 18 -16 28 -21 -22 -23 -24 27 -26 -27 -18 29 -4
right_child=1 2 13 -5 11 6 7 -9 -10 10 -12 -13 -14 14 16 -17 24 -19 -20 20 21 22 23 -25 25 26 -28 -29 -30 -31
leaf_value=0.0022869073372350211 0.049227501294894269 -0.06027914632939918 -0.033608145655393294 -0.07455787196340119 -0.052469186689621972 -0.072609176279580454 -0.077100548050443529 0.032576573960724102 0.039760634863055921 -0.076444945017263566 0.035880268228455144 0.045333646805873276 0.022614207714174019 -0.068416720662151695 -0.063211322030871639 -0.046830773949189865 -0.010976233285721369 -0.066053030010314318 0.014526838807015233 -0.088465017052625161 -0.074106026149308404 0.052313991039248733 -0.086590261136921948 0.014481768874604603 -0.070254906491532057 0.011867606027733475 -0.037449423021833135 0.042689336245628082 0.031684669823630274 0.018241174699158987
leaf_weight=188.85007129610131 15.307511570308632 5.7634585954747299 8.1070396890499961 3.830669710168876 4.3769292012257237 14.606827319301379 3.3301511997087827 12.732179716462268 2.7056948763784012 2.2771110249232143 5.085933085763827 16.080877423635684 11.015949743443342 4.9387273017782709 4.500014068966272 5.0352446964679975 5.2753964379080598 7.133760227734455 16.9998062485829 3.2119542635846328 2.4350939911801133 9.1926103831938253 2.6601561836250758 4.7934059805593279 3.8996892050781744 80.986078097805148 5.6837529568001619 18.740023880498484 46.757010436871496 109.29220968084337
leaf_count=1259 52 364 206 169 30 723 151 87 7 53 19 41 63 216 162 278 33 274 217 129 94 17 90 69 65 495 118 93 539 1196
internal_value=0.00592432 0.00997504 0.00823546 0.000408316 0.00150833 -0.00154495 -0.0193084 0.00983757 -0.0382807 -0.0478919 0.00114233 0.0237807 0.00126442 0.0093981 0.00249589 0.0147385 0.00494123 -0.017766 -0.00174413 0.0164013 -0.00648741 0.0073119 0.0192222 -0.0215906 0.0106155 0.0052367 0.00863343 0.0309008 0.0195097 0.0146607
internal_weight=625.605 360.713 345.405 264.892 261.062 229.588 40.7379 16.0623 24.6756 21.9699 7.36304 31.4738 15.3929 339.642 148.157 191.485 143.219 28.6336 21.4998 186.449 22.2932 19.0813 16.6462 7.45356 114.585 90.5695 86.6698 24.0154 164.156 117.399
internal_count=7309 4707 4655 2602 2433 2299 1040 238 802 795 72 134 93 4291 1673 2618 1457 653 379 2340 399 270 176 159 804 678 613 126 1941 1402
is_linear=0
shrinkage=0.05


Tree=162
num_leaves=31
num_cat=0
split_feature=1 1 1 1 2 12 10 6 1 0 0 1 1 0 0 12 0 11 1 1 0 10 5 1 1 1 11 12 11 3
split_gain=5.1391 9.18784 10.3064 8.22211 6.54837 8.24265 21.2865 6.71073 9.92182 6.05302 5.75305 6.40791 5.20865 4.57805 9.66346 9.10199 7.57635 7.20027 7.17695 6.48135 6.26821 5.22289 4.8651 10.1313 9.76469 11.0884 5.89664 4.80298 4.76455 7.8976
threshold=0.12175370380282403 0.12490386515855791 0.14208731055259707 0.11205947026610376 1.3500000000000003 0.88079119342587353 0.17500000000000004 0.55000000000000016 0.080549564212560668 11.124933199757818 2.8565704096905278 0.015745282173156742 0.01205264311283827 1.0005857905995132 1.5970709543605501 0.9275846187543545 15.538787777514528 0.12141687141687145 0.26258634030818945 0.41865955293178564 2.5169948144992862 0.12500000000000003 1.0000000180025095e-35 0.18771057575941089 0.19552563130855563 0.27530562877655035 0.012739370334307045 4.9695392937802128 0.027323220258002871 0.042678571428571434
decision_type=2 2 2 2 2 2 2 2 2 2 2 2 2 2 2 2 2 2 2 2 2 2 2 2 2 2 2 2 2 2
left_child=3 -2 -3 4 5 6 7 9 12 -1 11 -6 -9 17 -15 16 19 22 20 -16 -17 -22 28 -24 -25 -26 -27 -20 -4 -30
right_child=1 2 13 -5 10 -7 -8 8 -10 -11 -12 -13 -14 14 15 18 -18 -19 27 -21 21 -23 23 24 25 26 -28 -29 29 -31
leaf_value=-0.05907613658121718 0.048013923573962267 -0.059813247397430894 0.013660463179810376 -0.073840704171057051 -0.049918466067494865 0.0062455204368118168 0.013719788775432139 -0.062995896946696106 -0.077342055177246641 0.026735685539129424 0.044394822867238587 0.021758900490768149 0.012956799638583597 -0.06786277135898737 -0.065428063315165361 -0.074476482127348281 0.018224801694598457 -0.045432101875471448 0.019765565964600849 -0.0026327345221434316 0.0068284527523012747 -0.066714412037285745 -0.077690053360839909 0.050100616946056477 -0.086033054746379914 0.026539626503736397 -0.07062580019946034 -0.031548786100496315 -0.057382408021128144 0.037788281156056536
leaf_weight=24.700151460376222 14.919659083087025 5.5239954125827344 110.94916567144173 3.6783382487010376 4.3707189076194508 137.39207083646215 40.662761321960716 2.6404723130108385 5.0403678796137674 2.2415193766355506 15.611918030626837 10.880065235141954 15.552584144083083 4.7352428821250205 10.571627660334348 3.5824933768308282 7.8440923541784278 4.9333941258919358 86.937154333179933 6.721911283209919 18.214768155186906 2.7830447234518934 3.9414738044433788 8.9831231992575358 4.0906024719788538 9.2840853045345266 1.877125162827723 4.8125117508607209 2.2969127641335936 42.774955483542726
leaf_count=333 52 364 1354 169 30 1633 122 61 56 6 41 63 88 216 223 110 14 278 528 32 269 175 136 23 150 76 76 106 95 430
internal_value=0.00569156 0.00960832 0.00792727 0.000388494 0.00144233 -0.00148075 -0.0131667 -0.034956 -0.0152651 -0.0519367 0.0230585 0.0012169 0.00193331 0.00904317 0.00239847 0.00475028 -0.0225328 0.0141797 0.0106458 -0.0410198 -0.0133482 -0.0029189 0.0157763 -0.00334527 0.00874587 -0.0156115 0.0101981 0.017074 0.0192295 0.0329383
internal_weight=618.548 355.777 340.858 262.771 259.093 228.23 90.8379 50.1751 23.2334 26.9417 30.8627 15.2508 18.1931 335.334 146.203 141.468 25.1376 189.131 116.33 17.2935 24.5803 20.9978 184.197 28.1764 24.2349 15.2518 11.1612 91.7497 156.021 45.0719
internal_count=7309 4707 4655 2602 2433 2299 666 544 205 339 134 93 149 4291 1673 1457 269 2618 1188 255 554 444 2340 461 325 302 152 634 1879 525
is_linear=0
shrinkage=0.05


Tree=163
num_leaves=31
num_cat=0
split_feature=1 1 1 1 2 12 10 3 1 1 0 1 0 1 0 0 12 0 1 1 0 12 3 3 1 1 1 1 1 1
split_gain=4.72492 8.56307 9.65563 7.74131 6.03277 7.48821 19.3518 5.95475 5.58536 9.30142 5.41383 5.81088 4.80818 4.59026 4.19794 9.08803 8.35115 7.01438 6.57307 6.26263 4.99146 4.42891 4.08772 8.96307 6.37156 8.16865 5.93015 4.12057 7.31809 7.10017
threshold=0.12175370380282403 0.12490386515855791 0.14208731055259707 0.11205947026610376 1.3500000000000003 0.88079119342587353 0.17500000000000004 1.143050541516246 0.015745282173156742 0.01205264311283827 2.8565704096905278 0.015745282173156742 11.124933199757818 0.078742533922195448 1.0005857905995132 1.5970709543605501 0.9275846187543545 15.538787777514528 0.25769822299480444 0.41865955293178564 3.616436121837598 2.8186305780363132 0.67038461538461569 0.7577521008403364 0.18771057575941089 0.19552563130855563 0.27530562877655035 0.14687306433916095 0.16613907366991046 0.14907393604516986
decision_type=2 2 2 2 2 2 2 2 2 2 2 2 2 2 2 2 2 2 2 2 2 2 2 2 2 2 2 2 2 2
left_child=3 -2 -3 4 5 6 7 8 9 12 11 -6 -1 -9 22 -16 17 19 20 -17 -18 -20 27 -24 -25 -26 -27 -4 29 -29
right_child=1 2 14 -5 10 -7 -8 13 -10 -11 -12 -13 -14 -15 15 16 18 -19 21 -21 -22 -23 23 24 25 26 -28 28 -30 -31
leaf_value=-0.051564706755372149 0.046813906894721591 -0.059367243281822794 0.042838548875986648 -0.073165238512398895 -0.047476823979664046 0.005945981260597563 0.013150245318625194 -0.030945922285329826 -0.070865530322990367 0.030874227046642 0.043452411819945885 0.020922945450658162 0.026782147155491466 0.035228898901254108 -0.067325949294526621 -0.064677613462255604 -0.064089776487687877 0.017511201317384612 0.020537334051544173 -0.0024983929807085863 -0.0029001821866120958 -0.0081649179191300835 -0.085377651954962122 -0.071578817318888474 0.050931811697116407 -0.082390341638671677 0.011966997795892144 0.025729764010943679 0.016582779346150704 -0.069432043451679679
leaf_weight=20.044284720555886 14.546589690768085 5.293065023748567 13.445301685307639 3.5304267767860429 4.3658546647529901 137.1053008402796 40.31185493367957 5.6125500882626493 11.973748416166925 5.1152070751413694 15.164468300761653 10.752362543425987 2.1703324243426314 4.9157507694617379 4.5393112363544779 10.169764652848249 4.2374695594044196 7.7578111365437499 79.148488692706451 6.7290017345221704 15.611355180764802 16.189260840779752 3.1123419718933318 2.2859758882186751 8.5399707766846387 2.5613134798022648 4.7591673867536883 3.2337858417740772 143.71593016384941 4.9766905265132664
leaf_count=230 52 364 51 169 30 1633 122 39 249 12 41 63 5 9 216 223 183 14 353 32 355 297 150 99 18 101 83 24 1890 202
internal_value=0.00546539 0.00925533 0.00763077 0.000371943 0.00138004 -0.00141353 -0.0126071 -0.0334436 -0.0423893 -0.0299132 0.0223437 0.00117039 -0.0439103 -4.83508e-05 0.0087021 0.00230034 0.00456041 -0.0218489 0.0102135 -0.0399182 -0.0159634 0.0156634 0.0136547 -0.00698395 0.00646156 0.0177096 -0.0210471 0.0163078 0.0139599 -0.0319515
internal_weight=611.915 350.853 336.306 261.062 257.532 227.249 90.1437 49.8319 39.3036 27.3298 30.2827 15.1182 22.2146 10.5283 331.013 144.382 139.843 24.6566 115.187 16.8988 19.8488 95.3377 186.63 21.2588 18.1464 15.8605 7.32048 165.372 151.926 8.21048
internal_count=7309 4707 4655 2602 2433 2299 666 544 496 247 134 93 235 48 4291 1673 1457 269 1188 255 538 650 2618 451 301 202 184 2167 2116 226
is_linear=0
shrinkage=0.05


Tree=164
num_leaves=31
num_cat=0
split_feature=1 1 1 1 14 2 12 10 14 14 1 1 14 0 0 12 11 0 1 14 1 0 10 11 11 11 1 0 12 0
split_gain=4.33296 7.98036 9.04665 7.29214 6.12477 6.30331 5.78656 18.8086 10.1175 19.4081 4.31125 8.99534 6.98965 3.8373 8.54879 7.65882 6.56395 6.49392 6.06198 8.73898 6.05247 5.55511 4.64633 4.52148 12.0126 4.77149 8.80769 8.85208 6.85656 4.52683
threshold=0.12175370380282403 0.12490386515855791 0.14208731055259707 0.11205947026610376 2.5000000000000004 1.3500000000000003 0.88079119342587353 0.17500000000000004 59.500000000000007 31.500000000000004 0.015745282173156742 0.01205264311283827 18.500000000000004 1.0005857905995132 1.5970709543605501 0.9275846187543545 0.12141687141687145 15.538787777514528 0.26258634030818945 10.500000000000002 0.41865955293178564 2.5169948144992862 0.12500000000000003 0.10540935672514623 0.076655982905982925 0.027323220258002871 0.16613907366991046 0.61223959779835269 0.93778201029957164 0.087094578385637
decision_type=2 2 2 2 2 2 2 2 2 2 2 2 2 2 2 2 2 2 2 2 2 2 2 2 2 2 2 2 2 2
left_child=3 -2 -3 4 -1 6 7 8 9 10 11 12 -6 16 -15 17 23 20 19 21 -16 -17 -23 24 25 26 28 29 -4 -28
right_child=1 2 13 -5 5 -7 -8 -9 -10 -11 -12 -13 -14 14 15 18 -18 -19 -20 -21 -22 22 -24 -25 -26 -27 27 -29 -30 -31
leaf_value=-0.02628152179243845 0.045625639519522913 -0.058940362781167557 -0.072731166789016144 -0.072528550521859372 -0.081711122440626296 0.025587250320084437 0.0066701344674461498 0.012599781886162516 0.013611594862860954 -0.18917120492703621 -0.069348023410984519 0.03259347184937491 -0.0037216396613850081 -0.066805713718686724 -0.063964232301990262 -0.069531945478731025 -0.044399136110513687 0.016817211568920593 0.015742173786855516 -0.070555430919380879 -0.0023710322054040856 0.021632770005961303 -0.069814210716866304 0.045312503847625911 -0.068334725772383684 0.030647389849210983 0.011574864131556225 -0.064783386682351507 0.01525286902418378 0.03729775668987647
leaf_weight=18.633671113395394 14.188380643483468 5.0704634489293303 5.4459547754886426 3.3869786144969103 6.692329110985165 28.405421947914874 134.49988888555163 39.978082774352515 7.4726675976999095 2.3579649057937777 7.915229160906164 4.8730133594945064 5.0338989342562854 4.3507032044726648 9.7789344917400793 2.3092885617152268 4.8294525606906964 7.6761824339628211 90.122134675861162 5.1075250806243266 6.7357508437708011 15.106976229930298 1.5296752284339152 11.282804905516967 4.4612999363780537 36.900634673562308 93.433655307484514 3.4695685288388622 3.7315524287041626 20.936474624733819
leaf_count=661 52 364 92 169 105 103 1174 122 34 20 183 10 21 216 223 88 278 14 634 231 32 166 69 51 205 414 1116 166 167 129
internal_value=0.00524479 0.00890289 0.00733482 0.000356016 0.00132083 0.00348892 0.000482965 -0.0107137 -0.0378509 -0.0521616 -0.0389831 -0.0245037 -0.0482314 0.00836183 0.00220552 0.00437546 0.0131242 -0.0211808 0.00979017 -0.0125105 -0.0388426 0.00313752 0.0132246 0.0146704 0.0126172 0.0148204 0.0102224 0.0138968 -0.0369571 0.0162837
internal_weight=605.717 346.467 332.279 259.249 255.862 237.228 208.823 74.3232 34.3451 26.8724 24.5145 16.5992 11.7262 327.209 142.717 138.366 184.491 24.1909 114.176 24.0535 16.5147 18.9459 16.6367 179.662 168.379 163.918 127.017 117.84 9.17751 114.37
internal_count=7309 4707 4655 2602 2433 1772 1669 495 373 339 319 136 126 4291 1673 1457 2618 269 1188 554 255 323 235 2340 2289 2084 1670 1411 259 1245
is_linear=0
shrinkage=0.05


Tree=165
num_leaves=31
num_cat=0
split_feature=3 1 14 10 1 0 14 14 14 0 14 6 1 1 1 3 1 13 3 3 0 13 3 3 14 14 1 1 3 14
split_gain=9.98828 11.8297 11.2075 18.7765 6.71928 6.84039 5.57724 5.39544 17.1396 10.7957 10.4321 9.40764 8.31511 5.74614 5.15502 4.70421 9.28958 5.64023 4.48626 4.91568 4.34836 7.87779 7.43384 5.87169 13.7901 11.1569 7.92994 19.8254 4.56127 7.4201
threshold=0.070512820512820526 0.15261668711900714 4.5000000000000009 1.0000000180025095e-35 0.16613907366991046 20.295735126050783 5.5000000000000009 9.5000000000000018 39.500000000000007 17.216839764902968 5.5000000000000009 0.55000000000000016 1.0000000180025095e-35 0.0043633040040731439 0.14208731055259707 0.55000000000000016 0.098070491105318083 4.5000000000000009 0.072543103448275872 0.080147058823529446 2.3138827358238676 1.5000000000000002 0.061602564102564115 0.020526315789473691 16.500000000000004 23.500000000000004 0.09300390258431436 0.098070491105318083 0.054545454545454557 236.50000000000003
decision_type=2 2 2 2 2 2 2 2 2 2 2 2 2 2 2 2 2 2 2 2 2 2 2 2 2 2 2 2 2 2
left_child=2 7 3 -1 -3 18 -4 10 9 -9 11 14 -12 -13 -2 16 -15 -18 -6 -20 21 22 -8 25 26 -23 -25 -28 -22 -30
right_child=1 4 6 -5 5 -7 20 8 -10 -11 12 13 -14 15 -16 -17 17 -19 19 -21 28 23 -24 24 -26 -27 27 -29 29 -31
leaf_value=-0.087544288428669903 -0.060477097385225831 -0.063565381094003004 0.032399941533980806 0.016684056385631623 0.050370948407523458 -0.065989391498739919 -0.066509586318712566 -0.084598133320329894 0.026333722208345185 0.051860024715996246 0.080914546159059741 -0.0600210264108898 0.034092479724547993 0.028977702307973544 0.029529131215437862 0.035750270270872062 0.016851077151240831 -0.065976497585399682 -0.063078316297884046 0.007487103744178783 0.014270186026157722 0.01537570053349533 0.031695613382874792 -0.09677212001227968 0.0054010122707280504 -0.05682077985392836 0.055854425988487992 -0.07205928433187847 -0.083249670203107987 0.016695815579448794
leaf_weight=9.1146452300454257 5.5708763655129578 3.4611497216210401 15.622426100337178 8.2159073549555615 6.0269932589435475 3.1829050266242112 8.5838063448609301 6.7223771310927969 26.061559306968775 1.8478096339968031 13.075734470854512 2.0245403560420518 34.502066808767268 18.781279234768594 2.2266945472802036 42.934208315407886 3.3696768454792601 5.2695461656840052 2.5014395418038466 184.44222075542893 74.807199040267733 63.245127605812741 2.4848415463929987 5.6700594860594746 36.276590033703542 5.8458348117710548 4.7317772452952331 8.4186667271133029 3.2682955873024175 4.3007258363068104
leaf_count=194 354 221 65 74 9 80 220 230 168 3 18 127 282 322 37 278 198 77 128 2734 364 311 8 107 266 52 2 262 86 9
internal_value=0.00833436 0.0136463 0.000660604 -0.0381327 0.00549403 0.00671259 0.00354289 0.0236676 0.00616269 -0.0551765 0.0284128 0.0174064 0.0469605 0.023028 -0.0347747 0.0254178 0.00923961 -0.0336701 0.00791176 0.00654289 0.00147144 -0.00404416 -0.0444631 -0.000441689 -0.0126164 0.00926711 -0.047345 -0.0260335 0.0105277 -0.0264605
internal_weight=612.587 362.001 250.586 17.3306 199.615 196.154 233.255 162.386 34.6317 8.57019 127.755 80.1768 47.5778 72.3793 7.79757 70.3547 27.4205 8.63922 192.971 186.944 217.633 135.257 11.0686 124.188 55.0971 69.091 18.8205 13.1504 82.3762 7.56902
internal_count=7286 5266 2020 268 3172 2951 1752 2094 401 233 1693 1393 300 1002 391 875 597 275 2871 2862 1687 1228 228 1000 637 363 371 264 459 95
is_linear=0
shrinkage=0.05


Tree=166
num_leaves=31
num_cat=0
split_feature=12 12 2 13 1 10 1 0 10 1 10 10 11 1 1 1 1 1 1 5 1 1 0 10 0 0 12 12 0 1
split_gain=6.03372 7.29772 6.20404 4.46639 3.4927 6.98417 9.66224 12.862 11.6338 4.75117 4.58737 9.09949 5.59375 8.02636 18.4199 4.24807 11.2764 4.07418 7.20084 6.12771 3.75484 3.64031 3.07946 3.64274 3.07858 3.10743 2.8849 7.44097 25.8974 7.9452
threshold=1.0000000180025095e-35 0.88079119342587353 2.2500000000000004 46.000000000000007 0.16938359290361407 0.22500000000000003 0.2146469056606293 0.41293818537966354 0.12500000000000003 0.21605522930622104 0.12500000000000003 0.17500000000000004 0.049891774891774911 0.10242973268032075 0.16613907366991046 0.34304684400558477 0.26648825407028204 0.097205407917499556 0.051598073914647109 0.40000000000000008 0.14524205029010775 0.12385080382227899 2.8565704096905278 1.0000000180025095e-35 19.025979087023618 5.5208165614046418 2.1466012901733391 1.6882929624056546 2.7087705369925517 0.41190794110298162
decision_type=2 2 2 2 2 2 2 2 2 2 2 2 2 2 2 2 2 2 2 2 2 2 2 2 2 2 2 2 2 2
left_child=3 2 24 4 10 6 7 -6 9 -8 12 -12 13 17 -15 16 -11 18 22 -20 21 -14 23 -1 25 -2 27 -3 29 -29
right_child=1 26 -4 -5 5 -7 8 -9 -10 15 11 -13 20 14 -16 -17 -18 -19 19 -21 -22 -23 -24 -25 -26 -27 -28 28 -30 -31
leaf_value=0.024554216032950653 -0.05630086618420857 0.0075278242045638578 0.028776998849480574 0.033772997754332124 -0.087164048164104876 0.030907913657258763 0.052325002583912553 0.020931068531121203 -0.069341210219118363 0.015962201193378756 -0.04570464969530294 0.012054586711770692 -0.013153875368930246 -0.065449435466501768 0.035680256526584013 0.035968807013791237 -0.086407883321465248 0.048114397068020794 -0.068050509555391589 0.0099879545315432056 0.055678279774918626 0.0429267086605764 0.050618320185173288 -0.016678763077887633 -0.11201829947570108 -0.0095261632412466882 0.011176957074653479 -0.074598981432416542 0.011422384393951752 0.023141955808518262
leaf_weight=37.480337033048272 7.2426243344525592 144.3441175235821 4.1144966557621947 25.34484110143967 7.4777350444928725 14.881538787623866 7.1751028671860722 4.3544416520744562 4.504434390430105 10.192473243485439 8.1977263260050659 40.541207883739844 5.1103118560276943 9.0920580635429378 8.9202781179919821 7.352755850122775 3.6546335277380413 12.292885647504589 4.1891282626311277 6.2962125378835481 16.242903411854059 6.6713213322218508 9.1087576327845436 6.2496400729287407 1.3636569511145342 6.9657370662898757 133.65586170510778 16.144630865996081 34.097708951972891 2.3865263190236865
leaf_count=149 772 1805 7 67 81 82 3 12 59 50 66 112 40 112 7 16 36 12 50 25 10 10 13 26 8 67 2583 762 157 87
internal_value=0.00800676 0.00374611 -0.0258286 0.0138524 0.0116571 0.00123806 -0.00863707 -0.0473832 0.00530634 0.0171564 0.015301 0.00233968 0.0204938 0.0146281 -0.0153668 0.00525357 -0.0110561 0.0217731 0.0166595 -0.0211902 0.0400911 0.0186016 0.0241704 0.0186614 -0.0402567 -0.0333693 0.00550707 0.00165977 -0.0144344 -0.0620115
internal_weight=605.646 350.315 19.6865 255.331 229.986 59.5931 44.7116 11.8322 32.8794 28.375 170.393 48.7389 121.654 93.6293 18.0123 21.1999 13.8471 75.617 63.3241 10.4853 28.0245 11.7816 52.8387 43.73 15.572 14.2084 330.629 196.973 52.6289 18.5312
internal_count=7286 6248 854 1038 971 339 257 93 164 105 632 178 454 394 119 102 86 275 263 75 60 50 188 175 847 839 5394 2811 1006 849
is_linear=0
shrinkage=0.05


Tree=167
num_leaves=31
num_cat=0
split_feature=3 1 14 3 12 12 12 0 14 12 1 1 0 0 14 14 14 0 14 6 1 1 1 14 11 14 3 3 0 0
split_gain=8.5585 10.7144 10.0994 17.307 7.49804 9.51035 9.08583 13.3132 8.01432 11.9999 7.58866 6.05197 6.18513 5.70914 5.38808 5.02497 15.9639 9.81257 9.44187 8.52319 7.17765 5.31101 4.836 4.49408 11.4686 6.77754 4.28134 4.52007 3.98851 5.20984
threshold=0.070512820512820526 0.15261668711900714 4.5000000000000009 0.029100529100529109 1.6014684549625273 1.6289067424297814 2.0667505158011652 2.7580659675969876 5.5000000000000009 3.3703496293710251 0.33347858488559728 0.16613907366991046 20.295735126050783 3.108535574603692 11.500000000000002 9.5000000000000018 39.500000000000007 17.216839764902968 5.5000000000000009 0.55000000000000016 1.0000000180025095e-35 0.0043633040040731439 0.14208731055259707 10.500000000000002 0.049891774891774911 5.5000000000000009 0.072543103448275872 0.080147058823529446 2.8565704096905278 1.0000000180025095e-35
decision_type=2 2 2 2 2 2 2 2 2 2 2 2 2 2 2 2 2 2 2 2 2 2 2 2 2 2 2 2 2 2
left_child=2 15 3 -1 10 -6 7 -7 -8 14 23 -3 26 -9 -10 18 17 -17 19 22 -20 -21 -2 24 25 -4 -13 -28 29 -23
right_child=1 11 4 -5 5 6 8 13 9 -11 -12 12 -14 -15 -16 16 -18 -19 20 21 -22 28 -24 -25 -26 -27 27 -29 -30 -31
leaf_value=-0.085570309374398357 -0.060077976405095192 -0.062452737085177235 0.0063312144349051544 0.015634642019955139 0.039867751447429142 -0.069109011261545478 0.054595364588424157 0.042510444511563217 -0.03827714892450982 -0.050026396997959181 -0.072474271013453148 0.049670978206099205 -0.064439061776918549 -0.020610515707671764 0.023205365646354115 -0.083542067420321747 0.024888495790831883 0.051659359243418405 0.076558537555600228 -0.059452593263699442 0.032671431412767564 0.021519988566728741 0.028559766466133014 0.0015269006693049022 0.02676902324282451 -0.074527094607403047 -0.062312476274816564 0.0067497150872106188 0.051024691022473624 -0.062716398232796775
leaf_weight=8.7577921275515109 5.3068022000588817 3.2798490229815789 3.5723037122807026 8.1606492152204737 25.009660771349445 9.0678249094125949 10.557233476894906 6.5888683050870878 3.9384572882845523 7.8647516480195909 4.0624561909207832 5.7478040406713253 3.063579652531188 7.850650011561811 37.424363655503839 6.4771944227250042 25.225929877336966 1.6927482942701315 12.928919691708868 1.9542484410994791 33.342682935312041 54.335847944315901 2.1672692507854663 96.411040919250809 7.0742320549034039 9.4397184235276637 2.4004506367709828 182.08715328100334 11.471386284807521 1.89971802445143
leaf_count=193 354 221 27 75 25 175 20 6 144 283 66 9 80 37 249 230 168 3 18 127 282 504 37 445 65 210 128 2734 104 267
internal_value=0.00768939 0.012673 0.000523904 -0.0367539 0.00327964 0.0128283 0.00470927 -0.0216264 0.0150644 0.00658671 -0.00529813 0.00489731 0.00604009 0.00819209 0.0173512 0.0224212 0.00521512 -0.0555294 0.0270775 0.0163658 0.0449341 0.0218099 -0.0343755 -0.00295558 -0.0244708 -0.0523284 0.0071751 0.00585112 0.0241554 0.0186744
internal_weight=599.162 353.382 245.78 16.9184 228.862 108.302 83.2921 23.5073 59.7848 49.2276 120.56 196.579 193.299 14.4395 41.3628 156.803 33.3959 8.16994 123.407 77.1353 46.2716 69.6612 7.47407 116.497 20.0863 13.012 190.235 184.488 67.707 56.2356
internal_count=7286 5266 2020 268 1752 939 914 218 696 676 813 3172 2951 43 393 2094 401 233 1693 1393 300 1002 391 747 302 237 2871 2862 875 771
is_linear=0
shrinkage=0.05


Tree=168
num_leaves=31
num_cat=0
split_feature=3 1 14 10 1 0 14 14 0 14 1 1 14 14 3 1 1 3 1 1 3 3 1 1 1 1 0 0 1 1
split_gain=7.79584 9.95955 9.30549 16.3045 5.66898 5.77643 4.58051 14.8671 9.19551 8.65051 6.47937 6.05532 6.16375 4.56328 4.42652 7.1604 4.76103 5.47713 4.35025 4.14811 4.06586 4.23426 3.82753 9.57845 3.79226 11.6738 3.62448 7.42416 6.79497 8.83449
threshold=0.070512820512820526 0.15261668711900714 4.5000000000000009 1.0000000180025095e-35 0.16613907366991046 20.295735126050783 9.5000000000000018 39.500000000000007 17.216839764902968 5.5000000000000009 1.0000000180025095e-35 0.0043633040040731439 3.5000000000000004 5.5000000000000009 0.55000000000000016 0.098070491105318083 0.090475406497716918 0.42314102564102568 0.1479025483131409 0.14208731055259707 0.072543103448275872 0.080147058823529446 0.15140540152788165 0.1171526648104191 0.12175370380282403 0.080549564212560668 2.3138827358238676 1.6533454149296289 0.097205407917499556 0.10242973268032075
decision_type=2 2 2 2 2 2 2 2 2 2 2 2 2 2 2 2 2 2 2 2 2 2 2 2 2 2 2 2 2 2
left_child=2 6 3 -1 -3 20 9 8 -8 11 -11 -2 14 -4 15 16 17 -13 -17 -14 -6 -22 23 -12 25 -16 27 28 -15 -30
right_child=1 4 13 -5 5 -7 7 -9 -10 10 22 12 19 26 24 18 -18 -19 -20 -21 21 -23 -24 -25 -26 -27 -28 -29 29 -31
leaf_value=-0.084057635975413214 -0.058792294196838672 -0.061880159154252712 0.029719420335193737 0.015101529074779886 0.049079910468728838 -0.063697701070567062 -0.08233939350780739 0.024028464705289 0.051552688795745864 0.073544964228099113 0.03254784665236924 0.028138960315866074 -0.057578736856760376 -0.01347052741824138 0.032999957481987495 -0.06443100281855435 0.04615883092820202 -0.057986412802386082 0.0095021814268933906 0.028319805753182256 -0.061832457368689656 0.0064273876306431155 0.061873334841729515 -0.068886536476884461 0.053446119551907756 -0.078597189560463812 0.009642655675884201 -0.083473461179383798 0.052209006330840628 0.0013832286422475362
leaf_weight=8.490251164912479 2.6264910268691883 3.148027431108857 15.086694872152291 8.1010440627578646 5.5316737787215962 2.947223926690639 6.2490171138779251 24.832597430720853 1.6134398237336425 12.789261972415259 22.269176776651879 4.7361605201731498 4.1921910504606776 64.791645220000646 23.138366148534264 4.5614988537963637 10.55388473554194 3.0250630157297564 3.5288768568789237 2.1142931086360477 2.3006585493203593 181.66871379350414 7.9124266810249528 2.5989881735586087 14.819955751850101 2.6074695342831538 79.963976245955564 2.864702127641066 10.188974746008169 53.143098083841323
leaf_count=194 165 221 65 74 9 80 230 168 3 18 165 36 327 494 105 238 57 242 35 37 128 2734 3 114 69 82 459 52 10 672
internal_value=0.00738813 0.0121654 0.000501428 -0.0356411 0.00467474 0.00576343 0.0216689 0.00505661 -0.0548637 0.0261401 0.0433605 0.0158017 0.0184754 0.0031543 0.0229253 0.00699261 0.0242976 -0.0054298 -0.0321827 -0.0287806 0.00684373 0.00557375 0.0315841 0.0219469 0.0332964 0.0216977 0.00125444 -0.00386629 -0.00208636 0.00956017
internal_weight=592.396 349.765 242.63 16.5913 195.596 192.448 154.169 32.6951 7.86246 121.474 45.5699 75.9043 73.2778 226.039 66.9713 26.4055 18.3151 7.76122 8.09038 6.30648 189.501 183.969 32.7806 24.8682 40.5658 25.7458 210.952 130.988 128.124 63.3321
internal_count=7286 5266 2020 268 3172 2951 2094 401 233 1693 300 1393 1228 1752 864 608 335 278 273 364 2871 2862 282 279 256 187 1687 1228 1176 682
is_linear=0
shrinkage=0.05


Tree=169
num_leaves=31
num_cat=0
split_feature=3 1 1 12 12 12 2 1 12 1 1 1 3 12 12 1 1 12 3 3 3 13 13 3 1 10 1 10 1 3
split_gain=7.17575 9.39373 5.31247 4.11254 8.72696 12.3471 8.97183 10.5415 8.60904 6.90942 16.5739 7.48228 11.7987 9.45196 5.5837 5.56596 12.6726 4.59526 4.07387 4.04765 3.86135 3.74999 6.70162 4.55034 4.31281 6.35155 5.06539 4.28708 3.62985 3.45335
threshold=0.070512820512820526 0.15261668711900714 0.16613907366991046 2.0878146568448668 1.6289067424297814 1.6014684549625273 2.2500000000000004 0.27530562877655035 1.1836087162752891 0.2170587703585625 0.16938359290361407 0.097205407917499556 0.018614718614718622 0.93778201029957164 3.4714871709464243 0.10242973268032075 0.16820258647203448 1.0224921205566442 0.045192307692307705 0.072543103448275872 0.080147058823529446 46.000000000000007 13.500000000000002 0.078611111111111132 0.0091859051026403921 1.0000000180025095e-35 0.15140540152788165 0.27500000000000008 0.23771545290946963 0.081515151515151527
decision_type=2 2 2 2 2 2 2 2 2 2 2 2 2 2 2 2 2 2 2 2 2 2 2 2 2 2 2 2 2 2
left_child=3 21 -3 4 5 6 7 8 9 10 11 12 13 -1 -5 -13 -17 -14 -6 -4 -21 22 23 -2 25 -25 -26 -27 -11 -22
right_child=1 2 19 14 18 -7 -8 -9 -10 28 -12 15 17 -15 -16 16 -18 -19 -20 20 29 -23 -24 24 26 27 -28 -29 -30 -31
leaf_value=-0.069574885212542736 -0.010969682273147166 -0.061330454044516314 0.048478854952227507 0.016842033832269541 -0.036945682027431898 0.033318373016397965 0.042733808699793832 -0.06899414738578534 -0.066242800192397963 0.046584858316747135 -0.09648348068784586 0.051479089851502451 -0.0028472518390288779 0.010068073132986159 -0.038939124326675754 -0.069806943040259903 0.052980980482040634 0.046724301907913428 0.011038029935931564 -0.061297120117045738 0.051409679180252077 0.045071511031872763 -0.07112225081826247 0.05394198014131725 0.013566538493268707 -0.06685678925140269 0.05537172693381797 0.020514769284547946 0.0039610034082554237 0.004048239330309956
leaf_weight=12.2260574279062 10.976385795365784 3.0206574640305908 5.325493579322937 52.898568424745463 24.040056385325446 25.567544714780524 9.2444771081209165 6.7694790585228466 5.4188591934653223 9.8046355764381605 4.9600654961541286 9.8113888286752644 41.244277910096571 5.3579445481300345 4.9020257889060295 3.9137312553357315 4.5376306176185608 5.2726988345384589 5.4208844454842611 2.2187416572050997 3.9328629570372859 14.713822821737265 2.0544460946694008 21.379905116995364 83.79704817408583 1.7055931716458852 7.931755449557385 7.9394103135364276 10.181920741568318 180.16073971571495
leaf_count=139 102 221 9 521 241 43 11 131 176 31 62 9 179 12 248 92 2 7 60 131 8 32 37 190 1573 30 16 114 56 2803
internal_value=0.00708825 0.0117142 0.00446132 0.000478739 -0.00317997 0.00158091 -0.00472194 -0.00839314 -0.004754 -0.001649 -0.00771877 -0.00237323 -0.0104172 -0.0453072 0.0121113 0.0258605 -0.00388073 0.00277168 -0.0281166 0.00549835 0.00426981 0.0210952 0.0184971 0.0198739 0.0226319 0.0387469 0.0171814 0.00506425 0.0248706 0.00506004
internal_weight=586.729 345.157 194.658 241.572 183.772 154.311 128.743 119.499 112.729 107.31 87.3238 82.3637 64.101 17.584 57.8006 18.2628 8.45136 46.517 29.4609 191.638 186.312 150.498 135.785 133.73 122.754 31.0249 91.7288 9.645 19.9866 184.094
internal_count=7286 5266 3172 2020 1251 950 907 896 765 589 502 440 337 151 769 103 94 186 301 2951 2942 2094 2062 2025 1923 334 1589 144 87 2811
is_linear=0
shrinkage=0.05


Tree=170
num_leaves=31
num_cat=0
split_feature=12 11 0 0 0 0 1 2 11 11 1 6 0 0 11 13 1 0 1 1 1 14 1 1 12 14 14 13 11 14
split_gain=6.37948 7.32818 6.24756 10.6567 4.35385 7.90257 7.54838 5.16956 6.17831 4.4075 4.20595 3.51705 3.374 5.40319 3.89504 9.09319 3.13837 5.46097 11.128 6.30367 6.77457 7.1902 5.07353 9.06238 4.26409 10.3838 5.75838 4.97819 4.14919 8.44539
threshold=3.3703496293710251 0.044579945799458003 6.125991563620679 9.9062708595665683 2.9438874179358376 4.2894938075823115 0.44125390052795416 2.2500000000000004 0.11457528957528959 0.24662162162162168 0.43019366264343267 0.80000000000000016 9.0726705992596699 4.3861682738190009 0.13100686498855837 6.5000000000000009 0.24433899670839312 0.41293818537966354 0.37664917111396795 0.27719601988792425 0.27530562877655035 41.500000000000007 0.2348379194736481 0.2181469723582268 1.8592399146080612 16.500000000000004 5.5000000000000009 5.5000000000000009 0.11938296445338702 12.500000000000002
decision_type=2 2 2 2 2 2 2 2 2 2 2 2 2 2 2 2 2 2 2 2 2 2 2 2 2 2 2 2 2 2
left_child=4 2 -2 -4 6 7 10 8 -6 -8 16 12 13 -7 15 -15 22 18 19 20 21 -18 23 24 -1 26 -26 -27 29 -19
right_child=1 -3 3 -5 5 11 9 -9 -10 -11 -12 -13 -14 14 -16 -17 17 28 -20 -21 -22 -23 -24 -25 25 27 -28 -29 -30 -31
leaf_value=0.015684196674934009 -0.067088064837170988 0.014936618592227084 0.026444544540607979 -0.066474240589910347 -0.07166810907018463 0.046026558296559633 -0.079347163779199384 0.024157580268740288 -0.00044262615740842413 0.049360212994643611 0.048967272196257405 0.045136974089014723 0.013159807320797804 -0.0088658896649378531 0.020344263962859245 -0.089755053815263858 -0.073620676720312375 0.014323466810129663 0.028141114075092139 -0.072244528655057053 0.04172514374179058 0.041193391830107833 0.039921431682150614 -0.061584542457936736 -0.05681617937629313 -0.061384461808355231 0.019713611973245813 -0.23136384654102185 0.03753419890470424 -0.066126811487450213
leaf_weight=303.02998669051885 7.5484126450683133 15.138240267238869 7.8960448698489909 5.0650938211620087 8.0483083768776869 4.6333869940717696 3.3716476879744723 3.4497748240828505 4.8973015439114524 0.82863073132466514 8.1538279283267894 5.7349529446873921 55.666026894468814 29.197228263394209 8.0185472751036269 3.9436450471403068 4.9549150053590036 24.857889440128933 10.089404706166532 7.5568612270144504 3.7334566425997764 1.8813721291080581 18.792570249395794 4.0005875712231491 2.908536074667615 3.0434915002351768 15.867597796655899 0.50175658985972393 13.336738413432611 3.7549208507589347
leaf_count=2300 712 287 63 170 259 6 294 9 23 3 25 51 262 331 28 66 176 136 124 346 8 13 92 209 569 145 325 4 25 142
internal_value=0.00905218 -0.0114505 -0.030927 -0.00986726 0.0103709 0.00209844 0.0127448 -0.0302302 -0.0447236 -0.0539558 0.0134018 0.00704315 0.00488989 -0.00516306 -0.0109256 -0.0184914 0.0127085 0.00306153 -0.0139467 -0.0373731 -0.0124417 -0.0420234 0.0146528 0.0132109 0.0141306 -0.00695995 0.00785869 -0.0854415 0.0145016 0.0037658
internal_weight=589.901 35.6478 20.5096 12.9611 554.253 123.589 430.664 16.3954 12.9456 4.20028 426.464 107.194 101.459 45.7928 41.1594 33.1409 418.31 70.1656 28.216 18.1266 10.5697 6.83629 348.145 329.352 325.351 22.3214 18.7761 3.54525 41.9495 28.6128
internal_count=7203 1232 945 233 5971 1035 4936 291 282 297 4639 744 693 431 425 397 4614 970 667 543 197 189 3644 3552 3343 1043 894 149 303 278
is_linear=0
shrinkage=0.05


Tree=171
num_leaves=31
num_cat=0
split_feature=12 3 9 3 12 12 12 3 12 12 1 1 1 9 11 1 9 1 1 12 13 14 12 14 11 12 12 11 10 3
split_gain=5.83922 6.88041 3.71602 4.58547 3.3316 3.2266 4.31168 11.1885 4.37476 4.30776 5.90658 3.33251 5.42976 5.15131 5.1615 5.01028 5.2771 4.43537 5.31946 3.50241 8.49941 7.30501 5.51409 5.47055 5.41473 4.32433 3.71132 3.29221 3.91038 4.06695
threshold=3.3703496293710251 0.044907407407407417 1.0000000180025095e-35 0.16273218507261064 4.6853219471441836 3.3370315807935782 2.8570268642970738 0.71467391304347838 2.7635932298438672 2.4422480388209387 0.3840653002262116 0.28681518137454992 0.30295401811599737 0.15000000000000005 0.23205128205128209 0.28510612249374395 1.0000000180025095e-35 0.31505014002323156 0.31966254115104681 1.6289067424297814 6.5000000000000009 3.5000000000000004 1.8592399146080612 5.5000000000000009 0.02793383270911361 1.6725182684501305 1.6154751663238869 0.027323220258002871 1.0000000180025095e-35 0.059642857142857157
decision_type=2 2 2 2 2 2 2 2 2 2 2 2 2 2 2 2 2 2 2 2 2 2 2 2 2 2 2 2 2 2
left_child=5 4 3 -3 -2 6 8 -8 9 11 -11 15 -13 14 17 16 19 -14 -19 26 21 22 -21 -23 25 -25 -1 28 -27 -30
right_child=1 2 -4 -5 -6 -7 7 -9 -10 10 -12 12 13 -15 -16 -17 -18 18 -20 20 -22 23 -24 24 -26 27 -28 -29 29 -31
leaf_value=0.013024874710409258 -0.069460305840871026 0.013633481719310649 0.041027724296041609 -0.034547291767171834 -0.0088053892987258169 0.051383405794271489 -0.063363975060406696 0.045077560893881791 0.044432721988453695 -0.047118079295429618 0.035431485060413874 -0.061550703225087017 -0.067445935375334637 -0.07060154265590643 0.043171082772377134 0.048635637045490752 -0.068889014072243626 0.046801902582375793 -0.000222615321184787 0.043848974749197404 -0.058005747593957879 -0.072660063692016844 -0.057796379075920362 -0.062389696747065231 -0.062000183823705882 0.01939360975584023 0.051565506140536815 0.053822328667983366 -0.050367702278415874 0.0061130470899053973
leaf_weight=339.2090186352616 6.0931930803708365 11.554288845090928 5.0425614590712931 8.6243043503973222 3.6023852631842601 4.6615025005303314 6.3401538677207991 3.8067252283417474 9.1833460366615309 7.2255743659516138 3.0951757995499065 3.2835630486588334 2.2416583630256346 2.2578679487742184 8.3825256424024683 9.1944662443420366 2.0406084656533485 6.5970729571126858 68.036590206869732 15.127469851515345 5.5564130641287184 2.7249094057769971 1.4633223378787068 2.1963626066863062 3.1992594826006089 18.771775935776532 6.363602704164804 3.8106503020972005 5.2347767853643736 8.148237446050187
leaf_count=2654 185 387 30 580 50 7 429 64 35 336 53 88 56 46 18 15 81 22 876 94 78 161 248 69 170 152 17 2 61 139
internal_value=0.00869913 -0.0111262 0.00263523 -0.00695892 -0.046924 0.00996199 0.00960672 -0.0226808 0.010221 0.0096216 -0.0223616 0.010264 0.00157256 0.00394092 0.00591502 0.0121295 0.0113184 0.00185259 0.00393401 0.0117159 0.00118318 0.00660334 0.0348838 -0.00403937 0.000481428 0.00571952 0.0137346 0.00987886 0.00467114 -0.0159794
internal_weight=583.069 34.9167 25.2212 20.1786 9.69558 548.153 543.491 10.1469 533.344 524.161 10.3208 513.84 90.7993 87.5157 85.2578 423.041 413.846 76.8753 74.6337 411.806 66.2332 60.6768 16.5908 44.086 41.3611 38.1618 345.573 35.9654 32.1548 13.383
internal_count=7203 1232 997 967 235 5971 5964 493 5471 5436 389 5047 1106 1018 972 3941 3926 954 898 3845 1174 1096 342 754 593 423 2671 354 352 200
is_linear=0
shrinkage=0.05


Tree=172
num_leaves=31
num_cat=0
split_feature=0 0 1 11 3 0 13 1 13 0 11 14 14 1 3 1 1 13 1 1 14 14 14 14 14 11 1 3 1 6
split_gain=4.72582 8.57611 7.04684 4.85282 4.22196 6.62803 13.1876 5.95394 10.7625 6.46059 11.5788 9.76853 5.7836 5.26261 6.68568 4.64934 17.8813 6.86149 6.12258 7.30104 4.2037 8.98985 14.3067 7.94154 12.8149 3.91493 3.86685 3.58463 13.2991 6.03503
threshold=2.9438874179358376 4.2430762618455171 0.44125390052795416 0.11457528957528959 0.061602564102564115 0.61223959779835269 1.5000000000000002 0.0091859051026403921 20.000000000000004 0.41293818537966354 0.027323220258002871 8.5000000000000018 25.500000000000004 0.24433899670839312 0.09019230769230771 0.19433004409074786 0.098070491105318083 4.5000000000000009 0.21605522930622104 0.27530562877655035 34.500000000000007 33.500000000000007 23.500000000000004 59.500000000000007 42.500000000000007 0.24662162162162168 0.058203052729368217 0.13393736805066855 0.0043633040040731439 1.0000000180025095e-35
decision_type=2 2 2 2 2 2 2 2 2 2 2 2 2 2 2 2 2 2 2 2 2 2 2 2 2 2 2 2 2 2
left_child=2 3 4 -2 5 20 -7 27 9 10 11 15 -11 -12 -15 16 -9 -18 -17 -20 21 22 -1 24 -22 -4 -10 29 -29 -6
right_child=1 -3 25 -5 7 6 -8 8 26 12 13 -13 -14 14 -16 18 17 -19 19 -21 23 -23 -24 -25 -26 -27 -28 28 -30 -31
leaf_value=0.011037681180160254 -0.054560954376614339 0.0046267053532343169 -0.076934594201725756 0.0080620765166491849 0.022885849097265848 0.011617070776393207 -0.07282845936487628 0.01264564940953887 0.031921695542984033 0.029103600613983094 0.03151617494340133 -0.093838651084975966 -0.065909967257178237 0.043558910812578559 -0.064594309650032641 0.036928425626617779 -0.0078197179618275311 -0.079878963744880752 -0.070079772758773182 0.018479217388510751 -0.0026689078105741663 0.05563941958050235 -0.086970611327305325 0.0069069807612427009 -0.17346089417258254 0.048279489828664431 -0.065419768020652497 -0.076413081712696423 0.047908023543782853 0.069565546336658832
leaf_weight=141.43684607575415 10.255132541045894 130.88835297320475 3.3859885797901361 4.429984728107228 15.821211556816706 11.742021911144549 7.6259426007163702 26.848221898127122 1.2391635412350286 68.64569801955804 45.506230013197637 2.9992269649919754 1.6399095619326534 2.4764355859842899 3.3780936506627768 14.222143263163163 4.9660846384904263 9.8677687855597469 3.6831966465597343 6.3222288539400324 2.7544375057623283 10.849875663960118 3.8242053250651216 11.679506010375915 1.8266603183583354 0.76535120105836529 5.7747889331658371 3.1549336794596439 6.7613149192693527 12.312736338644754
leaf_count=1090 318 1169 403 22 94 58 197 385 11 848 421 293 99 42 241 90 457 159 160 77 26 7 78 71 33 4 98 214 17 21
internal_value=0.0083518 0.000561688 0.0109799 -0.0356698 0.0116096 0.00610051 -0.0216325 0.0160927 0.0126047 0.0148436 0.00780555 -0.00558821 0.0268867 0.0257755 -0.0188461 -0.00157236 -0.0116968 -0.0557549 0.0158461 -0.0141211 0.00921664 0.0117367 0.00845747 -0.014977 -0.0707703 -0.0538498 -0.0482223 0.034204 0.00835427 0.0433151
internal_weight=577.084 145.573 431.51 14.6851 427.359 191.739 19.368 235.619 197.569 190.555 120.27 68.9089 70.2856 51.3608 5.85453 65.9096 41.6821 14.8339 24.2276 10.0054 172.372 156.111 145.261 16.2606 4.5811 4.15134 7.01395 38.0502 9.91625 28.1339
internal_count=7203 1509 5694 340 5287 1560 255 3727 3381 3272 2325 1621 947 704 283 1328 1001 616 327 237 1305 1175 1168 130 59 407 109 346 231 115
is_linear=0
shrinkage=0.05


Tree=173
num_leaves=31
num_cat=0
split_feature=12 11 0 0 0 0 1 1 11 10 11 1 14 12 11 3 14 0 1 12 1 10 0 0 5 12 12 14 14 14
split_gain=5.29472 6.50469 5.74334 9.76819 3.42754 6.5102 6.49077 3.9855 3.74042 3.43028 5.70336 5.3701 9.63231 4.92586 3.28868 6.67623 3.37774 3.28195 3.5103 3.24855 4.84818 3.18356 2.86715 5.57506 3.68938 6.05182 3.1471 15.5857 5.85784 19.904
threshold=3.3703496293710251 0.044579945799458003 6.125991563620679 9.9062708595665683 2.9438874179358376 4.2894938075823115 0.44125390052795416 0.43019366264343267 0.24662162162162168 0.17500000000000004 0.096464019851116647 0.41865955293178564 236.50000000000003 1.2565280477895728 0.037089947089947096 0.14183062880324548 20.500000000000004 9.2041282302377034 0.090475406497716918 1.6154751663238869 0.50461918115615856 0.12500000000000003 2.7087705369925517 2.5886835090271894 0.40000000000000008 1.7990871646976954 1.0515018445150426 25.500000000000004 33.500000000000007 23.500000000000004
decision_type=2 2 2 2 2 2 2 2 2 2 2 2 2 2 2 2 2 2 2 2 2 2 2 2 2 2 2 2 2 2
left_child=4 2 -2 -4 6 -6 7 22 -8 14 11 12 -11 -13 17 16 -16 18 21 20 -20 -7 23 26 25 -24 28 -28 29 -1
right_child=1 -3 3 -5 5 9 8 -9 -10 10 -12 13 -14 -15 15 -17 -18 -19 19 -21 -22 -23 24 -25 -26 -27 27 -29 -30 -31
leaf_value=0.012480457983764166 -0.065953165656748594 0.013967271733105772 0.025592694916731076 -0.065460458945171759 -0.028213586171414826 -0.052677987149214262 -0.077133396643884924 0.048033372334020615 0.048961568673899773 -0.07709558060730215 0.030630994449606305 0.042471446737085312 0.0057787240784293531 -0.037436480633329279 0.029106808954313647 -0.066622913884197985 -0.018089121885586552 0.030431286597251486 -0.06343291816323765 0.025684783945776231 0.051479316072260951 0.013649913901055931 -0.062185678818493496 -0.071014342878426881 0.046734973724562444 0.041265187478087724 0.0083699763225266715 -0.072417039956014659 0.02905757071302453 -0.085977175681523188
leaf_weight=225.00233878518702 7.0746914535757268 14.804234731698669 7.6377915370394458 4.7945784436742542 15.698097791006147 4.1218394558382014 3.1143251496323496 7.5303641007340039 0.72503784752916534 7.6848705243173807 7.1662658306304357 5.0066730193793756 6.4479893678799272 3.1369900029385462 8.6557040594052541 3.6681771550938711 6.7453842597315079 27.395435069556697 2.6667690514295854 17.671339158856426 1.3996161222457884 3.2242042003199458 2.4204436817090036 2.0904977424688687 12.023423295257089 3.3988627617654856 97.645517064745945 6.3589009026873091 50.374487812745429 5.2529601413989431
leaf_count=1611 712 287 63 170 291 40 294 25 3 182 20 9 18 57 34 65 32 103 78 98 1 7 25 48 17 18 2236 347 194 118
internal_value=0.00801928 -0.0110228 -0.0299882 -0.00952221 0.00923681 0.00181851 0.0113893 0.0119922 -0.0533212 0.00630885 -0.00816824 -0.0206498 -0.0392849 0.0116904 0.0119509 -0.00600248 0.00843589 0.0180125 0.00631468 0.0164127 -0.0238811 -0.0235664 0.0113214 0.0104172 0.0309175 -0.00176348 0.0108598 0.0034306 0.0136132 0.0102343
internal_weight=570.938 34.3113 19.5071 12.4324 536.627 120.689 415.937 412.098 3.83936 104.991 29.4428 22.2765 14.1329 8.14366 75.5485 19.0693 15.4011 56.4792 29.0838 21.7377 4.06639 7.34604 404.567 386.725 17.8427 5.81931 384.634 104.004 280.63 230.255
internal_count=7203 1232 945 233 5971 1035 4936 4639 297 744 286 266 200 66 458 131 66 327 224 177 79 47 4614 4554 60 43 4506 2583 1923 1729
is_linear=0
shrinkage=0.05


Tree=174
num_leaves=31
num_cat=0
split_feature=12 3 9 3 12 12 12 3 12 12 7 11 11 7 14 1 11 14 14 1 11 1 1 1 1 1 1 3 10 1
split_gain=4.84627 6.08452 3.3234 4.07596 3.12979 3.10934 3.91914 10.2563 4.01512 3.83213 6.19251 3.04729 6.31809 5.42077 4.70552 6.88535 3.66495 8.01037 4.05787 5.4731 3.2371 3.05104 10.5572 6.28075 7.85306 5.04646 11.3736 8.9766 8.29192 7.54554
threshold=3.3703496293710251 0.044907407407407417 1.0000000180025095e-35 0.16273218507261064 4.6853219471441836 3.3370315807935782 2.8570268642970738 0.71467391304347838 2.7635932298438672 2.4422480388209387 0.40000000000000008 0.096464019851116647 0.075922266139657454 0.40000000000000008 8.5000000000000018 0.11497527733445169 0.12361111111111114 12.500000000000002 19.500000000000004 0.41190794110298162 0.24662162162162168 0.24433899670839312 0.26258634030818945 0.2348379194736481 0.2181469723582268 0.19959651678800586 0.18085987120866778 1.0537500000000002 1.0000000180025095e-35 0.17984239012002948
decision_type=2 2 2 2 2 2 2 2 2 2 2 2 2 2 2 2 2 2 2 2 2 2 2 2 2 2 2 2 2 2
left_child=5 4 3 -3 -2 6 8 -8 9 11 -11 12 13 21 15 -13 -16 -18 -19 -20 -17 23 -23 24 25 26 29 -28 -27 -1
right_child=1 2 -4 -5 -6 -7 7 -9 -10 10 -12 14 -14 -15 16 20 17 18 19 -21 -22 22 -24 -25 -26 28 27 -29 -30 -31
leaf_value=0.0078750986446002244 -0.068248612407248083 0.013038655274870622 0.039881282287170326 -0.032963484024036344 -0.0083036064987759822 0.05078130645165211 -0.062780016308933942 0.044299303168058496 0.043213974385280442 -0.045621306042242647 0.043819374414158063 0.028874424090555153 -0.064597675979544911 -0.070301919412636235 0.033486717853138996 -0.090813603870307055 -0.06878390128876459 0.033226751624459677 -0.068708172475419507 0.024186818861271813 0.0092973349284471447 -0.077541520185700055 0.0040143683026696636 0.038753778754757481 -0.061175572805169054 0.03778694224705835 -0.083607070746012729 0.02035546309412227 -0.040793945686831402 0.051075676068939369
leaf_weight=264.65181223316358 5.6913573886558861 11.217546563093498 4.7536015674631917 8.4366969501679687 3.5267562727603945 4.3883953685872248 6.0420564399310006 3.5502529726982175 8.4869463335635356 7.3660969482907586 2.6248578741506208 4.0799450061749649 3.0112178431518251 2.1942472227528915 37.042763314668264 2.9272406187301385 2.9436267845740103 15.255573261325482 2.6824728646170106 3.8775736033567227 1.1150790725369004 4.1750947991240528 80.021869054962735 18.721707026939839 3.9421273017333069 28.545032830381388 5.9310734650207433 3.1947501435715822 3.8045108460064503 10.509038207354022
leaf_count=2471 185 387 30 580 50 7 429 64 35 383 6 74 151 74 153 143 86 74 65 21 19 112 966 79 176 97 177 24 76 9
internal_value=0.00770272 -0.0107052 0.00236557 -0.00670803 -0.0453143 0.00886823 0.00851902 -0.0231484 0.00910645 0.00853732 -0.0221231 0.00915166 0.00757305 0.00808357 0.0188301 -0.0169485 0.0235322 0.00863909 0.0190859 -0.0137989 -0.0631979 0.0084897 -2.97629e-05 0.0106038 0.00895985 0.00983303 0.00770372 -0.0472121 0.0285453 0.00952503
internal_weight=564.711 33.626 24.4078 19.6542 9.21811 531.085 526.697 9.59231 517.105 508.618 9.99095 498.627 428.702 425.691 69.9243 8.12226 61.802 24.7592 21.8156 6.56005 4.04232 423.497 84.197 339.3 320.578 316.636 284.287 9.12582 32.3495 275.161
internal_count=7203 1232 997 967 235 5971 5964 493 5471 5436 389 5047 4412 4261 635 236 399 246 160 86 162 4187 1078 3109 3030 2854 2681 201 173 2480
is_linear=0
shrinkage=0.05


Tree=175
num_leaves=31
num_cat=0
split_feature=7 12 12 2 12 12 2 0 12 12 1 1 7 3 1 1 11 11 1 3 3 3 1 1 1 3 1 0 1 12
split_gain=3.9449 3.94954 5.23344 5.37203 4.73285 5.3136 4.88543 6.76164 4.62312 4.59147 3.82799 8.79992 4.75076 9.09186 3.62689 9.58364 7.67539 4.71317 5.35378 11.116 7.99565 10.4365 6.54008 7.98066 6.80161 3.61867 3.0802 3.27251 2.86413 9.00547
threshold=0.60000000000000009 1.0000000180025095e-35 0.88079119342587353 2.2500000000000004 0.88609846275665027 0.9275846187543545 2.2500000000000004 34.579682013638923 0.94417647524796544 0.96468022764535366 0.23771545290946963 0.28510612249374395 1.0000000180025095e-35 0.016333333333333339 0.2146469056606293 0.18878214061260226 0.075235849056603799 0.049891774891774911 0.051598073914647109 0.059642857142857157 0.070512820512820526 0.45357142857142863 0.12175370380282403 0.080549564212560668 0.12385080382227899 0.78250000000000031 0.37329782545566564 5.5208165614046418 0.40255182981491094 1.9638617360286046
decision_type=2 2 2 2 2 2 2 2 2 2 2 2 2 2 2 2 2 2 2 2 2 2 2 2 2 2 2 2 2 2
left_child=1 10 3 26 -4 6 7 -6 -7 -10 14 -12 13 -13 15 17 -17 18 -1 -20 -21 -22 23 -23 -24 28 -3 -28 -11 -30
right_child=-2 2 4 -5 5 8 -8 -9 9 25 11 12 -14 -15 -16 16 -18 -19 19 20 21 22 24 -25 -26 -27 27 -29 29 -31
leaf_value=0.016652968004544678 0.046530386680588551 -0.053998188419541883 0.023548957135424362 0.031488067922122984 -0.067793654493720365 0.033285075195533691 0.027882878846956623 0.050776393301628968 -0.066899029655720574 0.00084759251301794961 -0.0749852681690759 0.044864102592680276 0.032470904433483209 -0.068622986741544351 0.032912771402391426 -0.089742551234331724 0.019733973938801275 0.02990843825014642 -0.082628715567195199 0.03830815606936197 -0.072357454503849256 0.0077542627781704426 0.059612446399067875 -0.071279120106352387 0.00065234536570943 -0.056922073262058254 -0.065119484124331592 0.024947690782759616 -0.043669533310876731 0.026663721503733903
leaf_weight=90.136516700789798 5.995131401155958 9.6039279268843547 27.410621502436697 3.4733134955167762 7.5579918026269279 12.200701792724429 2.6893710251897565 1.4298520684242246 2.4106902773200991 213.70055867329302 4.145692006073662 2.9694573134183857 8.432609635143308 4.3503010220010765 20.208637061325135 4.1764378540683529 2.5963163607520983 32.955830947306822 4.0555917826131909 12.482889200153293 5.3711217611562452 7.4519840806024131 6.9331268481910255 5.5903929487103596 16.610115631949157 2.5418533928841489 1.4923486220432085 3.1108232941478491 5.3523181176715289 30.406435223030712
leaf_count=294 18 717 55 6 192 29 8 2 94 3954 70 2 40 68 58 51 13 102 50 20 84 35 3 57 82 415 88 10 195 412
internal_value=0.00618978 0.00575153 0.00219613 -0.0242528 0.00372582 0.00177331 -0.0312398 -0.0489307 0.00321923 0.00177738 0.010784 -0.0101698 0.00688822 -0.0225839 0.012783 0.0106234 -0.047775 0.0128015 0.00900838 -0.00277134 0.0031778 -0.00727412 0.00228075 -0.0261221 0.0180152 0.00243435 -0.0378802 -0.00425209 0.00303916 0.0161363
internal_weight=557.843 551.848 323.381 17.6804 305.7 278.29 11.6772 8.98784 266.613 254.412 228.467 19.8981 15.7524 7.31976 208.569 188.36 6.77275 181.588 148.632 58.4952 54.4396 41.9567 36.5856 13.0424 23.5432 252.001 14.2071 4.60317 249.459 35.7588
internal_count=7224 7206 6177 821 5356 5301 202 194 5099 5070 1029 180 110 70 849 791 64 727 625 331 281 261 177 92 85 4976 815 98 4561 607
is_linear=0
shrinkage=0.05


Tree=176
num_leaves=31
num_cat=0
split_feature=13 14 14 12 10 1 14 1 14 12 14 1 10 14 5 0 14 12 0 14 14 13 1 14 1 12 12 0 1 10
split_gain=5.2434 11.9929 7.68827 6.29231 5.71904 5.45297 7.13014 4.80426 4.58202 4.7331 7.37959 7.66366 8.10323 7.0361 5.19837 5.0716 12.3526 6.01122 5.8934 5.67031 5.55576 4.91574 4.41168 4.26485 8.79342 4.06076 3.83239 3.40469 12.8726 5.80306
threshold=5.5000000000000009 195.50000000000003 250.00000000000003 0.88079119342587353 0.22500000000000003 0.33347858488559728 39.500000000000007 0.50461918115615856 159.50000000000003 0.88609846275665027 3.5000000000000004 0.3840653002262116 0.17500000000000004 9.5000000000000018 1.0000000180025095e-35 2.0829006902752769 12.500000000000002 1.6154751663238869 0.61223959779835269 4.5000000000000009 5.5000000000000009 3.5000000000000004 0.41190794110298162 11.500000000000002 0.20449486374855044 2.1576065010327148 0.93778201029957164 2.8578925714594918 0.31191062927246099 0.12500000000000003
decision_type=2 2 2 2 2 2 2 2 2 2 2 2 2 2 2 2 2 2 2 2 2 2 2 2 2 2 2 2 2 2
left_child=1 3 5 7 -3 27 22 -1 9 13 25 12 15 -5 -13 16 17 18 21 -19 -17 23 -7 24 -12 26 -11 -2 29 -29
right_child=2 4 -4 8 -6 6 -8 -9 -10 10 11 14 -14 -15 -16 20 -18 19 -20 -21 -22 -23 -24 -25 -26 -27 -28 28 -30 -31
leaf_value=-0.054895459342617706 0.01252685498388232 -0.10278648932265955 0.053850729333753726 -0.014604704148308313 -0.014576921329798313 -0.080728159848894906 0.0081790192079398381 0.047910063146984372 0.046360962207341344 -0.056333278077590601 -0.057177780481128759 0.018489788164658735 -0.061318232811486899 0.040125614247184499 -0.057202023474785119 -0.062068744489969269 -0.065015438725374325 0.010697132927522987 -0.066153780945352861 -0.050694987345839375 0.0056639725846664938 -0.061551856507523206 -0.0057104278765535595 0.054143396838441049 0.029728471624554782 -0.05486714697777495 0.025817804213017905 -0.020890641927074696 0.036061838246498321 -0.10186766309918549
leaf_weight=7.3907008315254625 243.6422067732201 3.9742679505143306 9.8973953612148744 8.6196358837187308 3.4177063373335841 5.0635517006739992 12.492787169176152 1.3428912147792287 6.2511948846531586 1.4747876174005785 3.9173985779634775 40.081692892603314 7.3421944615711245 18.425142083317041 2.4044194806338046 3.1850336880743262 11.276951806192299 5.7049323604733244 2.4096755506034233 11.038928589845453 61.217442075561848 1.8928571235883271 3.1973281771061011 7.1751749999821177 11.326350225368513 1.7604759959349383 37.975204951546402 6.4545254397671687 8.2541247946210188 3.3663526126183569
leaf_count=1064 751 44 8 37 43 39 61 26 23 56 116 596 817 18 89 119 474 140 77 650 518 122 30 5 45 548 585 71 15 37
internal_value=0.00594292 0.000771312 0.010535 0.00261111 -0.0620025 0.00901727 -0.0156527 -0.0390879 0.00410686 0.00299342 0.00046003 -0.00416678 -0.0103381 0.0226821 0.0142062 -0.00719652 -0.0183856 -0.00628765 0.00843132 -0.0297776 0.00231424 0.0158239 -0.051693 0.0223568 0.00739496 0.0194311 0.0227467 0.0109736 -0.00996419 -0.0486475
internal_weight=551.973 259.605 292.368 252.213 7.39197 282.471 20.7537 8.73359 243.479 237.228 210.184 168.973 126.487 27.0448 42.4861 119.145 54.7423 43.4653 26.7215 16.7439 64.4025 24.3118 8.26088 22.4189 15.2437 41.2105 39.45 261.717 18.075 9.82088
internal_count=7224 6212 1012 6125 87 1004 130 1090 5035 5012 4957 3768 3083 55 685 2266 1629 1155 365 790 637 288 69 166 161 1189 641 874 123 108
is_linear=0
shrinkage=0.05


Tree=177
num_leaves=31
num_cat=0
split_feature=13 14 14 12 3 14 12 12 11 11 3 0 3 0 0 3 0 11 13 12 12 0 7 2 14 14 3 14 3 0
split_gain=4.74625 10.9469 7.41172 5.93703 5.39866 4.3766 4.45876 7.14627 4.72863 11.7451 4.79679 4.10728 3.43536 6.96863 4.07721 3.98467 8.64043 3.71629 3.40346 5.01007 3.37383 2.92765 6.2904 13.5602 4.02168 6.25174 12.0939 5.5869 5.43012 13.2011
threshold=5.5000000000000009 195.50000000000003 250.00000000000003 0.88079119342587353 0.073627819548872195 185.00000000000003 1.8592399146080612 2.0420576532871721 0.035533910533910543 0.14530791788856307 0.15325757575757579 8.6264725158976123 0.13989130434782612 6.125991563620679 11.005681806116822 0.21408902691511392 3.6859311122709069 0.23205128205128209 1.5000000000000002 3.3370315807935782 3.3703496293710251 2.8578925714594918 1.0000000180025095e-35 2.2500000000000004 32.500000000000007 21.500000000000004 0.020526315789473691 34.500000000000007 0.044907407407407417 0.087094578385637
decision_type=2 2 2 2 2 2 2 2 2 2 2 2 2 2 2 2 2 2 2 2 2 2 2 2 2 2 2 2 2 2
left_child=1 3 21 -1 -3 6 8 11 -5 -10 -11 -8 13 18 -15 -14 17 -17 -9 -20 -21 24 23 -23 25 28 -27 -26 29 -2
right_child=2 4 -4 5 -6 -7 7 12 9 10 -12 -13 15 14 -16 16 -18 -19 19 20 -22 22 -24 -25 27 26 -28 -29 -30 -31
leaf_value=-0.038974109195366147 -0.031292614355617469 -0.10029222015353918 0.053637790826647269 0.011820502026889043 -0.014276047622227415 0.054367031574338191 -0.065903297395386917 -0.051432015456130825 -0.066770504406962167 0.037613140109871546 -0.061381421091482695 0.008649851036382529 0.025655728450309719 0.015515585643946337 -0.061359560162428065 -0.00059215298760508515 -0.053700264870384068 0.050135146526391033 -0.052195381419794754 0.052351638742645173 -0.059507779022916513 -0.067449852606359648 0.013463717109097518 0.04368591750018213 0.05051161229730744 0.030851719947902801 -0.086801258437708612 0.012699091050087215 0.012848733232121465 0.039632328415610082
leaf_weight=8.3317188793462247 21.787320200353864 3.849943899549543 9.4511269219219667 126.63594394524262 3.4668027596981119 4.2302939132787278 7.0589058351615659 11.036869865954943 6.7851611043770381 7.2590722049062588 1.4717813185125121 2.5022854809649289 19.55011471150101 18.780629433837024 1.8991847228171526 13.31466421185633 6.5690301091599386 4.9537832072965093 3.4722340418538797 3.2741848551668227 0.84885100922110712 8.7859932885039616 17.41063623316586 3.9917372912168494 13.60771403252147 3.9714910853654128 4.8536940789199434 34.626700836175587 162.27630031330045 9.3875616602599603
leaf_count=1090 121 39 8 1366 48 4 430 383 317 57 78 9 333 120 111 877 329 16 408 4 193 121 49 4 10 7 46 89 545 12
internal_value=0.00571194 0.000739559 0.0100869 0.00251806 -0.0595363 0.00396063 0.00305484 -0.00544067 0.00862843 -0.0174241 0.0209254 -0.0463918 -0.000762727 -0.0115265 0.00845556 0.0087702 -0.00452076 0.0131634 -0.0337045 -0.00794427 0.029322 0.00862058 -0.00608908 -0.0327313 0.0103932 0.00729959 -0.0338553 0.0233666 0.00917706 -0.00993528
internal_weight=545.442 255.291 290.15 247.975 7.31675 239.643 235.413 93.2607 142.152 15.516 8.73085 9.56119 83.6995 39.312 20.6798 44.3876 24.8375 18.2684 18.6321 7.59527 4.12304 280.699 30.1884 12.7777 250.511 202.276 8.82519 48.2344 193.451 31.1749
internal_count=7224 6212 1012 6125 87 5035 5031 3213 1818 452 135 439 2774 1219 231 1555 1222 893 988 605 197 1004 174 125 830 731 53 99 678 133
is_linear=0
shrinkage=0.05


Tree=178
num_leaves=31
num_cat=0
split_feature=7 12 12 12 12 12 12 6 6 0 1 0 1 0 0 11 1 1 7 3 1 11 1 1 1 1 1 1 1 10
split_gain=3.27694 2.97218 4.45079 3.85789 4.81554 3.99996 4.05796 3.97986 3.89069 5.45923 5.01406 3.81793 4.62612 3.71413 4.97587 3.6556 3.41829 8.13742 4.2474 8.09718 3.73283 4.3389 5.61995 5.06316 8.47912 13.5907 7.49391 21.1012 6.54788 6.45628
threshold=0.60000000000000009 1.0000000180025095e-35 0.88079119342587353 0.88609846275665027 0.9275846187543545 0.94417647524796544 0.96468022764535366 0.80000000000000016 0.3000000000000001 1.0005857905995132 0.34568002820014959 34.579682013638923 0.58469343185424816 4.966444657934054 7.1395630368119418 0.018019480519480525 0.23771545290946963 0.28510612249374395 1.0000000180025095e-35 0.016333333333333339 0.2348379194736481 0.049891774891774911 0.051598073914647109 0.12175370380282403 0.12385080382227899 0.16613907366991046 0.18085987120866778 0.2146469056606293 0.098070491105318083 0.17500000000000004
decision_type=2 2 2 2 2 2 2 2 2 2 2 2 2 2 2 2 2 2 2 2 2 2 2 2 2 2 2 2 2 2
left_child=1 16 13 -4 11 -6 -7 8 -8 10 -10 12 -5 -3 -15 -16 20 -18 19 -19 21 22 -1 28 -25 -26 -27 -28 29 -24
right_child=-2 2 3 4 5 6 7 -9 9 -11 -12 -13 -14 14 15 -17 17 18 -20 -21 -22 -23 23 24 25 26 27 -29 -30 -31
leaf_value=0.015123926166079752 0.044259092326429397 -0.055270463978770258 0.021603906677552721 -0.054588519764743881 0.031814260726266058 -0.065024850926966013 0.0016954585023596107 0.025423124075847348 -0.056534954229997103 -0.081584345480093981 0.052257874235716165 0.050696139124832687 0.049363917249568512 0.047308513470642084 -0.00065807423600307833 -0.073185076121599787 -0.073974877721499757 0.043776033206172023 0.031008331697565835 -0.067256033845291274 0.04623547795477817 0.026073652444703218 -0.026515593808405166 0.057785761083427714 -0.06759124710360824 0.03050675149091403 -0.086911637246314871 0.025629307900157872 -0.075109089194011644 0.046320357648685473
leaf_weight=87.94847036441206 5.3952705938499994 5.8706837736444895 26.384176616556942 8.4965607636549958 11.468971701688131 2.2639502722740863 219.83389146229638 17.189532474417319 1.9297126071069204 3.4180464511046011 2.3473976791719906 1.2697319090366352 1.2244983818382014 3.1217944305390102 4.6152279427624308 2.786297397891758 4.0170294551353463 2.7432139068841916 7.9892075792740798 4.0904503258061595 7.4145335312932721 34.891992742479488 12.75672993890476 6.6033740993589154 6.8716418505937318 19.399731225508731 6.4415486049838391 11.785865424782967 4.8514171580318353 3.9954164840746662
leaf_count=294 18 739 55 198 29 94 3706 827 300 138 5 2 2 5 42 35 70 2 40 68 7 133 106 4 100 35 68 38 55 9
internal_value=0.00548742 0.00509571 0.00195174 0.00335708 0.00157032 0.00294875 0.00160834 0.00222478 0.000472177 -0.0344743 0.00317359 -0.0308438 -0.0414943 -0.0234074 -0.00563179 -0.0279608 0.00952137 -0.0108518 0.00625463 -0.0226848 0.0114125 0.0100921 0.00662116 -0.00366422 0.00491484 -0.00293091 0.00887766 -0.0141425 -0.0239576 -0.00914409
internal_weight=539.416 534.021 312.22 295.826 269.442 258.452 246.983 244.719 227.529 7.69516 4.27711 10.9908 9.72106 16.394 10.5233 7.40153 221.801 18.8399 14.8229 6.83366 202.961 195.546 160.654 72.7057 51.1022 44.4988 37.6271 18.2274 21.6036 16.7521
internal_count=7224 7206 6177 5356 5301 5099 5070 4976 4149 443 305 202 200 821 82 77 1029 180 110 70 849 842 709 415 245 241 141 106 170 115
is_linear=0
shrinkage=0.05


Tree=179
num_leaves=31
num_cat=0
split_feature=14 13 14 14 14 12 14 12 12 11 11 0 0 11 14 14 0 10 0 0 12 12 12 14 0 13 10 13 12 14
split_gain=4.22094 3.73291 6.98442 6.5261 8.69791 5.41715 4.22831 3.66032 6.67787 4.77376 11.0966 3.94458 3.6077 3.12989 4.76094 3.92522 5.45927 3.8699 3.14141 5.2261 3.91354 3.06572 2.72531 2.67001 7.56289 3.63438 3.02491 2.62503 3.61962 5.93174
threshold=634.50000000000011 5.5000000000000009 250.00000000000003 195.50000000000003 478.50000000000006 0.76342292446103932 185.00000000000003 1.8592399146080612 2.0420576532871721 0.037617924528301899 0.14530791788856307 8.6264725158976123 1.6762283166821088 0.015038444142921758 5.5000000000000009 7.5000000000000009 2.2562249470109181 0.47500000000000009 8.4562919004603092 0.073703482463727238 3.3370315807935782 3.3703496293710251 1.7990871646976954 14.500000000000002 3.6859311122709069 3.5000000000000004 0.12500000000000003 6.5000000000000009 0.32689343293555401 32.500000000000007
decision_type=2 2 2 2 2 2 2 2 2 2 2 2 2 2 2 2 2 2 2 2 2 2 2 2 2 2 2 2 2 2
left_child=1 3 27 5 -5 -1 7 9 11 22 -11 -9 -12 14 -10 16 -16 23 19 20 -17 -22 -7 24 26 -25 -15 -3 29 -29
right_child=-2 2 -4 4 -6 6 -8 8 13 10 12 -13 -14 17 15 18 -18 -19 -20 -21 21 -23 -24 25 -26 -27 -28 28 -30 -31
leaf_value=-0.051513067377037841 -0.079847372817696702 0.027687025797777334 0.053246932346934776 -0.092755938869612975 0.039051982415168877 0.0077286030837863829 0.054016853918649237 -0.065465318353961993 -0.058457344024821715 -0.06602756734386192 -0.05506426751709928 0.0081856618911357818 0.033952610493097828 0.016244289435477378 -0.057589970483683799 -0.052516321993412642 0.041041558672121142 -0.067651077862387207 0.0041444993089632919 -0.064618815581868536 0.05309209621465602 -0.053536585412359367 0.029217744473124075 0.029696369075699575 -0.072346453867459401 -0.053825282077979521 -0.061840702532417205 0.0051990279187526141 -0.0062172934209947586 0.025606531545034807
leaf_weight=4.5910618373727621 1.4525887622730795 15.977112425956873 8.809632567688821 3.98367271636016 1.8250144720077512 110.88925346868018 4.0430792145198202 6.7610937900562913 4.7194797589945656 6.8865204391404395 1.3574023117253071 2.4865580857731402 7.0489796991460025 17.940459108875082 1.7222142601203794 2.2660711038161043 7.5680368477769662 1.6244853469979705 10.76769093191251 6.3379249594527209 3.0966591825708751 0.86167359729734005 17.018703526759055 19.117688139107489 3.1830558786605243 1.3977083648605901 1.3323856265196798 169.33645667391829 44.244045845931396 45.088709640316665
leaf_count=893 18 28 8 67 2 1480 4 430 842 351 125 9 17 227 131 222 57 90 124 313 2 162 42 302 93 145 64 599 318 59
internal_value=0.00526873 0.00550101 0.0094241 0.00103195 -0.0513436 0.00228384 0.00331973 0.00244522 -0.00538513 0.0074312 -0.0189705 -0.0456616 0.0195788 -0.000839324 -0.011519 -0.00472802 0.0227574 0.00810272 -0.015673 -0.0326594 -0.000117064 0.0298805 0.0105878 0.0109665 -0.000946231 0.0240061 0.0108461 0.00801842 0.00680356 0.00949026
internal_weight=533.735 532.283 283.456 248.827 5.80869 243.018 238.427 234.384 91.1832 143.201 15.2929 9.24765 8.40638 81.9355 37.3398 32.6203 9.29025 44.5958 23.33 12.5623 6.2244 3.95833 127.908 42.9713 22.4559 20.5154 19.2728 274.646 258.669 214.425
internal_count=7224 7206 1012 6194 69 6125 5232 5228 3213 2015 493 439 142 2774 1853 1011 188 921 823 699 386 164 1522 831 384 447 291 1004 976 658
is_linear=0
shrinkage=0.05


Tree=180
num_leaves=31
num_cat=0
split_feature=1 3 1 1 0 0 12 13 12 12 12 12 1 12 12 0 1 11 10 1 13 11 11 11 13 1 10 0 12 12
split_gain=5.89647 6.71212 6.43021 8.76971 6.39213 5.52941 4.53353 5.0966 5.16211 5.62541 7.07406 4.67422 4.44959 7.00217 10.0763 12.441 5.49066 3.58064 4.4578 8.62964 6.01592 3.41975 3.65256 6.66222 3.78767 3.88874 3.93136 7.90907 3.36671 4.28948
threshold=0.24433899670839312 0.014039408866995078 0.2348379194736481 0.2181469723582268 0.57786776217074431 0.61496020972670062 3.4514933084675818 5.5000000000000009 0.88079119342587353 0.88609846275665027 1.0224921205566442 2.8570268642970738 0.20449486374855044 1.6725182684501305 1.0398722639508 2.3138827358238676 0.14315017312765124 0.09910714285714288 0.12500000000000003 0.061179427430033691 14.500000000000002 0.33908045977011508 0.22902097902097904 0.14670014347202301 5.5000000000000009 0.50461918115615856 0.17500000000000004 0.73374768258528056 1.1121704808231463 1.6014684549625273
decision_type=2 2 2 2 2 2 2 2 2 2 2 2 2 2 2 2 2 2 2 2 2 2 2 2 2 2 2 2 2 2
left_child=2 4 3 6 -2 -6 7 8 -1 -10 -11 12 13 14 -12 -16 -15 18 -9 20 -20 22 23 24 28 26 -26 -28 -3 -30
right_child=1 21 -4 -5 5 -7 -8 17 9 10 11 -13 -14 16 15 -17 -18 -19 19 -21 -22 -23 -24 -25 25 -27 27 -29 29 -31
leaf_value=-0.051773373686469053 -0.097271838901665908 0.010559510445527616 0.037467206176859495 -0.060122630951609593 0.05246427368982285 -0.041166749270675818 0.029749881942466173 0.015998715853577518 0.026844206456202387 -0.051969060846140405 0.04521274254433133 -0.058991151927864464 0.038263953252154488 0.015538767576655505 -0.071011081374925206 0.002234636993275212 -0.039955049998509393 0.030845928589291968 -0.031124401263686315 0.019796703658175527 0.016678472497421309 -0.065798875583871069 0.035384047304015211 -0.07265109178386274 0.018213391752944574 0.045055669941542337 -0.071928920763411647 0.0091320530630832255 -0.060845831884371371 -0.0079741315065248713
leaf_weight=4.4842737128492436 3.2400835782245831 22.606871315987519 22.126587142498465 4.4383443188926313 2.2447896003723145 5.298973274169839 28.515078614553204 144.75506439286983 20.331557285040617 6.6151334859096087 4.8622137098573175 3.0856316959698225 8.3943927314685407 49.395720500860989 11.45833559844141 11.734426462862755 4.8994520108126371 26.147479518374894 23.451496495865285 28.963129105046391 9.1494130538776499 1.8054584581404913 8.3901327157946053 2.9734773879845298 28.49452519393526 8.0942261570598912 4.1692056560423216 10.814616296906022 4.2767146522382964 37.24080179120665
leaf_count=715 68 492 142 315 1 63 560 496 36 194 4 420 99 709 675 94 298 62 70 78 17 22 38 92 85 34 39 44 199 1075
internal_value=0.00824096 -0.000640213 0.0112454 0.0097603 -0.0385335 -0.0133051 0.0105633 0.00903394 0.000903649 0.00285947 -0.00199538 0.00152782 0.00358568 5.07366e-05 -0.0202322 -0.0339523 0.0105312 0.0134148 0.0112057 -6.40158e-05 -0.0177086 0.00253079 0.00350172 0.0012476 0.00314684 0.0132347 0.00731065 -0.0134229 -0.00496638 -0.0134204
internal_weight=552.458 139.65 412.808 390.681 10.7838 7.54376 386.243 357.728 125.261 120.777 100.445 93.8302 90.7445 82.3501 28.055 23.1928 54.2952 232.467 206.319 61.564 32.6009 128.866 127.061 118.67 115.697 51.5726 43.4783 14.9838 64.1244 41.5175
internal_count=7236 2252 4984 4842 132 64 4527 3967 3244 2529 2493 2299 1879 1780 773 769 1007 723 661 165 87 2120 2098 2060 1968 202 168 83 1766 1274
is_linear=0
shrinkage=0.05


Tree=181
num_leaves=31
num_cat=0
split_feature=1 3 0 1 1 0 14 14 12 13 12 12 12 14 0 1 14 14 13 12 0 3 3 14 14 12 0 2 11 11
split_gain=5.3827 6.20103 6.13053 6.01907 8.19677 5.10507 4.59515 4.12712 4.12527 4.60009 4.8899 5.17273 6.51775 7.19664 7.10831 13.7486 5.55711 5.53931 8.74732 5.14489 4.98739 4.95906 4.2915 3.8689 6.05364 5.21257 3.49413 3.4457 3.32387 3.30561
threshold=0.24433899670839312 0.014039408866995078 0.57786776217074431 0.2348379194736481 0.2181469723582268 0.61496020972670062 13.500000000000002 3.5000000000000004 3.4514933084675818 5.5000000000000009 0.88079119342587353 0.88609846275665027 1.0224921205566442 3.5000000000000004 2.0829006902752769 0.088539652526378645 287.50000000000006 120.50000000000001 2.5000000000000004 1.8592399146080612 3.6859311122709069 0.095147058823529446 0.029100529100529109 5.5000000000000009 4.5000000000000009 4.6853219471441836 17.216839764902968 2.2500000000000004 0.33908045977011508 0.049891774891774911
decision_type=2 2 2 2 2 2 2 2 2 2 2 2 2 2 2 2 2 2 2 2 2 2 2 2 2 2 2 2 2 2
left_child=3 2 -2 4 8 -4 -7 -3 9 10 -1 -12 27 19 15 -15 17 18 20 -14 -16 -17 -22 24 29 -25 -11 -13 -9 -10
right_child=1 7 5 -5 -6 6 -8 28 23 26 11 12 13 14 16 21 -18 -19 -20 -21 22 -23 -24 25 -26 -27 -28 -29 -30 -31
leaf_value=-0.051690798507358832 -0.096450896688867804 -0.061537088136964319 0.052338320589122495 0.036489878053925444 -0.059653927239088439 -0.085597747930835022 0.007610074463079217 0.00465991492793649 -0.060541671511374698 0.011702800058092794 0.025957301084804291 -0.066996431107188489 0.03043383703340536 -0.070653440718319943 0.031013469198892859 0.020634406303904756 -0.046213925700461622 0.034593686534996136 -0.065389900838645029 -0.060503605719842257 0.0091772435894662188 -0.053124881081857069 -0.073451222850776279 -0.034861440675874295 0.062619420348436414 0.031357866346897231 0.046404150499985038 0.029587077715893757 -0.064942432246251999 0.040167078742705781
leaf_weight=4.2722155154406201 3.1076426137224171 2.4729052656739432 2.1403188705444336 21.596919478353811 4.2542166889288628 2.6553256780607626 2.6340238779957872 123.3382920287313 1.7706807725080591 223.52464527986012 19.983943597413599 5.3698340612463644 23.344851413137807 10.814814776656933 11.705519596755044 10.685141047244541 4.6861938638030542 15.459222762496209 4.6467535741830934 1.6663836191983126 3.9866904136724761 2.896539737155762 2.5937859829282388 4.5078715982126587 11.758757226722082 8.7214306671885407 7.4974691085517398 1.1152327209711073 1.7394783524796356 1.5093815823747716
leaf_count=715 68 103 1 142 315 34 29 1995 227 713 36 191 283 498 51 228 26 26 176 461 16 447 87 198 32 91 10 3 22 12
internal_value=0.00791564 -0.000618116 -0.037482 0.0108013 0.00936687 -0.0128167 -0.0391815 0.00242731 0.0101345 0.00866772 0.000866323 0.00275389 -0.00193128 0.00146642 -0.00702528 -0.0285902 0.0051876 0.0114618 -0.00413173 0.0243751 0.0114349 0.0049039 -0.0233919 0.0285158 0.0458649 0.0087937 0.012829 -0.050387 0.00369194 -0.0141987
internal_weight=546.456 138.088 10.5373 408.368 386.772 7.42967 5.28935 127.551 382.517 354.249 123.227 118.955 98.971 92.4859 67.4747 24.3965 43.0782 38.392 22.9327 25.0112 18.286 13.5817 6.58048 28.2681 15.0388 13.2293 231.022 6.48507 125.078 3.28006
internal_count=7236 2252 132 4984 4842 64 63 2120 4527 3967 3244 2529 2493 2299 1555 1173 382 356 330 744 154 675 103 560 271 289 723 194 2017 239
is_linear=0
shrinkage=0.05


Tree=182
num_leaves=31
num_cat=0
split_feature=1 6 3 0 1 1 0 2 3 3 2 1 0 12 3 11 11 12 12 3 1 1 12 13 12 13 12 12 12 0
split_gain=4.95496 5.83339 6.36107 5.83722 5.61425 7.6705 4.75519 3.90249 3.47422 6.87176 7.00261 4.78563 7.60831 7.29696 6.04368 4.42208 6.79902 3.6466 4.53979 3.31847 3.26384 3.17485 3.15561 5.39741 4.94051 3.98446 4.54217 3.86104 9.25205 6.21167
threshold=0.24433899670839312 0.55000000000000016 0.014039408866995078 0.57786776217074431 0.2348379194736481 0.2181469723582268 0.61496020972670062 2.2500000000000004 0.34937500000000005 0.18019230769230773 1.0000000180025095e-35 0.54401981830596935 1.6762283166821088 2.0575662385929818 0.09651515151515154 0.09910714285714288 0.23205128205128209 0.91900249960484637 0.58507350844983197 0.044365079365079378 0.35839533805847174 0.41190794110298162 3.4514933084675818 1.5000000000000002 2.8570268642970738 5.5000000000000009 0.88079119342587353 0.88609846275665027 1.6014684549625273 2.3436627430448396
decision_type=2 2 2 2 2 2 2 2 2 2 2 2 2 2 2 2 2 2 2 2 2 2 2 2 2 2 2 2 2 2
left_child=4 2 3 -2 5 7 -5 22 9 11 -11 12 19 17 -15 -10 -17 18 -14 -4 -8 -21 24 -24 25 26 -1 -28 29 -29
right_child=1 -3 8 6 -6 -7 20 -9 15 10 -12 -13 13 14 -16 16 -18 -19 -20 21 -22 -23 23 -25 -26 -27 27 28 -30 -31
leaf_value=-0.051614505682030826 -0.095587686512762587 -0.060440615883375841 0.018171046943880862 0.052219082592476512 0.035509270219754821 -0.059205596556685863 -0.080652614613356988 0.036095513714516837 0.023505810871183409 -0.066269398118917952 -0.0001780848028599693 0.048578309179087703 0.022384603136775292 0.0061777766312728199 -0.067501648611342627 -0.06949230475356355 0.035065899914815589 0.027849037277812894 -0.067266086433586225 -0.064453794153700963 -0.0012501546958196795 -0.0024083366121413112 0.031963383207820238 -0.06453235678843848 -0.058560464467575415 0.011862251121582592 0.023149701086908364 -0.016488901376395439 0.0067795867987697211 -0.082003416913098204
leaf_weight=4.0621760980684476 2.9821116298407997 3.9546219882104188 2.4906800999160614 2.0404658317565918 21.096583681101038 4.0766051137516106 2.3995491396199213 13.551002580090424 33.963888627073175 7.4743398776190615 8.6415991520188964 5.8903287341963724 3.356417514383792 6.6705290354730078 4.7759674511835328 3.4359127189236451 2.839841665874701 31.296467803535052 2.4376923139207065 7.064708645706558 2.8095023480709642 2.9114725574054319 23.312220360017822 1.5451891720858828 2.8060946699506522 226.10770699550631 18.307844905182719 15.572885902683995 67.784491800467549 4.7130110089929067
leaf_count=713 68 135 74 1 142 315 42 43 375 350 59 62 10 99 121 80 13 107 57 422 21 156 297 253 420 713 35 686 1263 104
internal_value=0.00760387 -0.000594187 0.00117887 -0.0367042 0.0104001 0.00901284 -0.0124823 0.00974902 0.00432375 -0.00152101 -0.0308303 0.00554008 0.00138445 0.0103335 -0.0245644 0.0163809 -0.0221787 0.0211033 -0.0153331 -0.0334568 -0.0378269 -0.0463463 0.00876876 0.025965 0.00750915 0.00806003 0.000275642 0.00225713 -0.00208597 -0.0317099
internal_weight=540.372 137.436 133.481 10.2316 402.936 381.839 7.24952 377.763 123.25 83.0102 16.1159 66.8943 61.0039 48.5371 11.4465 40.2396 6.27575 37.0906 5.79411 12.4669 5.20905 9.97618 364.212 24.8574 339.354 336.548 110.44 106.378 88.0704 20.2859
internal_count=7236 2252 2117 132 4984 4842 64 4527 1985 1517 409 1108 1046 394 220 468 93 174 67 652 63 578 4484 550 3934 3514 2801 2088 2053 790
is_linear=0
shrinkage=0.05


Tree=183
num_leaves=31
num_cat=0
split_feature=1 1 14 2 1 3 3 13 0 14 0 14 3 3 10 1 1 6 13 14 14 14 14 14 0 14 14 14 13 1
split_gain=4.49084 9.08178 4.77055 11.0306 4.98249 11.3018 8.13939 5.86906 3.15399 6.93814 3.11154 4.37949 2.72273 5.51488 5.69056 4.70327 11.651 5.24615 6.32642 12.653 5.88209 5.66171 4.08999 6.51019 16.9313 3.68931 13.6892 5.52263 9.86179 8.92656
threshold=0.31966254115104681 0.34109726548194891 49.500000000000007 1.3500000000000003 0.3486799448728562 0.16504716981132078 0.13159663865546223 2.5000000000000004 17.745907011616051 287.50000000000006 19.340069403769689 158.50000000000003 0.67038461538461569 0.64207317073170755 1.0000000180025095e-35 0.026255904696881775 0.090475406497716918 1.0000000180025095e-35 1.5000000000000002 4.5000000000000009 5.5000000000000009 60.500000000000007 33.500000000000007 10.500000000000002 2.7580659675969876 120.50000000000001 87.500000000000014 69.500000000000014 15.500000000000002 0.061179427430033691
decision_type=2 2 2 2 2 2 2 2 2 2 2 2 2 2 2 2 2 2 2 2 2 2 2 2 2 2 2 2 2 2
left_child=8 -2 3 4 -3 6 7 -6 9 12 -10 -12 13 14 15 17 -17 18 -1 -20 -19 22 23 -21 -25 26 27 28 29 -16
right_child=1 2 -4 -5 5 -7 -8 -9 10 -11 11 -13 -14 -15 25 16 -18 20 19 21 -22 -23 -24 24 -26 -27 -28 -29 -30 -31
leaf_value=0.029266242451515198 -0.058989673797558408 0.033787086549645066 0.017602943184681318 -0.075077424530264947 0.0083615914075251558 -0.069486433988768748 0.034424742441471638 -0.064480192587699006 0.047817046112018161 -0.062013949229256717 -0.068438555425831771 0.023627425826029766 0.017945820266320654 -0.071564348467491698 -0.018901907866186844 -0.061793816286975146 0.009244072094043156 0.0031959142026488697 -0.079206190181852071 0.021830082401433554 0.066287916606941485 -0.040945177134546512 0.041227454694684369 -0.10750616803305249 0.051920244850108072 0.024149196296554598 -0.11396222601602593 0.029118112072653718 -0.083730800495539437 0.012084034958278311
leaf_weight=41.878260229772422 6.7898740120472203 8.7740236841564165 28.078054991587123 5.4903103372780597 6.1578231116000151 6.1459765335566763 12.453650805058713 5.0194414074721863 10.269092082511635 3.4763775901519685 1.5672022868384354 7.3481962709920481 69.84397761566197 2.2107736688631112 42.502911262243288 6.0543532201663757 123.74987502209115 5.4758951506373714 4.3085142973141037 17.346137408516373 11.354011974763125 4.668244221713393 12.136852419469504 3.7178143653582074 3.0166424438357353 13.197896325902546 2.7507377876681849 13.348040687011233 3.8378026674035928 51.293465326813021
leaf_count=152 208 55 261 138 105 318 158 172 15 39 96 26 911 51 480 388 1794 193 118 80 10 30 18 50 2 73 53 48 59 1135
internal_value=0.00730473 -0.00370729 0.00149742 -0.00877049 0.000672749 -0.00908468 0.00662473 -0.0243499 0.00921303 0.00834031 0.0290547 0.00744351 0.00890556 0.00716541 0.00764804 0.0122768 0.00593071 0.0202048 0.0152654 0.00229173 0.0457599 0.0108799 0.0175599 0.00563127 -0.0360925 -0.000874399 -0.00377821 -0.00104725 -0.00517131 -0.00195694
internal_weight=534.262 78.9092 72.1193 44.0412 38.5509 29.7769 23.6309 11.1773 455.353 436.169 19.1845 8.9154 432.692 362.848 360.637 233.707 129.804 103.902 87.0725 45.1942 16.8299 40.8857 36.2174 24.0806 6.73446 126.931 113.733 110.982 97.6342 93.7964
internal_count=7236 1415 1207 946 808 753 435 277 5821 5684 137 122 5645 4734 4683 2835 2182 653 450 298 203 180 150 132 52 1848 1775 1722 1674 1615
is_linear=0
shrinkage=0.05


Tree=184
num_leaves=31
num_cat=0
split_feature=13 12 12 12 6 12 14 14 12 9 12 0 14 12 12 14 14 13 13 12 13 11 3 0 14 0 12 3 14 0
split_gain=4.24292 7.73146 5.74319 6.13679 6.63017 6.07359 5.30945 4.9857 4.95605 4.53981 4.75753 5.25755 12.131 4.58133 7.5687 3.76651 4.27763 3.73327 3.70587 3.26795 5.84237 3.24241 4.92687 3.06961 2.82517 2.77458 3.10677 2.61378 3.66975 3.26146
threshold=5.5000000000000009 0.88079119342587353 3.4514933084675818 1.0515018445150426 0.80000000000000016 1.0622218475669911 250.00000000000003 5.5000000000000009 4.6853219471441836 1.0000000180025095e-35 2.8570268642970738 2.7087705369925517 12.500000000000002 2.8186305780363132 1.8592399146080612 287.50000000000006 185.00000000000003 3.5000000000000004 6.5000000000000009 1.8592399146080612 3.5000000000000004 0.10078125000000003 0.033794326241134758 1.009922776702237 4.5000000000000009 6.2120559585478743 3.6376428199482249 0.029100529100529109 4.5000000000000009 17.745907011616051
decision_type=2 2 2 2 2 2 2 2 2 2 2 2 2 2 2 2 2 2 2 2 2 2 2 2 2 2 2 2 2 2
left_child=1 -1 3 4 -3 -5 18 27 25 10 11 12 13 14 17 16 19 -7 -2 -13 21 22 -21 24 -11 -9 -27 -4 29 -29
right_child=6 2 7 5 -6 9 -8 8 -10 23 -12 15 -14 -15 -16 -17 -18 -19 -20 20 -22 -23 -24 -25 -26 26 -28 28 -30 -31
leaf_value=-0.054382344253626536 0.033394751713073961 0.016735036158521982 0.052598950447894754 -0.095829139218101489 -0.065044723098330426 0.0077446537721236443 0.052900836952917391 -0.059839093052248583 0.021010158719542468 0.015723462180555255 -0.045520032007970425 0.019478122873469457 -0.062427568427294591 0.041883954610068268 -0.057149412273271805 -0.035000127723656842 0.043715054770844211 -0.056845377013049217 0.0085824651037187238 0.022227435545732654 -0.068489055300952298 0.032149123115197215 -0.046656915527868992 -0.07249969488999608 -0.066802513607185962 0.050365352253378626 -0.03240381322761117 -0.018151597347485296 -0.080312132544113624 0.047699266858207322
leaf_weight=5.9133691328806881 15.9489215365611 55.902532843552763 11.897393130639104 1.8713502688915458 2.5933867856692805 30.545819582366676 7.3949768003076306 3.6412087935859763 14.873261354681743 3.0334177822805923 6.1136277774830878 24.340918368292478 9.6009075052752433 5.5833524897461748 6.2128922241981845 4.2774068595608687 9.7566461758688074 2.4139631326470399 266.58927154238336 5.0673243622295612 3.3087197603308587 6.4150979848345733 5.3220982774801087 3.9634673884138465 1.5757858868382753 1.7853994300821794 3.1061612308112672 2.7248204294537537 0.87087656845687966 6.0668120037589688
leaf_count=1140 23 346 32 31 94 472 8 360 295 14 644 196 724 9 743 20 11 286 968 16 120 20 138 78 66 5 89 216 41 31
internal_value=0.00701292 0.00207726 0.00351099 -0.000330275 0.0131094 -0.0064056 0.0110777 0.0195625 0.00358342 -0.00509344 -0.00256099 -0.000233593 -0.0114287 -0.000488562 -0.00652799 0.0101707 0.0137349 0.0030141 0.00998309 0.0071549 -0.00775859 0.00419891 -0.0130593 -0.0402349 -0.0124904 -0.0267927 -0.00219341 0.0369098 0.0175918 0.0272899
internal_weight=528.711 238.778 232.865 187.899 58.4959 129.403 289.933 44.9659 23.406 127.531 118.959 112.845 54.3569 44.756 39.1727 58.4882 54.2108 32.9598 282.538 44.4542 20.1132 16.8045 10.3894 8.57267 4.6092 8.53277 4.89156 21.5599 9.66251 8.79163
internal_count=7236 6237 5097 4028 440 3588 999 1069 749 3557 3399 2755 2234 1510 1501 521 501 758 991 490 294 174 154 158 80 454 94 320 288 247
is_linear=0
shrinkage=0.05


Tree=185
num_leaves=31
num_cat=0
split_feature=0 0 11 3 10 10 0 0 0 0 2 3 11 3 3 1 3 10 3 1 3 3 1 3 3 11 1 1 1 1
split_gain=4.00429 4.04482 7.00563 8.76599 2.45713 5.63562 4.75237 3.3557 2.14035 1.85756 4.10018 1.72786 6.17676 8.48671 6.50972 5.73665 3.95663 3.88008 3.79369 3.59751 2.87338 3.62376 3.6277 7.51004 5.29977 5.37418 4.07822 3.55587 6.71887 4.04825
threshold=17.745907011616051 12.949626532447603 0.15849282296650721 0.36022727272727278 0.4250000000000001 0.17500000000000004 29.71492326368347 25.197110882027118 12.687385232882866 11.565837759394313 2.2500000000000004 0.24837500000000004 0.018383346850500141 0.7577521008403364 0.36022727272727278 0.0043633040040731439 0.27664414414414423 0.12500000000000003 0.2440065681444992 0.0091859051026403921 1.0950000000000004 1.0850000000000002 0.090475406497716918 0.44970149253731345 0.45357142857142863 0.018019480519480525 0.36185109615325933 0.080549564212560668 0.078742533922195448 0.020389707759022716
decision_type=2 2 2 2 2 2 2 2 2 2 2 2 2 2 2 2 2 2 2 2 2 2 2 2 2 2 2 2 2 2
left_child=1 8 3 -3 5 7 -7 -2 9 11 -11 18 15 14 16 -13 -14 -15 -1 -17 21 22 23 -21 25 -24 -26 28 29 -22
right_child=4 2 -4 -5 -6 6 -8 -9 -10 10 -12 12 13 17 -16 19 -18 -19 -20 20 27 -23 24 -25 26 -27 -28 -29 -30 -31
leaf_value=0.0093273306361893529 0.04221158647845339 -0.089977770164015536 0.051094614492658799 0.03396204808208695 0.041488673946016387 -0.088092529109176115 0.011705149491449759 -0.018045550093672143 0.045455067915276773 -0.06421766915681458 0.048939600562727101 -0.062804699901205296 -0.068285261781136017 -0.059445226471900293 -0.07337810410299099 0.048959590133517715 0.01400996632166015 0.024600720442963513 0.051368429362537674 0.029260547690670935 0.020451210933524408 0.050929511187830637 -0.065507816993273391 -0.063659850715839017 0.017263727570585464 0.051332212240073227 -0.05732521638804438 -0.069807720753141941 0.053451319213488828 -0.073785213458749874
leaf_weight=347.79112101902228 11.197170139435913 4.5969826677755901 2.2167130806483328 2.0686549326346722 13.926608777372165 2.1533766056236336 2.6745370351418387 2.9112187499267739 3.8120441604405633 2.4768547366111298 1.1828242111951115 2.7457249530334584 2.0069297189766102 1.5801698886243656 8.0758109767230035 5.7236807266381211 5.3648102102270059 10.486634650980704 5.4501242553815237 3.9515522021683847 1.8253669802797938 5.3675813051740979 3.961891815361013 4.8353637553427689 72.882137301376133 1.3094441100256515 1.8798407451540686 2.4088380591683736 3.3750395572278649 3.0336996428477505
leaf_count=4005 33 60 3 20 28 44 16 72 10 89 2 148 56 109 354 15 93 87 7 45 6 16 256 328 1014 2 85 176 4 52
internal_value=0.00862891 0.00753968 -0.0259062 -0.0515135 0.0255462 0.0138213 -0.0328072 0.0297777 0.00813203 0.00784617 -0.0276447 0.00810907 0.00342581 -0.0178243 -0.0423673 0.0085863 -0.00839461 0.0135948 0.00997598 0.0103594 0.00825182 0.0110345 0.00862352 -0.0218727 0.0119717 -0.0364838 0.0153882 -0.0163739 -0.000742144 -0.0383842
internal_weight=543.273 510.41 8.88235 6.66564 32.8629 18.9363 4.82791 14.1084 501.527 497.715 3.65968 494.056 140.815 27.5144 15.4476 113.3 7.37174 12.0668 353.241 110.554 104.831 94.1878 88.8202 8.78692 80.0333 5.27134 74.762 10.6429 8.23411 4.85907
internal_count=7235 7042 83 80 193 165 60 105 6959 6949 91 6858 2846 699 503 2147 149 196 4012 1999 1984 1746 1730 373 1357 258 1099 238 62 58
is_linear=0
shrinkage=0.05


Tree=186
num_leaves=31
num_cat=0
split_feature=12 12 10 1 13 13 12 3 13 11 11 3 12 1 1 1 10 1 1 11 11 3 11 3 9 1 3 12 12 12
split_gain=5.40392 3.57619 2.70666 3.84714 8.42809 2.53497 2.33668 2.85602 2.20122 2.26224 5.23618 9.14085 8.15347 5.49462 5.34696 6.25199 5.22373 2.56988 3.39512 1.9739 2.38062 4.37145 2.7898 1.78979 1.70302 1.71071 1.70182 1.67002 7.7063 4.37155
threshold=3.3370315807935782 5.4103734435467947 0.52500000000000013 0.44125390052795416 3.5000000000000004 3.5000000000000004 1.0622218475669911 0.99500000000000022 86.000000000000014 0.10078125000000003 0.042705167173252283 0.13503521126760568 1.8710470791733764 0.11606018245220186 0.34568002820014959 0.3486799448728562 0.22500000000000003 0.43452851474285131 0.41562983393669134 0.12141687141687145 0.21954449152542374 0.14027777777777781 0.15108695652173917 0.87487804878048803 0.15000000000000005 0.19832941144704822 0.12009433962264153 1.6014684549625273 1.5257085928350347 1.5126576166751728
decision_type=2 2 2 2 2 2 2 2 2 2 2 2 2 2 2 2 2 2 2 2 2 2 2 2 2 2 2 2 2 2
left_child=2 5 3 8 -5 -2 7 -4 9 10 17 12 -12 16 23 -16 -13 18 27 24 21 22 -21 -15 25 -11 -22 28 29 -1
right_child=1 -3 6 4 -6 -7 -8 -9 -10 19 11 13 -14 14 15 -17 -18 -19 -20 20 26 -23 -24 -25 -26 -27 -28 -29 -30 -31
leaf_value=0.0049741295386814127 0.027241662295016719 -0.077282791574299001 -0.074369286763305717 0.014318232232209399 -0.074000767242039175 -0.052188135908813063 0.043032459472875699 0.050841474865909377 0.045867999209892783 0.042853559781581653 0.021607902245852077 -0.065179580503206866 -0.063273127506263294 -0.073263178439148646 0.049791637357344418 -0.067132250542833338 0.052879178441456787 0.050525909810231966 -0.059241371543510772 0.018808864676539239 -0.013967593102210527 -0.061373781897509361 -0.060180504256900726 -0.14654105974038226 0.056292713046915258 -0.00092815738743751782 0.030150760878763457 0.012261733330413405 -0.066011343391652433 0.047634322361496714
leaf_weight=254.19749534128277 48.620114934325102 0.85925385312202607 1.0302650663379598 6.3906286599958531 4.6789546136496938 1.0256827336925187 8.5046182690703045 0.8162432312965392 3.5798670649528495 4.2442134362645429 18.788112496156831 1.4688863799092384 3.330741338832012 6.8341862925572041 2.0865542506799102 2.5289660470443778 2.5874256012612022 3.3867777634004588 1.9374846135760879 9.1554675783118018 2.61072258622153 2.7824159647134357 1.2732909453243326 0.94900427392713016 4.990282956219743 4.7040663602383574 13.430596658552529 111.05480032629384 3.7709175444470011 6.1505323190940535
leaf_count=2192 833 116 67 112 157 298 177 1 5 18 224 91 118 270 3 60 2 8 56 111 21 160 60 24 2 47 81 1776 129 16
internal_value=0.00828196 0.0238503 0.0066683 0.00611929 -0.0230129 0.0256006 0.031963 -0.0190203 0.00681154 0.00650908 0.00538616 -0.0121673 0.00882619 -0.0403868 -0.0569127 -0.0142741 0.0101273 0.00716569 0.00677628 0.0174044 0.010026 -0.00569145 0.00916472 -0.0821979 0.0328893 0.0198377 0.0229705 0.00711721 0.00495407 0.00598195
internal_weight=537.769 50.5051 487.264 476.912 11.0696 49.6458 10.3511 1.84651 465.843 462.263 419.072 38.5739 22.1189 16.455 12.3987 4.61552 4.05631 380.498 377.111 43.1911 29.2525 13.2112 10.4288 7.78319 13.9386 8.94828 16.0413 375.174 264.119 260.348
internal_count=7235 1247 5988 5743 269 1131 245 68 5474 5469 4969 792 342 450 357 63 93 4177 4169 500 433 331 171 294 67 65 102 4113 2337 2208
is_linear=0
shrinkage=0.05


Tree=187
num_leaves=31
num_cat=0
split_feature=12 14 14 12 0 9 7 2 0 13 0 12 2 11 11 12 11 11 13 0 14 14 10 14 14 12 14 12 0 14
split_gain=4.95826 3.53136 4.58528 3.39721 4.47011 4.98829 2.82534 2.65777 4.66455 2.12828 1.75034 1.73976 4.25121 1.94425 4.83773 3.89566 2.86075 5.02541 5.28694 5.43993 8.14611 4.88907 4.74336 4.08936 3.32254 6.70466 3.37962 5.80547 9.43527 5.75673
threshold=3.3370315807935782 5.5000000000000009 3.5000000000000004 3.3703496293710251 6.125991563620679 1.0000000180025095e-35 0.60000000000000009 1.0000000180025095e-35 6.7532546035884673 86.000000000000014 0.08307848894473413 2.8570268642970738 1.3500000000000003 0.21954449152542374 0.13245614035087722 2.8186305780363132 0.10078125000000003 0.042705167173252283 9.0000000000000018 0.087094578385637 41.500000000000007 10.500000000000002 0.22500000000000003 9.5000000000000018 12.500000000000002 2.0667505158011652 49.500000000000007 1.6289067424297814 29.71492326368347 23.500000000000004
decision_type=2 2 2 2 2 2 2 2 2 2 2 2 2 2 2 2 2 2 2 2 2 2 2 2 2 2 2 2 2 2
left_child=6 2 -2 -3 5 -5 9 8 -6 11 -4 13 -13 14 16 -16 17 24 21 20 22 23 -20 -19 -1 26 29 -28 -29 -26
right_child=1 3 10 4 7 -7 -8 -9 -10 -11 -12 12 -14 -15 15 -17 -18 18 19 -21 -22 -23 -24 -25 25 -27 27 28 -30 -31
leaf_value=0.010634533212881523 -0.055977037497552951 0.051762188927482924 0.056239285856868729 -0.060323289253689585 0.0438707935743822 0.038056324045781305 0.048773437626512657 0.034237301643742925 -0.032061714891556445 0.045110614553092516 0.02465658069661035 -0.058619653045002176 0.012113160590944215 0.023554076411740531 -0.062432425894577072 0.05074710061014559 0.023390811940676715 -0.031992610957749863 -0.075760080314972139 0.029465973599710035 0.038897249176709864 -0.067153230301787853 -0.0001183193454342065 0.037597202898578652 -0.00076645800240440309 0.020904125236925895 0.01206194357820696 -0.098594923773718895 0.051694159724689173 -0.030934533751022494
leaf_weight=236.91206553458051 1.1957372891592992 4.5319812698289779 12.275859380693875 4.4523382598081325 3.2415865256043634 1.8132351719395954 3.9000585888097694 10.164366873927063 5.3780620781762991 3.4610125906765452 6.8265447282319647 3.5424514690075721 5.3062208085048042 15.558231280068865 4.282538439400013 0.92441725824028242 22.794307774340268 7.1921558349240531 5.2787766801193374 10.949222927913068 4.1776740523055187 6.4694401784181528 3.4122416917234659 2.9881794091779739 43.529855578733986 32.926269709912049 40.145862916469923 3.0445566710095582 1.5895911455154417 24.835214037899277
leaf_count=2761 270 5 62 573 22 16 12 59 181 5 59 429 61 99 285 2 120 282 50 31 8 411 7 30 389 313 226 69 1 397
internal_value=0.00793785 0.0229465 0.0390071 0.0119261 0.00471892 -0.0318526 0.00638861 0.0169177 -0.00350582 0.00604374 0.0449527 0.00575959 -0.0162038 0.00617575 0.00557684 -0.0423391 0.00613594 0.00520712 -0.0115496 0.00356057 -0.0184808 -0.0331652 -0.0460618 -0.0115663 0.00697771 0.00104673 -0.00473196 0.00594533 -0.0470432 -0.0117257
internal_weight=533.1 49.8797 20.2981 29.5816 25.0496 6.26557 483.22 18.784 8.61965 479.32 19.1024 475.859 8.84867 467.011 451.452 5.20696 446.245 423.451 40.4677 23.8179 12.8687 16.6498 8.69102 10.1803 382.983 146.071 113.145 44.78 4.63415 68.3651
internal_count=7235 1247 391 856 851 589 5988 262 203 5976 121 5971 490 5481 5382 287 5095 4975 819 96 65 723 57 312 4156 1395 1082 296 70 786
is_linear=0
shrinkage=0.05


Tree=188
num_leaves=31
num_cat=0
split_feature=0 14 13 1 13 14 6 14 0 3 1 3 0 6 3 3 13 0 1 1 14 14 14 3 14 14 1 14 1 14
split_gain=3.45179 4.50007 3.81273 6.10945 6.61812 4.46475 3.99678 4.23772 9.67393 3.86406 3.75935 3.62869 3.20083 7.16975 13.7558 6.72715 7.64148 8.49 4.28061 6.61812 8.83151 4.88367 20.2521 14.5093 4.43727 8.81534 5.61574 10.7613 7.70967 5.50798
threshold=17.745907011616051 287.50000000000006 1.5000000000000002 0.42635318636894232 3.5000000000000004 53.500000000000007 0.3000000000000001 6.5000000000000009 2.3138827358238676 0.061602564102564115 0.43452851474285131 0.091622807017543884 1.7041598196692755 0.55000000000000016 0.14316666666666669 0.044907407407407417 4.5000000000000009 4.4418648866531294 0.20449486374855044 0.19552563130855563 52.500000000000007 21.500000000000004 31.500000000000004 0.029100529100529109 9.5000000000000018 8.5000000000000018 0.12385080382227899 3.5000000000000004 0.1479025483131409 5.5000000000000009
decision_type=2 2 2 2 2 2 2 2 2 2 2 2 2 2 2 2 2 2 2 2 2 2 2 2 2 2 2 2 2 2
left_child=1 2 6 12 5 10 7 -1 9 -9 -5 -11 18 14 15 16 17 -14 19 21 -21 24 -23 -24 25 26 29 28 -28 -4
right_child=-2 -3 3 4 -6 -7 -8 8 -10 11 -12 -13 13 -15 -16 -17 -18 -19 -20 20 -22 22 23 -25 -26 -27 27 -29 -30 -31
leaf_value=0.02992965494310551 0.023881441116309701 -0.056112905522211681 0.0024090867854243067 0.044927821960461016 -0.069061833526764191 0.043239101489536552 -0.053483112072005047 -0.06300479147880704 0.01888316705315924 0.029712558771239114 -0.10045904044426837 -0.056186350102449503 -0.088234946955502144 0.034327704789003273 -0.065306900727432296 0.010776306341617267 -0.092752203896046839 0.015963805779842542 0.017489481150322051 -0.085917881744673838 0.051317218303417893 -0.096932008944538406 -0.10733392968208373 0.016406167983964572 0.019044399489039538 -0.087838256781838472 -0.075710515667633246 -0.074777603007069718 0.013645012327334472 0.029046545840483287
leaf_weight=39.353991546129691 30.703897389059421 2.8435151660814872 57.769528569956492 0.67203515957225857 5.7403486065522884 3.3715336805180414 2.0296717245455502 5.5653361523145559 43.515518270403845 3.2200055596331367 1.3140207968535831 1.9888393104974964 2.5517298783379365 10.687230685553002 9.5277248795136966 38.794389293201675 3.562201349035603 8.3579537447803869 87.04682906636117 4.2415749030187717 1.620086232665926 5.7652940887855939 2.5974997714802184 26.92998187766807 69.748397648187165 2.605362225942371 2.7803470253884432 5.8486643558499045 18.319443878100174 29.22349304133968
leaf_count=229 193 32 984 10 304 40 398 195 208 52 113 218 64 188 408 387 69 69 1290 100 2 80 25 210 410 95 118 358 151 235
internal_value=0.00761123 0.00660727 0.00696775 0.00481862 -0.0317599 0.00820703 0.0159323 0.0174368 0.00838091 -0.0340364 -0.0512635 -0.00308533 0.00586493 -0.00353052 -0.0099738 -7.63861e-05 -0.0291689 -0.00840785 0.00806015 0.00445147 -0.0479879 0.00583865 -0.0112154 0.00552089 0.00906946 0.00309988 0.00517925 -0.0147645 0.00187052 0.0113574
internal_weight=528.296 497.593 494.749 399.076 11.0979 5.35759 95.6734 93.6437 54.2897 10.7742 1.98606 5.20884 387.978 73.4812 62.794 53.2663 14.4719 10.9097 314.497 227.45 5.86166 221.588 35.2928 29.5275 186.295 116.547 113.941 26.9485 21.0998 86.993
internal_count=7235 7042 7010 5710 467 163 1300 902 673 465 123 270 5243 1185 997 589 202 133 4058 2768 102 2666 315 235 2351 1941 1846 627 269 1219
is_linear=0
shrinkage=0.05


Tree=189
num_leaves=31
num_cat=0
split_feature=0 14 14 14 0 11 13 14 10 14 1 13 6 14 0 11 1 1 1 0 6 0 1 11 1 14 14 14 14 1
split_gain=3.16908 4.07777 3.7073 4.48319 3.50765 6.12405 2.88014 8.77956 5.6238 4.47125 3.6953 5.67011 3.67754 4.43431 7.94973 4.83163 3.49563 10.0316 6.30477 3.9838 11.3492 11.9898 6.37248 6.2253 3.58018 5.3167 3.5083 7.80053 14.0934 5.63888
threshold=17.745907011616051 287.50000000000006 120.50000000000001 109.50000000000001 12.047432663614151 0.15849282296650721 1.5000000000000002 86.500000000000014 0.12500000000000003 99.500000000000014 0.42635318636894232 3.5000000000000004 0.3000000000000001 6.5000000000000009 2.3138827358238676 0.041241496598639467 0.28510612249374395 0.27719601988792425 0.28681518137454992 1.6533454149296289 0.55000000000000016 10.877848490814401 0.09300390258431436 0.22902097902097904 0.31191062927246099 26.500000000000004 69.500000000000014 23.500000000000004 31.500000000000004 0.12385080382227899
decision_type=2 2 2 2 2 2 2 2 2 2 2 2 2 2 2 2 2 2 2 2 2 2 2 2 2 2 2 2 2 2
left_child=1 2 3 4 6 -6 12 10 -9 -10 16 -12 13 -1 15 -15 17 19 -18 26 21 23 -22 -21 25 -20 27 -8 -29 -30
right_child=-2 -3 -4 -5 5 -7 7 8 9 -11 11 -13 -14 14 -16 -17 18 -19 24 20 22 -23 -24 -25 -26 -27 -28 28 29 -31
leaf_value=0.028864953643484816 0.023013065430731422 -0.053414225421783784 0.027823885448675742 -0.084986829184813484 -0.049518367343388416 0.049653893152140416 0.0084411443025560005 0.0058358407822629681 -0.21572122856046125 -0.065953242456907799 0.016389965125217752 -0.064454446303832791 -0.053336003510259272 -0.062196964367158582 0.017220769816662967 0.0078424748264434383 0.050305303598106157 -0.086443240162775159 -0.062309927302014692 -0.068777655499446685 0.049837579242579012 0.043616903387710376 -0.060461573896938958 0.020597181046858284 0.014370117160217822 0.028465848438377711 0.035056418442517272 -0.093808906319481314 -0.023350352629315119 0.033149177943713339
leaf_weight=38.845337223334354 30.280387752587558 2.8379699682991477 19.913536028832823 1.355975542028317 6.4831123136755178 2.0485594085184857 230.33967003018097 1.2993568551974015 0.840720792730281 1.2237174457841318 4.0703134202176425 4.6427383154768904 1.927703476147143 5.9366332261633925 34.403735871717799 4.2074800668888201 11.511439853049522 3.0378001210629 3.9031580714508882 12.849573292722203 7.9546315908446541 3.8473695924039921 1.5675465873828214 2.2965905088931313 47.483254485310681 2.7491466683823091 10.547297764411267 5.2665636489327907 11.214624773183461 7.2847740360966773
leaf_count=228 193 32 114 28 113 4 3015 18 29 34 141 269 396 308 168 150 20 69 130 546 45 33 128 9 667 35 30 100 116 67
internal_value=0.00731363 0.00634719 0.00669399 0.00579708 0.00606024 -0.0257059 0.00665037 0.00475897 -0.0756546 -0.126945 0.00548892 -0.0266879 0.0149397 0.0165179 0.00575146 -0.0331467 0.0062637 0.00395017 0.0167026 0.00488682 -0.0128696 -0.0352041 0.0316801 -0.0552259 0.00955733 -0.0247957 0.00680003 0.00562718 -0.0216457 -0.00110172
internal_weight=522.171 491.89 489.052 469.139 467.783 8.53167 459.251 373.93 3.3638 2.06444 370.566 8.71305 85.3209 83.3932 44.5478 10.1441 361.853 296.206 65.647 293.169 28.5157 18.9935 9.52218 15.1462 54.1356 6.6523 264.653 254.106 23.766 18.4994
internal_count=7235 7042 7010 6896 6868 117 6751 5501 81 63 5420 410 1250 854 626 458 5010 4158 852 4089 761 588 173 555 832 165 3328 3298 283 183
is_linear=0
shrinkage=0.05


Tree=190
num_leaves=31
num_cat=0
split_feature=2 1 1 1 1 1 11 13 3 1 1 12 14 13 13 14 1 12 14 0 14 7 1 1 11 12 1 1 1 1
split_gain=3.35568 4.09413 15.297 7.46194 7.16614 9.03045 6.17736 5.37513 4.32366 3.61045 5.44724 4.18238 4.16821 3.68969 5.15508 9.41061 8.56581 5.21161 4.86268 6.78977 7.17682 4.45142 3.9786 5.4708 3.96211 3.54362 9.76037 6.88304 6.24704 5.66399
threshold=2.2500000000000004 0.15261668711900714 0.16820258647203448 0.14524205029010775 0.16938359290361407 0.17729674279689792 0.049891774891774911 4.5000000000000009 1.0000000180025095e-35 0.18085987120866778 0.18771057575941089 4.6853219471441836 10.500000000000002 27.000000000000004 6.5000000000000009 39.500000000000007 0.18878214061260226 0.72307810995979738 12.500000000000002 0.41293818537966354 2.5000000000000004 1.0000000180025095e-35 0.43019366264343267 0.39564791321754461 0.035973084886128374 2.1576065010327148 0.088539652526378645 0.12490386515855791 0.12175370380282403 0.11497527733445169
decision_type=2 2 2 2 2 2 2 2 2 2 2 2 2 2 2 2 2 2 2 2 2 2 2 2 2 2 2 2 2 2
left_child=1 3 -3 8 -4 -6 7 -5 -1 12 11 -11 -7 14 21 16 -16 -17 19 20 -18 22 23 -12 -23 27 -27 28 29 -10
right_child=-2 2 4 6 5 9 -8 -9 25 10 13 -13 -14 -15 15 17 18 -19 -20 -21 -22 24 -24 -25 -26 26 -28 -29 -30 -31
leaf_value=0.014287077254495554 0.02332457017330011 -0.084737822085459491 0.050595126103672186 0.03346647234100944 -0.077493862358018681 -0.011331429508287326 0.050568666598068052 -0.072290370011195773 0.0037572319757733885 -0.07753557106422429 0.0061876099200313351 0.045741883438913347 0.057169017117783966 0.022018814881888948 0.036207428109380636 0.039120747615533975 -0.0093880135700341663 -0.017833813191055429 -0.074646162445485859 0.0095222044544520587 -0.088658218411650502 -0.060599785172341769 0.031540290135116444 -0.065547801246705853 -0.0030231168405390244 -0.079813324299872965 0.01951371938469371 -0.048669010338110406 0.044399440242495571 -0.078608187241622662
leaf_weight=101.45086662354151 25.429432431585155 5.268019253102465 7.1879960378755632 2.7235566405106537 3.7108093808838012 3.5621125247562286 17.238253584087943 2.1498531422403175 128.47064548408889 3.678788302546308 80.150409296872567 0.846286096399126 5.8975257102720207 18.799749837548006 4.0518997488543418 9.5814578421413916 5.311947375070309 6.9155896059237412 7.9298149144160552 7.3582518615294239 6.1739618107676506 4.540173850442442 15.324676951191575 2.7489652470321735 8.7395845812225144 4.7321361424346815 5.1812916575545387 6.1756763758403386 9.5069064340059395 2.1217126248848208
leaf_count=532 113 335 26 82 171 48 38 32 1410 115 1859 7 18 95 5 10 21 45 98 32 44 371 243 114 328 396 303 280 30 76
internal_value=0.00561733 0.00469372 -0.000622905 0.00864252 0.00156523 -0.000239108 0.0365169 -0.013187 0.00625022 0.00125703 -0.000307052 -0.05448 0.0313746 0.00107302 -0.00140626 -0.0152335 -0.0315448 0.0152453 -0.0417982 -0.0279755 -0.0519977 0.0044621 0.00813544 0.00380884 -0.0227078 0.00102995 -0.0278997 0.00299058 0.00526777 0.00241905
internal_weight=512.958 487.529 207.778 279.751 202.51 195.322 22.1117 4.87341 257.639 191.611 182.152 4.52507 9.45964 177.626 158.827 47.3229 30.8259 16.497 26.774 18.8442 11.4859 111.504 98.2241 82.8994 13.2798 156.188 9.91343 146.275 140.099 130.592
internal_count=7277 7164 3985 3179 3650 3624 152 114 3027 3453 3387 122 66 3265 3170 255 200 55 195 97 65 2915 2216 1973 699 2495 699 1796 1516 1486
is_linear=0
shrinkage=0.05


Tree=191
num_leaves=31
num_cat=0
split_feature=3 3 3 2 3 12 12 1 12 3 1 3 11 1 1 1 1 3 1 13 0 12 12 2 1 3 13 3 2 1
split_gain=3.26228 4.08899 5.41181 9.84996 9.23 12.5466 6.28757 5.44299 10.4512 5.0927 7.22671 5.4989 4.86099 4.84746 4.83057 9.09781 4.76361 7.02799 4.68253 5.70688 4.66362 4.47737 4.40449 4.22704 3.82651 12.8456 3.65059 3.56735 4.7659 3.25952
threshold=1.0950000000000004 0.55000000000000016 0.16461352657004835 1.0000000180025095e-35 0.31527777777777782 2.5839279248542426 2.8186305780363132 0.098070491105318083 0.93778201029957164 0.11972222222222224 1.0000000180025095e-35 1.0000000180025095e-35 0.060751748251748269 0.14208731055259707 0.15261668711900714 0.18771057575941089 0.090475406497716918 0.42314102564102568 0.32681663334369665 1.5000000000000002 5.7365156710377851 0.67537489432124598 3.1879342431761795 2.2500000000000004 0.14524205029010775 0.81928571428571451 3.5000000000000004 0.29745238095238108 2.2500000000000004 0.16820258647203448
decision_type=2 2 2 2 2 2 2 2 2 2 2 2 2 2 2 2 2 2 2 2 2 2 2 2 2 2 2 2 2 2
left_child=1 2 9 4 5 -4 -7 16 29 11 -11 18 13 -12 24 -16 17 -6 -1 -20 -15 -22 23 -13 25 -3 -10 -5 -29 -9
right_child=-2 14 3 27 7 6 -8 8 26 10 12 22 -14 20 15 -17 -18 -19 19 -21 21 -23 -24 -25 -26 -27 -28 28 -30 -31
leaf_value=0.012650696687527828 -0.019951016603368482 -0.069078742975922328 -0.07340177974804514 0.028823185066706621 0.042490495789398078 0.044373140249807215 -0.058689334132324023 -0.083069497531783568 -0.05296231726281278 0.056030684141795517 -0.0619736508709888 -0.0043300215892558089 0.02991123190017031 0.016266732234105331 -0.076907655828393442 0.011483710706841741 0.04508703643109465 -0.058583780422397327 0.022021709872217743 -0.093168309060308804 0.051017041478117232 -0.071194994334540018 -0.059387007459604714 0.031784431812180408 0.04914970418028472 0.033548124409546194 0.019325050556846218 -0.06699252504988977 0.024254868448561784 -0.031617238121476009
leaf_weight=135.80507732608385 12.388678965401594 3.6634246096873566 13.342878899604331 20.601550532221157 3.2475156525324556 4.4959320740254034 2.2059721076411734 4.6484185596636989 1.9937392778847449 11.516405093219872 3.0614303258844329 115.28655126917511 20.242185658229573 17.88624770063689 3.1439633946647509 39.303842199604333 8.3579333556335751 3.6560434544835516 1.9913799700443622 2.3372534883674234 0.97976779937744041 3.1878962266200688 3.410739913219003 8.7149018095806223 14.97834608107223 18.183180135411021 14.086176379354582 2.5362166329359743 3.2838927521370351 9.1118816446141846
leaf_count=780 297 239 672 121 22 31 243 92 311 46 183 1467 148 376 138 615 44 311 24 39 1 83 382 23 30 122 198 125 13 101
internal_value=0.0053917 0.00602564 0.00404236 -0.00669215 -0.0171357 -0.0453664 0.0104495 -0.00458903 -0.017011 0.0070722 0.0206595 0.00418386 0.0116786 -0.00301627 0.016433 0.00493687 0.0196991 -0.0110372 0.0110189 -0.0401753 0.00516794 -0.0424644 -0.00333366 -0.00179187 0.0296844 0.0163388 0.0103622 0.019058 -0.0155078 -0.0489985
internal_weight=507.649 495.261 415.988 91.5682 65.1465 20.0448 6.7019 45.1017 29.8402 324.42 56.8739 267.546 45.3575 25.1153 79.2728 42.4478 15.2615 6.90356 140.134 4.32863 22.0539 4.16766 127.412 124.001 36.825 21.8466 16.0799 26.4217 5.82011 13.7603
internal_count=7277 6980 5836 2284 2025 946 274 1079 702 3552 837 2715 791 643 1144 753 377 333 843 63 460 84 1872 1490 391 361 509 259 138 193
is_linear=0
shrinkage=0.05


Tree=192
num_leaves=31
num_cat=0
split_feature=3 3 14 3 2 3 12 12 1 12 14 3 12 13 3 1 1 3 1 1 1 13 12 1 14 12 1 1 2 14
split_gain=2.95205 3.76935 5.20179 4.94166 9.12184 8.75728 11.8127 5.90925 5.03203 9.5759 4.75261 4.72513 6.79149 7.65039 4.99277 4.61473 4.4428 6.61181 4.43097 5.36341 4.29288 5.3424 4.17979 4.1425 7.33482 7.11639 4.01264 9.02277 3.89375 3.81182
threshold=1.0950000000000004 0.55000000000000016 3.5000000000000004 0.16461352657004835 1.0000000180025095e-35 0.31527777777777782 2.5839279248542426 2.8186305780363132 0.098070491105318083 0.93778201029957164 2.5000000000000004 0.11972222222222224 1.0515018445150426 3.5000000000000004 1.0000000180025095e-35 0.10410118848085405 0.090475406497716918 0.42314102564102568 0.15261668711900714 0.18771057575941089 0.32681663334369665 1.5000000000000002 3.1879342431761795 1.0000000180025095e-35 17.500000000000004 1.0398722639508 0.15140540152788165 0.11497527733445169 2.2500000000000004 59.500000000000007
decision_type=2 2 2 2 2 2 2 2 2 2 2 2 2 2 2 2 2 2 2 2 2 2 2 2 2 2 2 2 2 2
left_child=1 3 -3 11 5 6 -5 -8 16 -10 -6 14 23 -14 20 -4 17 -7 26 -20 -1 -22 28 -13 25 -25 27 -17 29 -16
right_child=-2 2 15 4 10 8 7 -9 9 -11 -12 12 13 -15 22 18 -18 -19 19 -21 21 -23 -24 24 -26 -27 -28 -29 -30 -31
leaf_value=0.012082127447218443 -0.01888342091706123 0.033381150423889935 -0.063794046794834455 -0.072610714249135802 -0.063522091062946359 0.041632796210288453 0.043642446172857376 -0.058315208264783605 -0.047244345204640027 0.0099826007382404266 0.024082434114424907 0.058802023323559799 0.010328078529047043 -0.073201674073804401 -0.0095463445260584 0.041406275343264472 0.044249252232382373 -0.058212666120495041 -0.076303973243538145 0.0049148452504813632 0.021125130213860165 -0.091431253954751379 -0.059024080500711486 -0.063809651630227254 0.04006149573662534 0.031773751146615993 0.059940602347053007 -0.081177490149876588 0.030934185098724379 0.011069898245717781
leaf_weight=135.10445396934665 12.43345693827723 27.461797084059071 2.2408508933949625 12.826925350134845 1.6538358107718547 3.1511721402348476 4.3464711018141307 2.1115083581153158 13.566443663596148 15.851064609918465 24.232068050503585 10.853457321485619 16.748822805171589 3.2776390631788663 84.990792804752346 5.3895158567902381 8.0970476962102094 3.4993472729624955 2.1719545333617125 31.698032557627812 1.9725946400722012 2.2644357946701348 3.2638428419013499 4.0968133486603646 17.191989689825277 3.7114414861425757 7.0054624440381303 2.080619780559573 8.5119552733376604 30.455111604482227
leaf_count=780 297 175 141 672 86 22 31 243 193 509 173 14 344 241 1338 30 44 311 114 573 24 39 382 142 88 8 5 106 23 129
internal_value=0.0051764 0.00578712 0.0158618 0.00387757 -0.00652852 -0.0167336 -0.0448441 0.0103063 -0.00445893 -0.0164087 0.0184854 0.00676068 0.0199804 -0.00334285 0.00398941 0.00635113 0.0193777 -0.0109035 0.00960241 -0.000293411 0.010528 -0.0390294 -0.00317203 0.0330078 0.0218097 -0.0183767 0.0327566 0.00726363 -0.00170143 -0.00410769
internal_weight=502.261 489.827 78.0482 411.779 89.3359 63.45 19.2849 6.45798 44.1651 29.4175 25.8859 322.443 55.8802 20.0265 266.563 50.5864 14.7476 6.65052 48.3456 33.87 139.341 4.23703 127.222 35.8537 25.0002 7.80825 14.4756 7.47014 123.958 115.446
internal_count=7277 6980 1144 5836 2284 2025 946 274 1079 702 259 3552 837 585 2715 969 377 333 828 687 843 63 1872 252 238 150 141 136 1490 1467
is_linear=0
shrinkage=0.05


Tree=193
num_leaves=31
num_cat=0
split_feature=2 10 2 2 12 6 11 11 12 13 10 12 12 12 14 11 14 13 6 5 12 14 14 11 14 12 13 14 12 13
split_gain=2.60798 2.47565 16.7391 4.58224 6.34842 5.09939 4.0383 7.51687 4.08183 6.20377 3.62784 2.94986 3.41547 7.26518 3.4182 5.71136 6.88972 6.4392 10.1199 5.78186 5.13232 4.86357 8.55565 5.02858 4.54392 6.69143 5.94131 4.14406 3.63954 3.59139
threshold=2.2500000000000004 1.0000000180025095e-35 1.0000000180025095e-35 1.0000000180025095e-35 2.8570268642970738 0.3000000000000001 0.072004608294930897 0.041885964912280714 2.0667505158011652 2.5000000000000004 0.22500000000000003 3.4654884253890437 3.4514933084675818 2.6953068189747609 5.5000000000000009 0.049891774891774911 3.5000000000000004 2.5000000000000004 0.55000000000000016 0.40000000000000008 1.6289067424297814 13.500000000000002 9.5000000000000018 0.061672850958565235 16.500000000000004 2.4389623656900037 17.000000000000004 63.500000000000007 0.88079119342587353 46.000000000000007
decision_type=2 2 2 2 2 2 2 2 2 2 2 2 2 2 2 2 2 2 2 2 2 2 2 2 2 2 2 2 2 2
left_child=1 2 11 4 5 6 7 8 9 -3 -10 12 13 14 15 16 17 -1 -19 -18 -16 22 -22 24 -23 26 -26 -25 29 -20
right_child=-2 3 -4 -5 -6 -7 -8 -9 10 -11 -12 -13 -14 -15 20 -17 19 18 28 -21 21 23 -24 27 25 -27 -28 -29 -30 -31
leaf_value=0.032421027526422189 0.020979132304472778 -0.066550750563929256 -0.053479000892168373 0.016792396166829499 -0.058242412486903962 -0.060894416492466977 0.017546395094542297 -0.063670546616215726 0.022791427358703698 -0.0038105535770938032 -0.05469967209225788 -0.031796017675082014 0.034738356528065888 -0.058640656613506585 0.018951298845148363 0.02857937769710462 -0.076576898829069498 -0.076864674877687958 -0.013738725696480625 0.0021718981025211958 0.0033156799488946627 0.048519369533457438 -0.073578991297179611 -0.084471029623383306 -0.069344672309081701 0.041530282103701792 0.050717948524049795 0.026811922700566648 0.024915437760569068 0.025946619414243123
leaf_weight=13.928762444143102 24.202472026925534 4.1405989071918148 11.024791577459835 31.538869397969393 5.2428245433557086 3.6077593991794847 24.908433090402468 5.1563334154707254 20.730398993182465 81.355980390057084 1.6290617574841224 4.2966996828035908 13.237726633984492 3.9439314430901495 126.96419207907456 16.897830153397081 5.5104517052022839 4.5718283538881215 31.837866694753757 4.039601007818419 10.646225098826109 9.1745425164117531 5.4791833757044506 2.1866439179248114 4.0057545746967644 5.0743718323064968 1.3872439861297605 1.3549788817763326 11.961657444804585 6.9443415491841725
leaf_count=262 113 277 376 343 703 230 339 209 144 922 169 325 41 516 678 211 226 101 241 65 183 19 77 56 83 15 2 3 326 22
internal_value=0.0049706 0.00415109 0.00696658 -0.000498526 -0.00421407 -0.00221263 -0.000677624 -0.00469428 -0.00187477 -0.00684906 0.0171456 0.00931767 0.0099505 0.00871649 0.00973056 0.00220188 -0.00345489 0.00203588 -0.00561525 -0.0432667 0.0140634 -0.00172399 -0.022812 0.0129439 0.022832 0.000317226 -0.0384609 -0.0418956 0.000804046 -0.00663267
internal_weight=496.981 472.779 294.469 178.31 146.771 141.529 137.921 113.012 107.856 85.4966 22.3595 283.444 279.147 265.909 261.965 95.6923 78.7945 69.2445 55.3157 9.55005 166.273 39.3089 16.1254 23.1835 19.6419 10.4674 5.393 3.54162 50.7439 38.7822
internal_count=7277 7164 3828 3336 2993 2290 2060 1721 1512 1199 313 3452 3127 3086 2570 1454 1243 952 690 291 1116 438 260 178 119 100 85 59 589 263
is_linear=0
shrinkage=0.05


Tree=194
num_leaves=31
num_cat=0
split_feature=3 3 1 1 1 1 1 1 1 11 13 1 11 1 1 13 13 3 6 3 13 12 0 1 1 0 1 1 3 3
split_gain=2.41934 3.29742 3.18978 6.58762 2.2786 13.891 6.62129 7.90063 6.54482 4.78378 4.37403 3.69662 8.12568 4.15696 13.0212 12.0623 5.27462 5.15608 4.80576 4.92902 3.61507 5.38775 9.24913 3.36098 3.97977 4.07522 3.78234 4.43243 3.85447 3.7219
threshold=1.0950000000000004 0.90261951667980056 0.080549564212560668 0.078742533922195448 0.15261668711900714 0.16820258647203448 0.16938359290361407 0.17729674279689792 0.14524205029010775 0.049891774891774911 4.5000000000000009 0.11497527733445169 0.041241496598639467 0.097205407917499556 0.020389707759022716 4.5000000000000009 9.0000000000000018 0.089907407407407422 1.0000000180025095e-35 0.054545454545454557 46.000000000000007 1.6725182684501305 0.23244534983238171 0.18085987120866778 0.43019366264343267 20.295735126050783 0.44125390052795416 0.46283394098281866 0.38025229357798168 0.065526315789473696
decision_type=2 2 2 2 2 2 2 2 2 2 2 2 2 2 2 2 2 2 2 2 2 2 2 2 2 2 2 2 2 2
left_child=1 4 3 -2 8 -6 -7 -8 11 10 -10 13 -13 14 18 17 -15 -16 19 -1 21 22 -21 29 -25 26 -26 -28 -29 -9
right_child=2 -3 -4 -5 5 6 7 23 9 -11 -12 12 -14 16 15 -17 -18 -19 -20 20 -22 -23 -24 24 25 -27 27 28 -30 -31
leaf_value=0.010345444001117055 -0.032443525944115682 0.027566681273296801 -0.069960530219467021 0.053481366119667965 -0.084281882414076359 0.050361577138531899 -0.076199203485034839 0.056320525523171461 0.031895806033554401 0.048209181673545806 -0.068679925545819129 -0.062431842200081578 0.011447308690241662 -0.055710658817322539 -0.071043858505471152 -0.07179751935133051 0.034758282452635868 0.029039419696735291 0.033186970326555078 -0.015095662507229364 0.02510042195411883 0.011693451883289666 -0.10211880253431015 -0.0026955175346640454 0.046485899827724941 -0.062217783258399995 -0.072233788166581853 0.020573870492043237 -0.065044870006593369 -0.0095996824585174185
leaf_weight=129.51498011848889 6.9655625748209768 16.123101468328969 2.3106719566603706 3.2815179480239749 4.7003734890095066 7.0234710322256424 3.2629215978722632 5.7581287100038008 2.5538475129287699 15.594020218719379 1.8744758801622081 6.2167819434016556 9.2738200113271869 1.7493413740976418 1.5961727224348576 10.146026858330515 20.393131669261493 6.6411364356981721 18.27335657473941 11.929980596230971 5.3500296846032134 8.5958917561765684 4.1035644876101278 150.97264526122308 9.5386611997455457 1.5799040590645734 1.5635248585022079 20.061376963287334 1.4066912716771174 3.4089120425196597
leaf_count=687 100 147 194 3 306 24 155 14 77 36 31 401 135 239 101 212 36 434 202 136 5 140 53 2751 37 18 91 396 68 48
internal_value=0.00477093 0.00533866 -0.0168934 -0.004927 0.00456475 0.000702274 0.00265488 0.000958796 0.00774955 0.0351853 -0.0106771 0.00539983 -0.0182023 0.00707469 0.00475646 -0.0353039 0.0276109 0.00964593 0.00889919 0.00611652 -0.0121529 -0.0202451 -0.037368 0.00225459 0.000791196 0.0162054 0.0200095 0.00904422 0.0149637 0.031807
internal_weight=491.764 479.206 12.5578 10.2471 463.083 209.277 204.576 197.553 253.807 20.0223 4.42832 233.784 15.4906 218.294 196.151 18.3833 22.1425 8.23731 177.768 159.494 29.9795 24.6294 16.0335 194.29 185.123 34.1502 32.5703 23.0316 21.4681 9.16704
internal_count=7277 6980 297 103 6833 3908 3602 3578 2925 144 108 2781 536 2245 1970 747 275 535 1223 1021 334 329 189 3423 3361 610 592 555 464 62
is_linear=0
shrinkage=0.05


Tree=195
num_leaves=31
num_cat=0
split_feature=10 12 12 12 7 2 2 11 11 11 11 14 0 14 14 14 14 14 11 14 0 10 14 0 14 14 0 10 12 14
split_gain=4.83274 5.7382 6.04502 6.62725 3.82547 3.57799 7.59557 5.25054 3.28675 3.31843 3.16531 4.9113 3.13522 2.97855 9.18888 3.85895 14.3432 5.00655 4.9353 4.6581 4.46314 6.48934 4.04685 5.68334 3.57078 3.89598 3.22284 6.06003 3.09699 4.23559
threshold=1.0000000180025095e-35 3.4654884253890437 3.3370315807935782 2.6953068189747609 0.40000000000000008 1.0000000180025095e-35 2.2500000000000004 0.049891774891774911 0.12361111111111114 0.09910714285714288 0.24662162162162168 63.500000000000007 0.055558731237459011 86.500000000000014 120.50000000000001 29.500000000000004 21.500000000000004 18.500000000000004 0.015038444142921758 60.500000000000007 2.7087705369925517 0.22500000000000003 6.5000000000000009 1.0000000180025095e-35 87.500000000000014 98.500000000000014 6.7532546035884673 0.12500000000000003 2.8186305780363132 16.500000000000004
decision_type=2 2 2 2 2 2 2 2 2 2 2 2 2 2 2 2 2 2 2 2 2 2 2 2 2 2 2 2 2 2
left_child=1 2 3 5 13 8 7 -7 9 -1 11 -10 -4 15 24 16 17 20 -17 -20 21 22 23 -2 -15 -26 -22 -28 29 -24
right_child=4 -3 12 -5 -6 6 -8 -9 10 -11 -12 -13 -14 14 -16 18 -18 -19 19 -21 26 -23 28 -25 25 -27 27 -29 -30 -31
leaf_value=0.01214147921105934 0.010517911834628232 -0.04658765148355002 0.048012288946765014 -0.057892240781728221 0.03155594749646274 -0.068628931184575734 0.026990035123318126 0.0020151109466344007 -0.07108232186743231 0.031665840189101173 0.013534063215084277 0.051095596744082622 -0.001754462415630527 -0.011854893490775479 -0.001697889900276928 0.022695033462945744 -0.071974740179198402 0.031320073730386436 0.00037921063238241867 -0.077473293612077873 0.024376445411705378 0.020604091148947096 -0.051726263773283689 -0.06110050213369167 -0.20280468954262651 -0.074750469165017527 0.022686969639112042 -0.064237203560808823 0.0053938429539527703 0.010114484872796276
leaf_weight=232.22769364730539 15.001472809461122 4.1715682219091823 16.72513398267802 3.4913879567666291 10.009379501352667 5.9474488487539929 8.0338638041866943 4.7157342700447771 3.7682332434087566 24.013376401308051 4.6106770832557231 1.0522024631500242 3.9032414266093829 0.99043790344149174 14.03298536749571 38.061714688181382 7.1807986375024475 12.124916478664089 15.885800365445904 2.1856921747057632 19.512194881579493 12.398296626681256 17.137706842215273 3.3974453474475004 0.9647972841485174 1.5453977070283142 4.9080586678610398 3.3900127588203759 4.2025496978385481 3.3024508861417408
leaf_count=2191 346 409 102 462 83 185 40 59 177 140 43 1 56 5 107 379 382 184 334 78 215 193 478 156 30 35 41 157 104 46
internal_value=0.00786375 0.0116617 0.0124494 0.0105758 0.00148739 0.0114164 -0.00972507 -0.037387 0.0129043 0.0139712 -0.0160841 -0.0444134 0.0385956 -0.000220489 -0.0197764 0.00194026 -0.00382821 0.00130255 0.0124793 -0.00903681 -0.00306934 -0.0112689 -0.02045 -0.00270676 -0.0922479 -0.123968 0.0132765 -0.0128242 -0.0336976 -0.0417349
internal_weight=498.893 312.661 308.489 287.861 186.232 284.369 18.697 10.6632 265.672 256.241 9.43111 4.82044 20.6284 176.223 17.5336 158.689 102.556 95.3751 56.1332 18.0715 83.2502 55.4399 43.0416 18.3989 3.50063 2.51019 27.8103 8.29807 24.6427 20.4402
internal_count=7218 3865 3456 3298 3353 2836 284 244 2552 2331 221 178 158 3270 177 3093 2302 1920 791 412 1736 1323 1130 502 70 65 413 198 628 524
is_linear=0
shrinkage=0.05


Tree=196
num_leaves=31
num_cat=0
split_feature=10 3 1 12 12 12 1 1 1 1 3 6 1 1 3 1 1 13 0 3 1 12 1 1 1 0 3 0 7 1
split_gain=4.38597 6.48887 5.70749 5.24265 5.6119 6.19277 3.47808 9.69351 7.48147 5.19008 7.19585 6.85102 4.68929 5.07772 3.93988 6.20457 7.22182 6.9639 5.06442 4.81842 3.41371 3.34281 5.18834 3.33724 4.88648 3.3003 4.41912 5.08713 3.2852 9.11737
threshold=1.0000000180025095e-35 0.74388888888888915 0.49758999049663549 3.4654884253890437 3.3370315807935782 2.6953068189747609 0.015745282173156742 0.12175370380282403 0.098070491105318083 0.078742533922195448 0.029100529100529109 0.80000000000000016 0.12490386515855791 0.14315017312765124 0.20361015785861364 0.20226479321718219 0.33515408635139471 3.5000000000000004 17.216839764902968 0.73083916083916112 0.43452851474285131 1.92779571893571 0.20345768332481387 0.27719601988792425 0.27530562877655035 1.0005857905995132 0.25555555555555559 13.490109295819193 1.0000000180025095e-35 0.28510612249374395
decision_type=2 2 2 2 2 2 2 2 2 2 2 2 2 2 2 2 2 2 2 2 2 2 2 2 2 2 2 2 2 2
left_child=3 2 20 4 5 6 -1 8 9 10 -8 -11 -9 -14 15 18 21 -18 -15 25 28 -17 -23 24 -21 -16 -27 -28 -2 -30
right_child=1 -3 -4 -5 -6 -7 7 12 -10 11 -12 -13 13 14 19 16 17 -19 -20 23 -22 22 -24 -25 -26 26 27 -29 29 -31
leaf_value=0.01842432906678312 -0.0071679584938724008 0.028360448512720196 0.025230026616195902 -0.044890102761002582 0.037359805089376051 -0.057560799609207895 0.027157904683279402 0.04881150460453048 -0.073946853015405559 -0.070346478823403572 -0.066510714279608404 0.023966637622876711 -0.061131928670561768 -0.063260015288603463 0.027375457477811435 0.020102509074963391 0.011219977103800188 -0.072510161277965265 0.051222435779364764 -0.031114374000976715 -0.060337037931256866 0.036695639446706958 -0.064398751324187695 -0.087324964150823331 0.052915466445590358 0.049480913469536661 -0.060744213035167152 0.034591844880327162 -0.071225081918981789 0.026560309238822806
leaf_weight=99.91971512100281 122.40471023499776 19.939312329948734 17.395744927458509 4.1143529291507539 20.257191317107754 3.3397520163102845 2.9990109706413985 8.1598089282997517 5.1579789245733982 2.2562112239611425 6.4820553222762101 13.137855426528404 2.4762356146147786 5.5819813857087857 59.907610380963888 41.942866824596422 4.8677650716490444 5.0695181493792916 1.168205142021179 5.1291278013686661 2.7410047345310877 2.1742481440305701 3.048811818145623 1.3741396594414252 2.6106991767883301 2.5911146306898427 4.1022076766821556 2.1236309497617185 2.7328619113523045 18.660464655087708
leaf_count=494 2285 268 294 409 158 462 32 28 213 96 336 95 179 205 380 239 37 63 1 154 182 2 66 43 1 13 153 6 127 197
internal_value=0.00754613 0.00142808 -0.00184769 0.0111751 0.0119292 0.0101256 0.0109264 0.00681816 -0.0191436 -0.00777988 -0.0368819 0.0101438 0.0119368 0.00984972 0.0110902 0.00188478 0.0072435 -0.0314951 -0.0434474 0.0186417 -0.00506211 0.0154052 -0.0223153 -0.015519 -0.00277051 0.023172 -0.00538898 -0.0282251 -0.00400849 0.0140688
internal_weight=493.866 183.874 163.935 309.992 305.878 285.621 282.281 182.361 30.0331 24.8751 9.48107 15.3941 152.328 144.168 141.692 63.8534 57.1032 9.93728 6.75019 77.8385 146.539 47.1659 5.22306 9.11397 7.73983 68.7246 8.81695 6.22584 143.798 21.3933
internal_count=7218 3353 3085 3865 3456 3298 2836 2342 772 559 368 191 1570 1542 1363 613 407 100 206 750 2791 307 68 198 155 552 172 159 2609 324
is_linear=0
shrinkage=0.05


Tree=197
num_leaves=31
num_cat=0
split_feature=10 12 12 12 5 14 14 14 13 10 14 12 14 13 14 14 10 14 12 14 12 12 0 12 14 0 14 14 10 12
split_gain=4.06291 4.8008 5.15216 5.80389 3.74778 5.44471 10.6516 7.53387 4.66733 7.021 7.76569 4.77198 4.57871 5.45495 6.35388 4.23704 4.07992 4.99101 3.44824 3.25696 7.74128 3.98465 3.61292 5.64469 3.20816 3.01741 2.85235 4.13049 2.74844 2.57283
threshold=1.0000000180025095e-35 3.4654884253890437 3.3370315807935782 2.6953068189747609 0.40000000000000008 29.500000000000004 21.500000000000004 18.500000000000004 3.5000000000000004 0.17500000000000004 8.5000000000000018 1.9638617360286046 34.500000000000007 5.5000000000000009 53.500000000000007 16.500000000000004 0.12500000000000003 11.500000000000002 1.9861552041756154 73.500000000000014 1.6154751663238869 1.6882929624056546 9.5492139769609885 2.0667505158011652 13.500000000000002 0.055558731237459011 10.500000000000002 11.500000000000002 0.52500000000000013 1.4579038476059425
decision_type=2 2 2 2 2 2 2 2 2 2 2 2 2 2 2 2 2 2 2 2 2 2 2 2 2 2 2 2 2 2
left_child=1 2 3 -1 5 6 7 8 16 11 -11 -10 -7 14 -14 26 29 -18 -13 -16 -21 -22 23 -23 -19 -4 -12 -28 -15 -2
right_child=4 -3 25 -5 -6 12 -8 -9 9 10 15 18 13 28 19 -17 17 24 -20 20 21 22 -24 -25 -26 -27 27 -29 -30 -31
leaf_value=0.010543804937336157 0.045837279738563275 -0.043202739790153405 0.045623702896886803 -0.05724100552710007 0.020150980879907437 0.033454435595207499 -0.072021934943520549 0.031263519637194329 -0.068744663984070087 0.034308161150898075 -0.11027563273112495 0.051682495480285355 -0.078810935762689494 0.0083072974217601441 0.022605941598071163 0.025738162085724742 -0.064401039080233549 0.037521677416154788 -0.037030849299438284 -0.077688726806413588 0.046948534207749026 -0.082803272982280365 -0.058371940259280108 0.025808214655904594 -0.054534417729432828 -0.0035574091844490286 -0.012056564231786082 -0.088465773191323038 0.042854257608828911 0.003916845419053093
leaf_weight=277.89074418972496 5.9813190864952075 4.0626519052011636 16.066904274501216 3.1941713153692026 23.184561906808085 14.271480197883646 6.499395309294413 11.846835954100241 10.334407384449149 7.9197328108421088 1.3775398407888122 1.5793590545654286 3.3472648080278331 30.482062013616087 7.3301673862006309 2.8331925381535248 3.9236523670770094 3.4043335008427675 3.5743836695255595 4.06728165137429 3.4885752388981919 1.4885887851123678 3.274008167325519 6.0917730245528219 1.310866699530379 3.8699099027617185 6.4652162257261789 2.4347555881759035 7.0976754294242701 9.4316998322246928
leaf_count=2836 54 409 102 462 480 153 337 150 294 77 35 1 286 76 129 28 341 55 133 129 13 33 42 65 115 56 33 92 32 170
internal_value=0.00725362 0.010787 0.0115156 0.00977352 0.00136437 -0.00136033 -0.0107055 -0.00520241 -0.0123347 -0.0235987 -0.00478436 -0.0491455 0.00775137 0.00224911 -0.0140075 -0.0283988 0.00476768 -0.0227389 -0.00984474 -0.00558055 -0.0168032 0.000462321 -0.0144783 0.0044797 0.0119293 0.0360772 -0.0433227 -0.0329597 0.0148322 0.0201849
internal_weight=488.125 305.084 301.022 281.085 183.04 159.856 78.9167 72.4173 60.5705 36.5186 21.0304 15.4882 80.9389 66.6674 29.0877 13.1107 24.0519 8.63885 5.15374 25.7404 18.4102 14.3429 10.8544 7.58036 4.7152 19.9368 10.2775 8.89997 37.5797 15.413
internal_count=7218 3865 3456 3298 3353 2873 1915 1578 1428 693 265 428 958 805 697 188 735 511 134 411 282 153 140 98 170 158 160 125 108 224
is_linear=0
shrinkage=0.05


Tree=198
num_leaves=31
num_cat=0
split_feature=10 3 14 14 14 2 3 11 11 13 14 13 10 14 12 14 10 14 12 12 12 11 14 2 14 12 12 0 0 12
split_gain=3.64647 5.61197 5.35165 9.97822 6.92626 5.07836 8.17957 4.83322 4.23793 4.17399 4.5398 4.16941 8.37564 6.14466 4.13633 4.08731 3.86858 4.6427 3.64622 3.63621 4.48279 3.2972 3.06803 3.02904 3.01266 7.25101 3.72728 3.29376 5.32089 2.97574
threshold=1.0000000180025095e-35 0.74388888888888915 29.500000000000004 21.500000000000004 18.500000000000004 1.0000000180025095e-35 0.21408902691511392 0.015038444142921758 0.12361111111111114 5.5000000000000009 32.500000000000007 3.5000000000000004 0.17500000000000004 8.5000000000000018 1.9638617360286046 53.500000000000007 0.12500000000000003 11.500000000000002 1.9861552041756154 3.4654884253890437 3.3370315807935782 0.11457528957528959 13.500000000000002 2.2500000000000004 73.500000000000014 1.6154751663238869 1.6882929624056546 9.5492139769609885 6.4448732367024153 3.1386333129076545
decision_type=2 2 2 2 2 2 2 2 2 2 2 2 2 2 2 2 2 2 2 2 2 2 2 2 2 2 2 2 2 2
left_child=5 2 3 4 11 8 7 -7 19 10 -4 16 14 -14 -13 -12 -2 -18 -16 20 21 -1 -19 -20 -17 -26 -27 28 -28 -15
right_child=1 -3 9 -5 -6 6 -8 -9 -10 -11 15 12 13 29 18 24 17 22 23 -21 -22 -23 -24 -25 25 26 27 -29 -30 -31
leaf_value=0.010848870486847453 0.019325817613206144 0.026743051174552591 0.034670401076835659 -0.070375316268708091 0.029642194298408555 -0.029632272380942931 -0.064160992527208083 0.030725560310839735 -0.020279820859567907 0.017743062882913257 -0.057003708133920729 -0.068402125231963221 0.033102246463128607 -0.029809490628241286 0.051597749982432384 0.021849597849914859 -0.063795257830679811 0.036150383058405053 -0.064357920630596602 -0.039151478366521386 0.037093775874341831 0.040047358348906797 -0.054164523573817451 0.042656969881915231 -0.07632986155223688 0.046452819522490293 -0.070915709667385682 -0.056059215782841232 0.028047024528232309 0.037885736141299066
leaf_weight=241.49983505565251 15.236691940041057 19.362993842734795 5.9313134733238249 6.4714618974503528 11.715062163664696 5.5244863886036937 5.7953200660035682 8.2994236926606373 9.8138729508609668 43.998202999238856 4.5231191785169385 10.549200926194315 7.7769675067102098 13.320970358661723 1.5047379732131947 7.238711361726021 3.8060251893111836 3.3357564380639815 2.9485883575471239 3.2821485045296859 19.181691660170145 10.071861577336675 1.3094626669844727 0.85238726437091816 3.9360450691583564 3.352964618106852 1.7864128650608089 3.2395319570205174 5.6670429017394781 1.8486641692252295
leaf_count=2682 229 268 107 371 176 96 278 68 295 121 327 312 83 203 1 126 373 69 140 281 150 15 139 2 129 13 84 42 13 25
internal_value=0.006961 0.00131658 -0.0017538 -0.0108313 -0.00563836 0.0103036 -0.0142988 0.0066046 0.0120041 0.0074379 -0.00527147 -0.0122525 -0.0223437 -0.00303392 -0.0502905 -0.0132364 0.00427718 -0.0228539 -0.0142796 0.0131602 0.0137944 0.0120179 0.0106911 -0.0403593 -0.00538711 -0.0163513 0.000456216 -0.0139668 0.00432805 -0.0215597
internal_weight=483.181 179.712 160.349 80.676 74.2045 303.469 19.6192 13.8239 283.849 79.6733 35.6751 62.4895 38.8015 22.9466 15.8549 29.7438 23.6879 8.45124 5.30571 274.036 270.753 251.572 4.64522 3.80098 25.2207 17.982 14.046 10.693 7.45346 15.1696
internal_count=7218 3353 3085 2123 1752 3865 442 164 3423 962 841 1576 766 311 455 734 810 581 143 3128 2847 2697 208 142 407 281 152 139 97 228
is_linear=0
shrinkage=0.05


Tree=199
num_leaves=31
num_cat=0
split_feature=10 3 14 14 14 2 3 11 14 14 13 14 11 13 10 14 10 14 0 14 0 14 14 14 14 13 14 14 14 14
split_gain=3.28402 5.1527 4.92986 9.4033 6.37425 4.62727 7.74273 4.42739 4.0058 5.16729 4.39389 4.28695 3.84224 3.84194 8.03825 5.60417 3.56977 4.39475 3.34822 12.9394 5.44777 5.99002 8.50649 3.96156 13.3016 3.10086 2.92639 5.24907 2.87233 2.77377
threshold=1.0000000180025095e-35 0.74388888888888915 29.500000000000004 21.500000000000004 18.500000000000004 1.0000000180025095e-35 0.21408902691511392 0.015038444142921758 34.500000000000007 39.500000000000007 5.5000000000000009 53.500000000000007 0.12361111111111114 3.5000000000000004 0.17500000000000004 8.5000000000000018 0.12500000000000003 11.500000000000002 3.5094698425901276 60.500000000000007 4.2894938075823115 10.500000000000002 46.500000000000007 22.500000000000004 16.500000000000004 7.5000000000000009 16.500000000000004 11.500000000000002 13.500000000000002 73.500000000000014
decision_type=2 2 2 2 2 2 2 2 2 2 2 2 2 2 2 2 2 2 2 2 2 2 2 2 2 2 2 2 2 2
left_child=5 2 3 4 13 12 7 -7 -4 -10 11 -11 18 16 -15 -16 -2 -18 19 23 -20 -22 -23 24 -1 -21 27 -17 -19 -13
right_child=1 -3 8 -5 -6 6 -8 -9 9 10 -12 29 -14 14 15 26 17 28 20 25 21 22 -24 -25 -26 -27 -28 -29 -30 -31
leaf_value=0.014935006328184959 0.018507475157535987 0.025825365138372403 0.031586786407633863 -0.069434658742705324 0.028675682637007385 -0.028221143665438059 -0.063659880186198933 0.029838987065799811 -0.079421205914990745 -0.081056072843342944 0.015811966304408193 0.02097332144759196 -0.019260049476813822 -0.049799946683392472 0.032074622891063755 -0.014150780133006842 -0.063378395621841194 0.035186575304545019 -0.076164776495098396 -0.058507991855080412 0.030621916033301312 -0.060843480025119683 0.008079224480452776 0.032522038886423681 -0.086855398049638946 -0.18394614492372086 0.024975801414621798 -0.094099873333504613 -0.053971188316082178 -0.015951490896618167
leaf_weight=200.06808360006744 15.118003586492707 19.056461440048224 13.843920974017236 6.2371279780145406 11.509752247435243 5.5110488309001111 5.5549803933263311 8.1232731250274792 1.8939010482336005 2.016465545764734 35.975528136477806 7.165995875786396 9.8167510237690276 15.226015623789861 7.628670419566336 9.7085318035424262 3.643618780137329 3.2577887955449114 2.2933160954707992 1.1735234155858045 12.696888006707011 6.4229880769198671 14.774557242584704 30.882404931998281 3.2617636318027499 0.84918984025716771 2.8740833468582414 2.6036026680958448 1.2499488038938578 17.521957987058158
leaf_count=2378 229 268 155 371 176 96 278 68 109 192 99 126 295 455 83 77 373 69 98 47 158 118 58 166 100 5 36 115 139 281
internal_value=0.00668491 0.00126917 -0.00170244 -0.0105133 -0.00546661 0.00985664 -0.0139019 0.00637084 0.00718025 0.00194776 0.00440636 -0.010959 0.011472 -0.0118761 -0.0216653 -0.00288902 0.00412725 -0.0225432 0.0125794 0.0147489 -0.00158332 0.0034629 -0.0128048 0.0158364 0.0133021 -0.11117 -0.0204527 -0.0310573 0.0104641 -0.00523359
internal_weight=477.96 176.531 157.475 79.0571 72.82 301.429 19.1893 13.6343 78.4178 64.5738 62.6799 26.7044 282.239 61.3103 38.0409 22.8149 23.2694 8.15136 272.423 236.235 36.1877 33.8944 21.1975 234.212 203.33 2.02271 15.1862 12.3121 4.50774 24.688
internal_count=7218 3353 3085 2123 1752 3865 442 164 962 807 698 599 3423 1576 766 311 810 581 3128 2696 432 334 176 2644 2478 52 228 192 208 407
is_linear=0
shrinkage=0.05


end of trees

feature_importances:
Column_1=1233
Column_12=958
Column_14=928
Column_0=741
Column_3=622
Column_13=484
Column_10=332
Column_11=328
Column_2=168
Column_6=80
Column_9=46
Column_7=43
Column_5=37

parameters:
[boosting: gbdt]
[objective: binary]
[metric: binary_logloss]
[tree_learner: serial]
[device_type: cpu]
[data_sample_strategy: bagging]
[data: ]
[valid: ]
[num_iterations: 200]
[learning_rate: 0.05]
[num_leaves: 31]
[num_threads: 8]
[seed: 42]
[deterministic: 0]
[force_col_wise: 0]
[force_row_wise: 0]
[histogram_pool_size: -1]
[max_depth: -1]
[min_data_in_leaf: 20]
[min_sum_hessian_in_leaf: 0.001]
[bagging_fraction: 0.8]
[pos_bagging_fraction: 1]
[neg_bagging_fraction: 1]
[bagging_freq: 5]
[bagging_seed: 400]
[bagging_by_query: 0]
[feature_fraction: 0.8]
[feature_fraction_bynode: 1]
[feature_fraction_seed: 30056]
[extra_trees: 0]
[extra_seed: 12879]
[early_stopping_round: 0]
[early_stopping_min_delta: 0]
[first_metric_only: 0]
[max_delta_step: 0]
[lambda_l1: 0]
[lambda_l2: 0]
[linear_lambda: 0]
[min_gain_to_split: 0]
[drop_rate: 0.1]
[max_drop: 50]
[skip_drop: 0.5]
[xgboost_dart_mode: 0]
[uniform_drop: 0]
[drop_seed: 17869]
[top_rate: 0.2]
[other_rate: 0.1]
[min_data_per_group: 100]
[max_cat_threshold: 32]
[cat_l2: 10]
[cat_smooth: 10]
[max_cat_to_onehot: 4]
[top_k: 20]
[monotone_constraints: ]
[monotone_constraints_method: basic]
[monotone_penalty: 0]
[feature_contri: ]
[forcedsplits_filename: ]
[refit_decay_rate: 0.9]
[cegb_tradeoff: 1]
[cegb_penalty_split: 0]
[cegb_penalty_feature_lazy: ]
[cegb_penalty_feature_coupled: ]
[path_smooth: 0]
[interaction_constraints: ]
[verbosity: -1]
[saved_feature_importance_type: 0]
[use_quantized_grad: 0]
[num_grad_quant_bins: 4]
[quant_train_renew_leaf: 0]
[stochastic_rounding: 1]
[linear_tree: 0]
[max_bin: 255]
[max_bin_by_feature: ]
[min_data_in_bin: 3]
[bin_construct_sample_cnt: 200000]
[data_random_seed: 175]
[is_enable_sparse: 1]
[enable_bundle: 1]
[use_missing: 1]
[zero_as_missing: 0]
[feature_pre_filter: 1]
[pre_partition: 0]
[two_round: 0]
[header: 0]
[label_column: ]
[weight_column: ]
[group_column: ]
[ignore_column: ]
[categorical_feature: ]
[forcedbins_filename: ]
[precise_float_parser: 0]
[parser_config_file: ]
[objective_seed: 16083]
[num_class: 1]
[is_unbalance: 0]
[scale_pos_weight: 50.1469]
[sigmoid: 1]
[boost_from_average: 1]
[reg_sqrt: 0]
[alpha: 0.9]
[fair_c: 1]
[poisson_max_delta_step: 0.7]
[tweedie_variance_power: 1.5]
[lambdarank_truncation_level: 30]
[lambdarank_norm: 1]
[label_gain: ]
[lambdarank_position_bias_regularization: 0]
[eval_at: ]
[multi_error_top_k: 1]
[auc_mu_weights: ]
[num_machines: 1]
[local_listen_port: 12400]
[time_out: 120]
[machine_list_filename: ]
[machines: ]
[gpu_platform_id: -1]
[gpu_device_id: -1]
[gpu_use_dp: 0]
[num_gpu: 1]

end of parameters

pandas_categorical:null
